log_id,student_id,job_id,model_version,served_score,offline_score,skew,rank_position,clicked,applied,is_defect,defect_type,user_impact_score,college_tier,region
L000008,S0284,J028,v1.0,0.4014,0.4014,0.0,1,1,0,0,none,0.0,2,rural
L000015,S0144,J018,v1.1,0.7329,0.6235,0.1094,3,0,0,1,false_positive,0.547,2,urban
L000025,S0043,J029,v1.1,0.4423,0.3658,0.0764,5,0,0,0,none,0.296,2,semi_urban
L000036,S0214,J048,v1.2,0.2447,0.1453,0.0995,5,0,0,0,none,0.385,3,urban
L000043,S0133,J037,v1.0,0.3389,0.3389,0.0,2,0,0,0,none,0.0,2,rural
L000048,S0291,J024,v1.2,0.4689,0.4025,0.0664,1,0,0,0,none,0.664,1,urban
L000051,S0086,J010,v1.0,0.3643,0.3643,0.0,1,1,1,1,false_negative,0.0,3,semi_urban
L000064,S0025,J013,v1.1,0.6813,0.6491,0.0322,3,0,0,0,none,0.161,1,semi_urban
L000068,S0264,J040,v1.1,0.6406,0.5594,0.0812,3,0,0,0,none,0.406,3,semi_urban
L000069,S0239,J043,v1.1,0.3651,0.28,0.0851,2,0,0,0,none,0.537,1,rural
L000081,S0003,J011,v1.1,0.0312,0.0,0.0312,3,0,0,0,none,0.156,2,semi_urban
L000090,S0180,J022,v1.1,0.6067,0.5572,0.0495,1,1,0,0,none,0.495,3,urban
L000091,S0008,J038,v1.1,1.0,0.9608,0.1188,3,0,0,1,false_positive,0.196,1,urban
L000111,S0060,J003,v1.0,0.5746,0.5746,0.0,2,1,1,0,none,0.0,2,rural
L000115,S0187,J042,v1.1,0.7928,0.6953,0.0975,4,1,0,0,none,0.42,1,urban
L000118,S0013,J013,v1.2,0.2543,0.2165,0.0378,4,0,0,0,none,0.163,3,urban
L000121,S0290,J004,v1.2,0.5746,0.4975,0.0771,5,0,0,0,none,0.298,3,rural
L000122,S0248,J011,v1.1,0.3782,0.2794,0.0989,3,0,0,0,none,0.494,2,semi_urban
L000131,S0116,J002,v1.2,0.2053,0.1353,0.07,3,0,0,0,none,0.35,3,urban
L000132,S0026,J014,v1.2,0.085,0.0333,0.0517,1,0,0,0,none,0.517,2,rural
L000143,S0164,J006,v1.1,1.0,0.9095,0.0981,4,1,1,0,none,0.39,2,semi_urban
L000147,S0053,J027,v1.2,0.6922,0.6052,0.087,5,0,0,0,none,0.337,2,semi_urban
L000148,S0136,J012,v1.1,0.5526,0.4581,0.0946,1,1,1,0,none,0.945,3,urban
L000152,S0146,J019,v1.0,0.3042,0.3042,0.0,2,1,1,1,false_negative,0.0,2,rural
L000156,S0128,J040,v1.2,0.458,0.3591,0.0989,4,0,0,0,none,0.426,1,urban
L000162,S0064,J003,v1.2,0.8681,0.7771,0.0911,2,0,0,1,false_positive,0.574,2,semi_urban
L000169,S0284,J001,v1.0,0.1575,0.1575,0.0,3,0,0,0,none,0.0,2,rural
L000177,S0230,J036,v1.2,0.3618,0.2974,0.0645,4,0,0,0,none,0.277,1,semi_urban
L000182,S0054,J044,v1.1,0.6433,0.5794,0.0639,2,1,0,0,none,0.403,3,urban
L000185,S0137,J030,v1.0,0.2921,0.2921,0.0,1,0,0,0,none,0.0,2,semi_urban
L000193,S0189,J003,v1.1,0.8082,0.6886,0.1197,2,0,0,1,false_positive,0.755,2,semi_urban
L000194,S0276,J021,v1.2,0.2838,0.1939,0.0898,1,0,0,0,none,0.899,2,rural
L000195,S0252,J029,v1.2,0.1923,0.0894,0.1029,4,0,0,0,none,0.443,2,urban
L000209,S0224,J013,v1.2,0.315,0.248,0.067,2,0,0,0,none,0.423,2,urban
L000217,S0168,J034,v1.1,0.6621,0.6068,0.0553,5,0,0,0,none,0.214,2,urban
L000220,S0021,J042,v1.0,0.5948,0.5948,0.0,2,1,0,0,none,0.0,2,urban
L000224,S0078,J023,v1.1,0.6658,0.5875,0.0783,1,1,0,0,none,0.783,2,urban
L000229,S0293,J022,v1.2,0.5307,0.4561,0.0746,1,1,0,0,none,0.746,1,semi_urban
L000230,S0056,J011,v1.1,0.0371,0.0,0.0371,5,0,0,0,none,0.144,2,semi_urban
L000237,S0256,J024,v1.2,0.3875,0.2824,0.1051,1,0,0,0,none,1.051,3,urban
L000240,S0022,J019,v1.1,0.4357,0.3245,0.1112,4,0,0,0,none,0.479,3,urban
L000242,S0098,J047,v1.2,0.5765,0.5345,0.0421,3,1,0,0,none,0.21,1,urban
L000246,S0183,J032,v1.0,0.6814,0.6814,0.0,3,1,0,0,none,0.0,2,urban
L000251,S0243,J002,v1.1,0.4895,0.4234,0.0661,2,0,0,0,none,0.417,2,rural
L000258,S0116,J022,v1.1,0.1935,0.1133,0.0802,1,0,0,0,none,0.802,3,urban
L000259,S0233,J033,v1.1,0.6191,0.5854,0.0338,2,0,0,0,none,0.213,2,semi_urban
L000260,S0163,J021,v1.2,0.433,0.3565,0.0765,5,0,0,0,none,0.296,1,urban
L000262,S0298,J028,v1.2,0.4707,0.374,0.0966,2,0,0,0,none,0.61,3,rural
L000270,S0090,J002,v1.1,0.5845,0.4926,0.0919,4,0,0,0,none,0.396,1,semi_urban
L000272,S0018,J001,v1.0,0.2962,0.2962,0.0,1,0,0,0,none,0.0,3,urban
L000277,S0083,J036,v1.2,0.3239,0.3109,0.0129,4,0,0,0,none,0.056,1,urban
L000284,S0278,J022,v1.1,0.5692,0.5243,0.0449,3,0,0,0,none,0.225,3,rural
L000288,S0284,J043,v1.2,0.2402,0.1294,0.1108,3,1,0,1,false_negative,0.554,2,rural
L000293,S0120,J018,v1.1,0.3968,0.2469,0.1499,3,0,0,0,none,0.749,2,semi_urban
L000297,S0149,J008,v1.1,0.5776,0.4863,0.0914,3,0,0,0,none,0.456,1,semi_urban
L000301,S0088,J028,v1.0,0.4242,0.4242,0.0,5,0,0,0,none,0.0,1,urban
L000309,S0178,J015,v1.2,0.8002,0.7342,0.066,2,1,1,0,none,0.416,3,semi_urban
L000311,S0198,J031,v1.2,0.6404,0.5233,0.1171,1,0,0,0,none,1.171,1,urban
L000321,S0028,J036,v1.2,0.8562,0.783,0.0732,1,1,0,0,none,0.732,1,semi_urban
L000328,S0011,J035,v1.1,0.6396,0.5892,0.0504,1,1,0,0,none,0.504,3,urban
L000330,S0250,J007,v1.1,0.612,0.5567,0.0553,5,0,0,0,none,0.214,2,urban
L000331,S0000,J033,v1.0,0.6869,0.6869,0.0,5,1,0,0,none,0.0,3,semi_urban
L000332,S0232,J002,v1.2,0.5808,0.4659,0.1149,3,0,0,0,none,0.574,3,urban
L000340,S0026,J002,v1.2,0.4649,0.4195,0.0455,5,0,0,0,none,0.176,2,rural
L000341,S0254,J036,v1.1,0.8934,0.8033,0.0901,1,1,1,0,none,0.901,1,urban
L000357,S0242,J010,v1.2,0.3621,0.2831,0.079,3,0,0,0,none,0.395,1,rural
L000361,S0289,J007,v1.2,0.5485,0.4927,0.0558,5,0,0,0,none,0.216,1,urban
L000363,S0276,J011,v1.0,0.2804,0.2804,0.0,3,0,0,0,none,0.0,2,rural
L000369,S0085,J003,v1.1,0.5382,0.4821,0.0561,2,0,0,0,none,0.354,1,rural
L000372,S0067,J013,v1.2,0.5398,0.445,0.0948,4,1,0,0,none,0.408,2,semi_urban
L000401,S0283,J047,v1.2,0.3315,0.2392,0.0923,3,0,0,0,none,0.462,1,urban
L000404,S0280,J008,v1.1,0.5833,0.4924,0.0909,5,0,0,0,none,0.352,1,urban
L000408,S0024,J029,v1.2,0.5826,0.4486,0.134,2,0,0,0,none,0.845,3,rural
L000421,S0128,J034,v1.1,0.4484,0.3683,0.0801,1,1,1,0,none,0.801,1,urban
L000427,S0098,J045,v1.2,0.5935,0.4919,0.1016,3,1,1,0,none,0.508,1,urban
L000428,S0056,J036,v1.2,0.3954,0.3391,0.0563,3,1,1,1,false_negative,0.281,2,semi_urban
L000435,S0129,J046,v1.2,0.63,0.5479,0.0821,5,0,0,0,none,0.318,2,rural
L000441,S0012,J016,v1.1,0.9478,0.8697,0.078,2,0,0,1,false_positive,0.493,2,urban
L000463,S0214,J008,v1.1,0.2358,0.1469,0.0889,1,1,0,1,false_negative,0.889,3,urban
L000464,S0190,J014,v1.0,0.1406,0.1406,0.0,5,0,0,0,none,0.0,3,semi_urban
L000474,S0027,J018,v1.2,0.4806,0.3646,0.116,4,0,0,0,none,0.5,1,semi_urban
L000476,S0045,J008,v1.2,0.5179,0.497,0.0209,3,0,0,0,none,0.105,3,semi_urban
L000483,S0114,J040,v1.2,0.539,0.4777,0.0613,3,0,0,0,none,0.307,1,urban
L000487,S0080,J023,v1.2,0.6934,0.5993,0.0941,5,0,0,0,none,0.364,2,semi_urban
L000502,S0183,J049,v1.2,1.0,0.9293,0.0794,5,0,0,1,false_positive,0.274,2,urban
L000509,S0074,J002,v1.2,0.4795,0.3888,0.0907,1,1,0,0,none,0.907,1,urban
L000514,S0187,J010,v1.2,0.6391,0.4993,0.1398,3,0,0,0,none,0.699,1,urban
L000518,S0181,J049,v1.2,0.8509,0.805,0.0459,5,0,0,1,false_positive,0.178,3,urban
L000528,S0090,J028,v1.0,0.7927,0.7927,0.0,5,1,0,0,none,0.0,1,semi_urban
L000529,S0295,J032,v1.1,0.8637,0.6855,0.1781,5,0,0,1,false_positive,0.689,3,urban
L000540,S0235,J036,v1.0,0.6097,0.6097,0.0,4,0,0,0,none,0.0,3,urban
L000543,S0186,J015,v1.2,0.6205,0.5877,0.0328,3,0,0,0,none,0.164,2,urban
L000544,S0205,J037,v1.0,0.6738,0.6738,0.0,5,0,0,0,none,0.0,1,semi_urban
L000553,S0115,J047,v1.1,0.5678,0.5046,0.0632,2,0,0,0,none,0.399,3,urban
L000558,S0197,J037,v1.2,0.489,0.3869,0.1021,5,0,0,0,none,0.395,3,semi_urban
L000565,S0238,J023,v1.2,0.6957,0.6083,0.0873,2,1,0,0,none,0.551,1,urban
L000573,S0117,J022,v1.2,0.4954,0.4152,0.0802,1,1,0,0,none,0.802,3,semi_urban
L000575,S0289,J022,v1.1,0.3735,0.282,0.0915,5,0,0,0,none,0.354,1,urban
L000590,S0058,J033,v1.1,0.5924,0.5456,0.0468,4,1,1,0,none,0.202,1,urban
L000595,S0206,J025,v1.2,0.7378,0.6798,0.058,2,1,0,0,none,0.366,1,urban
L000606,S0109,J028,v1.2,0.8056,0.7421,0.0635,1,0,0,1,false_positive,0.635,3,rural
L000607,S0122,J020,v1.2,0.6736,0.6267,0.0468,4,0,0,0,none,0.202,1,urban
L000623,S0097,J049,v1.2,0.9521,0.8549,0.0973,2,0,0,1,false_positive,0.613,1,urban
L000625,S0059,J010,v1.1,0.6069,0.5008,0.1061,4,0,0,0,none,0.457,1,semi_urban
L000627,S0052,J013,v1.1,0.1894,0.1191,0.0704,2,0,0,0,none,0.444,3,semi_urban
L000639,S0204,J043,v1.2,0.3844,0.3562,0.0282,1,0,0,0,none,0.282,1,semi_urban
L000641,S0299,J005,v1.2,0.4677,0.3869,0.0808,5,0,0,0,none,0.313,2,semi_urban
L000645,S0257,J047,v1.2,0.3745,0.2504,0.1241,1,0,0,0,none,1.241,1,urban
L000649,S0036,J043,v1.1,0.4245,0.3458,0.0787,2,0,0,0,none,0.497,1,urban
L000659,S0043,J012,v1.1,0.535,0.4458,0.0892,3,0,0,0,none,0.446,2,semi_urban
L000671,S0086,J041,v1.2,0.463,0.3642,0.0988,1,1,0,0,none,0.988,3,semi_urban
L000685,S0250,J036,v1.0,0.4642,0.4642,0.0,2,0,0,0,none,0.0,2,urban
L000705,S0110,J035,v1.2,0.85,0.7754,0.0745,3,0,0,1,false_positive,0.373,2,semi_urban
L000717,S0213,J021,v1.0,0.0572,0.0572,0.0,4,0,0,0,none,0.0,3,urban
L000730,S0010,J021,v1.1,0.1599,0.0537,0.1062,2,0,0,0,none,0.67,2,urban
L000748,S0032,J019,v1.2,0.7077,0.6427,0.065,4,1,0,0,none,0.28,2,semi_urban
L000750,S0019,J015,v1.1,0.5691,0.4799,0.0892,3,0,0,0,none,0.446,2,rural
L000756,S0182,J037,v1.2,0.4825,0.3668,0.1157,5,0,0,0,none,0.448,2,semi_urban
L000762,S0153,J038,v1.2,0.7949,0.7054,0.0895,5,1,1,0,none,0.346,2,urban
L000767,S0181,J047,v1.1,0.6463,0.5475,0.0987,3,0,0,0,none,0.494,3,urban
L000775,S0210,J048,v1.0,0.3059,0.3059,0.0,3,0,0,0,none,0.0,2,urban
L000777,S0117,J034,v1.2,0.4696,0.4358,0.0338,4,1,0,0,none,0.146,3,semi_urban
L000784,S0063,J016,v1.2,0.4587,0.4089,0.0498,5,0,0,0,none,0.193,3,urban
L000801,S0101,J020,v1.2,0.6909,0.6814,0.0095,5,0,0,0,none,0.037,2,rural
L000804,S0209,J007,v1.2,0.708,0.6709,0.0371,5,0,0,1,false_positive,0.144,2,urban
L000805,S0129,J005,v1.2,0.2511,0.1811,0.07,1,0,0,0,none,0.7,2,rural
L000825,S0035,J035,v1.2,0.4388,0.301,0.1378,3,0,0,0,none,0.689,1,semi_urban
L000835,S0269,J013,v1.2,0.9173,0.8142,0.1031,2,1,0,0,none,0.65,1,semi_urban
L000839,S0216,J008,v1.1,0.4597,0.4391,0.0206,1,0,0,0,none,0.206,1,urban
L000843,S0134,J000,v1.2,0.6544,0.5511,0.1034,5,0,0,0,none,0.4,2,urban
L000849,S0086,J028,v1.2,0.7711,0.6318,0.1392,5,1,0,0,none,0.539,3,semi_urban
L000862,S0044,J011,v1.0,0.1577,0.1577,0.0,1,0,0,0,none,0.0,3,semi_urban
L000880,S0139,J023,v1.2,0.5469,0.4029,0.144,1,1,0,0,none,1.44,1,semi_urban
L000881,S0149,J012,v1.2,0.5907,0.4844,0.1063,5,0,0,0,none,0.411,1,semi_urban
L000884,S0268,J009,v1.1,0.544,0.4902,0.0539,3,1,0,0,none,0.269,1,urban
L000903,S0220,J020,v1.2,0.8293,0.7472,0.0822,1,1,0,0,none,0.821,2,rural
L000904,S0197,J010,v1.2,0.4813,0.4813,-0.0,2,1,0,0,none,0.0,3,semi_urban
L000907,S0230,J038,v1.1,0.5075,0.4389,0.0686,3,0,0,0,none,0.343,1,semi_urban
L000908,S0276,J002,v1.2,0.6023,0.4709,0.1314,3,1,0,0,none,0.657,2,rural
L000916,S0104,J016,v1.0,0.7412,0.7412,0.0,1,1,1,0,none,0.0,3,rural
L000920,S0276,J038,v1.0,0.7555,0.7555,0.0,3,1,0,0,none,0.0,2,rural
L000922,S0159,J047,v1.2,0.5698,0.4754,0.0943,3,0,0,0,none,0.472,3,semi_urban
L000929,S0205,J014,v1.2,0.438,0.3546,0.0834,3,0,0,0,none,0.417,1,semi_urban
L000931,S0050,J033,v1.1,0.9002,0.8731,0.0271,4,1,0,0,none,0.117,1,semi_urban
L000932,S0211,J049,v1.2,0.6864,0.5697,0.1166,1,1,1,0,none,1.167,2,rural
L000934,S0070,J030,v1.2,0.0724,0.0,0.0724,5,0,0,0,none,0.28,1,semi_urban
L000938,S0259,J005,v1.2,0.4197,0.321,0.0987,2,0,0,0,none,0.623,2,urban
L000944,S0145,J022,v1.0,0.1139,0.1139,0.0,1,0,0,0,none,0.0,2,semi_urban
L000945,S0294,J023,v1.2,0.5682,0.4784,0.0897,2,1,0,0,none,0.567,3,urban
L000953,S0053,J013,v1.1,0.7396,0.6404,0.0992,2,0,0,1,false_positive,0.626,2,semi_urban
L000964,S0108,J005,v1.0,0.2547,0.2547,0.0,4,0,0,0,none,0.0,1,urban
L000968,S0064,J027,v1.1,0.5555,0.5347,0.0208,5,0,0,0,none,0.08,2,semi_urban
L000971,S0051,J023,v1.2,0.4987,0.4063,0.0924,1,1,0,0,none,0.924,1,urban
L000974,S0055,J015,v1.2,0.5973,0.4792,0.1181,3,0,0,0,none,0.591,3,semi_urban
L000977,S0127,J013,v1.0,0.5395,0.5395,0.0,5,1,0,0,none,0.0,1,rural
L000983,S0213,J041,v1.1,0.4318,0.3342,0.0976,1,0,0,0,none,0.976,3,urban
L000985,S0000,J048,v1.2,0.7568,0.6682,0.0886,5,1,1,0,none,0.343,3,semi_urban
L000995,S0176,J017,v1.2,0.8416,0.7688,0.0728,3,1,0,0,none,0.364,2,urban
L001006,S0160,J010,v1.1,0.6552,0.5467,0.1085,3,0,0,0,none,0.543,1,semi_urban
L001035,S0085,J044,v1.1,0.3822,0.3028,0.0795,3,1,0,1,false_negative,0.397,1,rural
L001057,S0210,J040,v1.2,0.6658,0.5796,0.0863,4,0,0,0,none,0.371,2,urban
L001062,S0204,J044,v1.1,0.3604,0.3117,0.0487,1,1,1,1,false_negative,0.487,1,semi_urban
L001063,S0026,J010,v1.2,0.3938,0.32,0.0738,5,0,0,0,none,0.285,2,rural
L001065,S0214,J005,v1.0,0.2103,0.2103,0.0,4,0,0,0,none,0.0,3,urban
L001075,S0037,J005,v1.1,0.423,0.3149,0.1081,4,0,0,0,none,0.466,2,semi_urban
L001083,S0175,J010,v1.2,0.4262,0.3293,0.0968,5,0,0,0,none,0.375,1,urban
L001084,S0196,J035,v1.0,0.7397,0.7397,0.0,1,0,0,1,false_positive,0.0,2,urban
L001095,S0016,J035,v1.1,0.3466,0.2813,0.0653,1,1,0,1,false_negative,0.653,2,urban
L001104,S0095,J004,v1.2,0.4712,0.3716,0.0995,2,0,0,0,none,0.628,2,urban
L001106,S0007,J020,v1.2,0.8236,0.7117,0.1119,4,0,0,1,false_positive,0.482,3,semi_urban
L001107,S0285,J000,v1.2,0.6196,0.5383,0.0812,5,0,0,0,none,0.315,2,semi_urban
L001115,S0184,J046,v1.2,0.8349,0.7771,0.0578,1,1,0,0,none,0.578,3,urban
L001117,S0277,J041,v1.0,0.5626,0.5626,0.0,4,0,0,0,none,0.0,2,semi_urban
L001120,S0008,J019,v1.2,0.8934,0.8301,0.0633,2,1,1,0,none,0.399,1,urban
L001122,S0210,J012,v1.2,0.4575,0.4032,0.0543,5,0,0,0,none,0.21,2,urban
L001131,S0058,J041,v1.0,0.3529,0.3529,0.0,2,0,0,0,none,0.0,1,urban
L001136,S0066,J011,v1.1,0.3439,0.2877,0.0562,4,0,0,0,none,0.242,2,semi_urban
L001148,S0028,J035,v1.2,0.6344,0.5577,0.0767,3,0,0,0,none,0.383,1,semi_urban
L001150,S0276,J030,v1.2,0.3434,0.2533,0.0902,1,1,0,1,false_negative,0.901,2,rural
L001154,S0171,J025,v1.1,0.5451,0.4958,0.0493,3,0,0,0,none,0.247,2,urban
L001159,S0211,J039,v1.2,0.286,0.2077,0.0784,2,0,0,0,none,0.494,2,rural
L001161,S0017,J028,v1.2,0.5951,0.4863,0.1088,1,0,0,0,none,1.088,1,semi_urban
L001169,S0090,J015,v1.1,0.6697,0.5963,0.0734,5,0,0,0,none,0.284,1,semi_urban
L001186,S0244,J023,v1.2,0.8722,0.8583,0.0139,3,0,0,1,false_positive,0.07,2,urban
L001193,S0211,J007,v1.2,0.5904,0.514,0.0764,1,0,0,0,none,0.764,2,rural
L001195,S0021,J028,v1.1,0.7415,0.6393,0.1023,1,0,0,1,false_positive,1.022,2,urban
L001196,S0201,J049,v1.1,0.8312,0.766,0.0652,3,0,0,1,false_positive,0.326,3,rural
L001197,S0073,J001,v1.2,0.708,0.6253,0.0827,1,1,1,0,none,0.827,1,urban
L001205,S0014,J038,v1.1,0.8242,0.7831,0.041,2,1,0,0,none,0.259,2,urban
L001207,S0210,J024,v1.1,0.4448,0.349,0.0958,5,0,0,0,none,0.371,2,urban
L001209,S0201,J001,v1.1,0.4474,0.4107,0.0367,2,1,0,0,none,0.232,3,rural
L001221,S0071,J028,v1.1,0.8059,0.6638,0.1421,5,0,0,1,false_positive,0.55,2,urban
L001222,S0020,J043,v1.1,0.559,0.5146,0.0444,1,0,0,0,none,0.444,3,rural
L001232,S0063,J016,v1.1,0.4215,0.3229,0.0986,4,0,0,0,none,0.425,3,urban
L001237,S0013,J002,v1.0,0.203,0.203,0.0,2,0,0,0,none,0.0,3,urban
L001238,S0281,J029,v1.2,0.2884,0.1909,0.0975,1,0,0,0,none,0.975,1,semi_urban
L001241,S0241,J002,v1.1,0.6161,0.5581,0.058,4,0,0,0,none,0.25,3,semi_urban
L001247,S0010,J011,v1.1,0.235,0.1363,0.0988,2,0,0,0,none,0.623,2,urban
L001265,S0166,J017,v1.2,0.2088,0.1574,0.0514,2,0,0,0,none,0.324,3,semi_urban
L001266,S0230,J022,v1.0,0.2523,0.2523,0.0,5,1,0,1,false_negative,0.0,1,semi_urban
L001267,S0164,J046,v1.2,1.0,0.9506,0.1013,1,1,0,0,none,0.494,2,semi_urban
L001274,S0188,J009,v1.0,0.2579,0.2579,0.0,4,0,0,0,none,0.0,3,semi_urban
L001277,S0281,J022,v1.1,0.2661,0.1452,0.1208,1,0,0,0,none,1.209,1,semi_urban
L001278,S0077,J000,v1.2,0.651,0.5916,0.0594,2,1,0,0,none,0.375,2,urban
L001282,S0148,J034,v1.0,0.7963,0.7963,0.0,4,0,0,1,false_positive,0.0,2,urban
L001285,S0166,J040,v1.1,0.4667,0.3211,0.1456,2,0,0,0,none,0.919,3,semi_urban
L001297,S0239,J016,v1.2,0.5424,0.4826,0.0598,2,1,0,0,none,0.377,1,rural
L001302,S0068,J046,v1.0,0.6699,0.6699,0.0,3,1,0,0,none,0.0,1,urban
L001314,S0200,J033,v1.2,0.6929,0.5992,0.0936,1,1,0,0,none,0.937,3,semi_urban
L001322,S0203,J025,v1.2,0.5355,0.4016,0.1339,1,0,0,0,none,1.339,1,semi_urban
L001325,S0123,J007,v1.0,0.8734,0.8734,0.0,2,1,0,0,none,0.0,2,urban
L001326,S0238,J042,v1.2,0.7463,0.6655,0.0808,3,0,0,1,false_positive,0.404,1,urban
L001336,S0043,J009,v1.0,0.4872,0.4872,0.0,1,0,0,0,none,0.0,2,semi_urban
L001342,S0182,J001,v1.2,0.5203,0.4563,0.064,3,0,0,0,none,0.32,2,semi_urban
L001346,S0002,J032,v1.1,0.6778,0.5949,0.0829,1,0,0,0,none,0.829,3,semi_urban
L001350,S0009,J014,v1.0,0.0,0.0,0.0,1,0,0,0,none,0.0,2,urban
L001356,S0239,J012,v1.1,0.4887,0.4029,0.0858,3,0,0,0,none,0.429,1,rural
L001386,S0141,J005,v1.0,0.341,0.341,0.0,5,0,0,0,none,0.0,2,urban
L001402,S0277,J009,v1.2,0.5702,0.5035,0.0667,5,0,0,0,none,0.258,2,semi_urban
L001413,S0065,J020,v1.2,0.9326,0.8321,0.1005,3,1,0,0,none,0.503,2,urban
L001433,S0050,J019,v1.0,0.8209,0.8209,0.0,4,0,0,1,false_positive,0.0,1,semi_urban
L001434,S0270,J043,v1.1,0.4061,0.4017,0.0044,4,0,0,0,none,0.019,1,urban
L001438,S0081,J022,v1.2,0.7343,0.6568,0.0775,5,1,0,0,none,0.3,2,rural
L001440,S0042,J017,v1.1,0.6962,0.6513,0.0449,3,0,0,0,none,0.225,3,rural
L001441,S0015,J019,v1.2,0.7963,0.7342,0.0621,4,0,0,1,false_positive,0.267,1,urban
L001451,S0110,J034,v1.2,0.8859,0.8044,0.0815,2,1,0,0,none,0.514,2,semi_urban
L001453,S0111,J042,v1.1,0.7225,0.6055,0.117,4,0,0,1,false_positive,0.504,1,semi_urban
L001454,S0210,J016,v1.1,0.6755,0.5699,0.1056,3,0,0,0,none,0.528,2,urban
L001461,S0263,J042,v1.0,1.0,1.0,0.0,2,0,0,1,false_positive,0.0,1,semi_urban
L001470,S0114,J021,v1.0,0.2058,0.2058,0.0,2,0,0,0,none,0.0,1,urban
L001479,S0093,J043,v1.0,0.5109,0.5109,0.0,4,0,0,0,none,0.0,2,semi_urban
L001484,S0207,J002,v1.2,0.622,0.556,0.066,3,1,0,0,none,0.33,2,rural
L001486,S0125,J033,v1.2,0.4966,0.3538,0.1428,4,0,0,0,none,0.615,2,rural
L001496,S0156,J014,v1.1,0.174,0.1281,0.046,5,0,0,0,none,0.178,2,rural
L001505,S0244,J042,v1.1,0.9243,0.8603,0.0641,3,0,0,1,false_positive,0.32,2,urban
L001519,S0276,J048,v1.0,0.4628,0.4628,0.0,4,0,0,0,none,0.0,2,rural
L001522,S0091,J021,v1.0,0.094,0.094,0.0,5,0,0,0,none,0.0,2,urban
L001530,S0220,J043,v1.2,0.6271,0.5406,0.0864,3,0,0,0,none,0.433,2,rural
L001532,S0249,J018,v1.2,0.4766,0.4214,0.0552,3,0,0,0,none,0.276,2,urban
L001536,S0165,J041,v1.0,0.2608,0.2608,0.0,3,0,0,0,none,0.0,2,semi_urban
L001537,S0094,J039,v1.1,0.5482,0.4883,0.0598,2,0,0,0,none,0.378,2,urban
L001539,S0162,J005,v1.0,0.065,0.065,0.0,4,0,0,0,none,0.0,1,rural
L001556,S0115,J044,v1.2,0.5597,0.451,0.1087,1,1,0,0,none,1.087,3,urban
L001561,S0057,J019,v1.1,0.6246,0.5249,0.0997,3,0,0,0,none,0.499,2,semi_urban
L001565,S0167,J034,v1.1,0.6271,0.5408,0.0863,3,0,0,0,none,0.432,3,rural
L001577,S0226,J005,v1.2,0.529,0.4363,0.0927,4,0,0,0,none,0.399,1,rural
L001581,S0032,J027,v1.2,0.6314,0.5532,0.0782,1,0,0,0,none,0.782,2,semi_urban
L001583,S0118,J008,v1.1,0.3135,0.2435,0.0699,4,0,0,0,none,0.301,2,urban
L001585,S0011,J012,v1.2,0.6031,0.4828,0.1203,3,0,0,0,none,0.601,3,urban
L001599,S0124,J048,v1.2,0.4803,0.4062,0.0741,2,0,0,0,none,0.468,1,semi_urban
L001603,S0054,J032,v1.2,1.0,0.936,0.0981,3,1,1,0,none,0.32,3,urban
L001609,S0259,J029,v1.0,0.483,0.483,0.0,4,0,0,0,none,0.0,2,urban
L001619,S0241,J026,v1.1,0.7155,0.652,0.0635,5,0,0,1,false_positive,0.246,3,semi_urban
L001628,S0005,J012,v1.2,0.414,0.398,0.016,2,0,0,0,none,0.101,3,urban
L001630,S0162,J014,v1.1,0.0991,0.0,0.0991,4,0,0,0,none,0.427,1,rural
L001631,S0151,J020,v1.1,0.548,0.4484,0.0996,1,0,0,0,none,0.996,3,rural
L001632,S0177,J012,v1.2,0.8018,0.7295,0.0723,2,0,0,1,false_positive,0.456,3,semi_urban
L001635,S0160,J030,v1.2,0.4917,0.383,0.1086,4,0,0,0,none,0.468,1,semi_urban
L001649,S0257,J022,v1.1,0.4868,0.4062,0.0806,1,0,0,0,none,0.806,1,urban
L001654,S0020,J017,v1.1,0.5588,0.4854,0.0734,5,1,1,0,none,0.284,3,rural
L001660,S0183,J004,v1.1,0.7488,0.6905,0.0583,2,1,1,0,none,0.368,2,urban
L001662,S0149,J015,v1.2,0.597,0.5411,0.0559,4,0,0,0,none,0.241,1,semi_urban
L001663,S0048,J009,v1.1,0.5377,0.4207,0.117,4,0,0,0,none,0.504,2,semi_urban
L001670,S0100,J049,v1.2,0.7769,0.7111,0.0659,3,0,0,1,false_positive,0.329,3,urban
L001678,S0286,J032,v1.0,0.5543,0.5543,0.0,3,0,0,0,none,0.0,1,urban
L001690,S0236,J038,v1.1,0.7407,0.6756,0.0651,3,0,0,1,false_positive,0.326,2,semi_urban
L001693,S0276,J020,v1.2,0.7793,0.6945,0.0848,4,0,0,1,false_positive,0.365,2,rural
L001700,S0242,J036,v1.0,0.3728,0.3728,0.0,5,0,0,0,none,0.0,1,rural
L001703,S0174,J042,v1.0,0.6213,0.6213,0.0,4,0,0,0,none,0.0,1,urban
L001714,S0291,J018,v1.1,0.4298,0.336,0.0938,3,0,0,0,none,0.469,1,urban
L001732,S0048,J019,v1.1,0.5421,0.4969,0.0453,5,0,0,0,none,0.175,2,semi_urban
L001743,S0237,J049,v1.2,0.6568,0.5604,0.0964,5,0,0,0,none,0.373,3,urban
L001747,S0110,J004,v1.0,0.7153,0.7153,0.0,3,0,0,1,false_positive,0.0,2,semi_urban
L001758,S0076,J034,v1.2,0.5426,0.4483,0.0943,5,0,0,0,none,0.365,2,rural
L001760,S0240,J005,v1.2,0.576,0.4584,0.1176,2,0,0,0,none,0.742,3,rural
L001763,S0135,J014,v1.2,0.1732,0.0353,0.1378,5,0,0,0,none,0.533,1,urban
L001765,S0093,J029,v1.0,0.5548,0.5548,0.0,3,0,0,0,none,0.0,2,semi_urban
L001775,S0169,J004,v1.1,0.8996,0.7959,0.1037,4,1,0,0,none,0.447,3,semi_urban
L001784,S0018,J009,v1.2,0.5489,0.4488,0.1001,3,0,0,0,none,0.501,3,urban
L001790,S0179,J011,v1.1,0.27,0.1892,0.0808,4,0,0,0,none,0.348,3,urban
L001801,S0119,J023,v1.2,0.3133,0.2674,0.0458,3,0,0,0,none,0.229,2,rural
L001803,S0250,J033,v1.1,0.6131,0.5892,0.0239,2,0,0,0,none,0.151,2,urban
L001807,S0116,J026,v1.0,0.1929,0.1929,0.0,1,0,0,0,none,0.0,3,urban
L001816,S0085,J007,v1.2,0.5629,0.4982,0.0647,3,0,0,0,none,0.323,1,rural
L001825,S0075,J010,v1.1,0.6871,0.6372,0.0499,4,0,0,0,none,0.215,2,urban
L001828,S0130,J031,v1.1,0.6155,0.5153,0.1002,4,0,0,0,none,0.432,1,rural
L001830,S0262,J011,v1.0,0.2331,0.2331,0.0,4,0,0,0,none,0.0,2,rural
L001833,S0005,J028,v1.2,0.7187,0.596,0.1227,2,1,0,0,none,0.774,3,urban
L001835,S0250,J035,v1.2,0.5634,0.5207,0.0428,4,1,0,0,none,0.184,2,urban
L001849,S0140,J043,v1.2,0.56,0.481,0.079,1,1,0,0,none,0.79,2,rural
L001852,S0056,J004,v1.1,0.3132,0.2586,0.0545,4,0,0,0,none,0.235,2,semi_urban
L001863,S0203,J004,v1.1,0.5743,0.4971,0.0772,1,0,0,0,none,0.772,1,semi_urban
L001866,S0061,J019,v1.0,0.6347,0.6347,0.0,5,0,0,0,none,0.0,2,urban
L001869,S0278,J002,v1.0,0.5751,0.5751,0.0,1,1,1,0,none,0.0,3,rural
L001875,S0223,J020,v1.1,0.555,0.4889,0.0662,1,0,0,0,none,0.661,3,semi_urban
L001882,S0091,J049,v1.2,0.7615,0.6892,0.0723,2,1,1,0,none,0.456,2,urban
L001884,S0089,J044,v1.1,0.2337,0.2009,0.0328,2,0,0,0,none,0.207,2,rural
L001895,S0071,J010,v1.0,0.5646,0.5646,0.0,2,0,0,0,none,0.0,2,urban
L001919,S0117,J025,v1.2,0.5076,0.4192,0.0884,2,1,0,0,none,0.558,3,semi_urban
L001920,S0056,J040,v1.2,0.312,0.2209,0.0911,3,0,0,0,none,0.455,2,semi_urban
L001922,S0088,J007,v1.1,0.4727,0.4078,0.0649,3,0,0,0,none,0.325,1,urban
L001924,S0296,J005,v1.1,0.4693,0.378,0.0913,5,0,0,0,none,0.353,3,semi_urban
L001925,S0119,J020,v1.1,0.4169,0.3277,0.0892,5,0,0,0,none,0.345,2,rural
L001937,S0032,J049,v1.0,0.8133,0.8133,0.0,5,0,0,1,false_positive,0.0,2,semi_urban
L001948,S0143,J016,v1.1,0.7677,0.6558,0.112,2,0,0,1,false_positive,0.706,2,urban
L001949,S0031,J035,v1.1,0.2595,0.1997,0.0599,4,0,0,0,none,0.258,3,urban
L001959,S0131,J037,v1.1,0.4486,0.3699,0.0787,3,0,0,0,none,0.393,3,semi_urban
L001967,S0197,J034,v1.1,0.5743,0.5239,0.0504,1,1,0,0,none,0.504,3,semi_urban
L001979,S0113,J027,v1.1,0.5176,0.4894,0.0282,3,0,0,0,none,0.141,2,rural
L001988,S0204,J026,v1.1,0.6369,0.56,0.077,5,0,0,0,none,0.297,1,semi_urban
L001990,S0173,J018,v1.0,0.4068,0.4068,0.0,1,1,1,0,none,0.0,3,urban
L001998,S0071,J046,v1.0,0.779,0.779,0.0,3,1,1,0,none,0.0,2,urban
L002008,S0089,J031,v1.0,0.1646,0.1646,0.0,2,0,0,0,none,0.0,2,rural
L002012,S0017,J044,v1.2,0.1649,0.08,0.0849,3,0,0,0,none,0.424,1,semi_urban
L002014,S0111,J019,v1.2,0.6369,0.5379,0.099,5,0,0,0,none,0.383,1,semi_urban
L002017,S0070,J044,v1.1,0.2077,0.1656,0.042,2,0,0,0,none,0.266,1,semi_urban
L002018,S0256,J027,v1.0,0.3893,0.3893,0.0,4,0,0,0,none,0.0,3,urban
L002021,S0074,J025,v1.1,0.4691,0.4308,0.0384,4,1,1,0,none,0.165,1,urban
L002023,S0136,J012,v1.2,0.3573,0.3114,0.0459,4,1,0,1,false_negative,0.198,3,urban
L002031,S0287,J027,v1.2,0.2622,0.1803,0.0819,4,0,0,0,none,0.353,2,urban
L002035,S0200,J008,v1.0,0.5199,0.5199,0.0,4,0,0,0,none,0.0,3,semi_urban
L002045,S0098,J035,v1.2,0.7578,0.6736,0.0843,4,0,0,1,false_positive,0.363,1,urban
L002050,S0245,J001,v1.2,0.2066,0.1823,0.0243,1,0,0,0,none,0.243,3,urban
L002051,S0192,J039,v1.2,0.7146,0.6735,0.041,4,0,0,1,false_positive,0.177,1,semi_urban
L002081,S0106,J021,v1.2,0.1783,0.1271,0.0512,4,0,0,0,none,0.221,2,urban
L002085,S0091,J033,v1.1,0.6192,0.5612,0.058,2,1,0,0,none,0.366,2,urban
L002094,S0192,J002,v1.0,0.7967,0.7967,0.0,3,1,1,0,none,0.0,1,semi_urban
L002111,S0249,J012,v1.1,0.4931,0.4417,0.0514,4,1,0,0,none,0.221,2,urban
L002115,S0214,J033,v1.1,0.4043,0.3741,0.0302,4,1,0,0,none,0.13,3,urban
L002126,S0021,J029,v1.2,0.7043,0.5997,0.1046,1,0,0,1,false_positive,1.046,2,urban
L002133,S0245,J048,v1.2,0.416,0.3456,0.0704,2,0,0,0,none,0.444,3,urban
L002136,S0129,J024,v1.2,0.3704,0.3005,0.0699,1,0,0,0,none,0.699,2,rural
L002140,S0045,J019,v1.1,0.7801,0.6974,0.0827,3,0,0,1,false_positive,0.414,3,semi_urban
L002141,S0218,J020,v1.2,0.774,0.638,0.136,3,0,0,1,false_positive,0.68,3,urban
L002161,S0128,J024,v1.0,0.3058,0.3058,0.0,5,1,0,1,false_negative,0.0,1,urban
L002162,S0161,J028,v1.0,0.5149,0.5149,0.0,1,0,0,0,none,0.0,3,urban
L002168,S0197,J016,v1.2,0.6463,0.6237,0.0226,1,1,1,0,none,0.226,3,semi_urban
L002177,S0199,J006,v1.1,0.6082,0.5447,0.0635,2,0,0,0,none,0.401,2,semi_urban
L002178,S0186,J010,v1.2,0.6172,0.5786,0.0386,3,1,0,0,none,0.193,2,urban
L002180,S0149,J033,v1.1,0.7073,0.648,0.0593,5,1,0,0,none,0.229,1,semi_urban
L002199,S0026,J007,v1.1,0.5967,0.5525,0.0441,1,0,0,0,none,0.442,2,rural
L002203,S0060,J027,v1.2,0.3507,0.2946,0.056,2,0,0,0,none,0.354,2,rural
L002205,S0081,J003,v1.2,0.8822,0.7955,0.0866,2,0,0,1,false_positive,0.547,2,rural
L002213,S0160,J041,v1.0,0.5348,0.5348,0.0,4,0,0,0,none,0.0,1,semi_urban
L002215,S0173,J035,v1.2,0.6041,0.5615,0.0425,5,0,0,0,none,0.165,3,urban
L002224,S0053,J001,v1.1,0.6632,0.5628,0.1004,4,1,1,0,none,0.432,2,semi_urban
L002233,S0086,J031,v1.2,0.3774,0.3519,0.0255,3,0,0,0,none,0.128,3,semi_urban
L002242,S0231,J032,v1.0,0.5474,0.5474,0.0,2,0,0,0,none,0.0,2,semi_urban
L002245,S0068,J041,v1.1,0.5654,0.4767,0.0887,5,0,0,0,none,0.343,1,urban
L002254,S0034,J039,v1.1,0.4827,0.4056,0.0771,5,0,0,0,none,0.298,2,urban
L002264,S0106,J013,v1.2,0.4094,0.3479,0.0614,3,0,0,0,none,0.308,2,urban
L002265,S0192,J006,v1.2,1.0,1.0,0.0713,3,0,0,1,false_positive,0.0,1,semi_urban
L002266,S0024,J017,v1.2,0.4662,0.4025,0.0637,2,0,0,0,none,0.402,3,rural
L002272,S0159,J012,v1.2,0.6669,0.5874,0.0795,3,0,0,0,none,0.398,3,semi_urban
L002274,S0016,J029,v1.1,0.4095,0.3229,0.0866,5,0,0,0,none,0.335,2,urban
L002288,S0072,J010,v1.1,0.442,0.372,0.07,5,0,0,0,none,0.271,3,urban
L002299,S0110,J013,v1.1,0.7918,0.7343,0.0575,5,1,0,0,none,0.222,2,semi_urban
L002305,S0227,J007,v1.2,0.9172,0.8196,0.0976,3,0,0,1,false_positive,0.488,2,rural
L002323,S0144,J025,v1.2,0.7428,0.6522,0.0905,3,0,0,1,false_positive,0.453,2,urban
L002369,S0101,J035,v1.1,0.6241,0.535,0.0891,5,0,0,0,none,0.345,2,rural
L002370,S0051,J032,v1.2,0.562,0.5008,0.0612,1,0,0,0,none,0.612,1,urban
L002375,S0201,J015,v1.2,0.6011,0.4996,0.1015,1,1,0,0,none,1.015,3,rural
L002382,S0293,J012,v1.2,0.5076,0.4705,0.0371,4,1,0,0,none,0.16,1,semi_urban
L002386,S0279,J039,v1.1,0.3957,0.3558,0.0399,1,0,0,0,none,0.399,3,urban
L002388,S0204,J002,v1.2,0.6137,0.4559,0.1577,4,1,1,0,none,0.68,1,semi_urban
L002389,S0130,J025,v1.1,0.7028,0.6391,0.0637,4,0,0,1,false_positive,0.274,1,rural
L002390,S0009,J003,v1.2,0.6775,0.5993,0.0782,2,1,0,0,none,0.493,2,urban
L002392,S0161,J031,v1.2,0.3321,0.2056,0.1266,5,0,0,0,none,0.489,3,urban
L002398,S0185,J018,v1.1,0.6786,0.5859,0.0927,2,0,0,0,none,0.585,2,urban
L002410,S0064,J041,v1.0,0.4904,0.4904,0.0,5,0,0,0,none,0.0,2,semi_urban
L002421,S0222,J023,v1.2,0.6673,0.5962,0.071,5,0,0,0,none,0.275,2,urban
L002426,S0029,J026,v1.1,0.7437,0.6197,0.1239,5,0,0,1,false_positive,0.48,2,urban
L002430,S0056,J007,v1.2,0.4099,0.3353,0.0745,4,0,0,0,none,0.321,2,semi_urban
L002433,S0210,J016,v1.1,0.4838,0.4887,-0.0049,4,0,0,0,none,0.021,2,urban
L002436,S0264,J004,v1.2,0.6137,0.5378,0.0758,5,0,0,0,none,0.294,3,semi_urban
L002447,S0041,J030,v1.2,0.174,0.0522,0.1218,2,0,0,0,none,0.768,3,rural
L002448,S0071,J024,v1.1,0.5924,0.4799,0.1125,5,0,0,0,none,0.435,2,urban
L002452,S0216,J016,v1.1,0.7082,0.5744,0.1338,5,0,0,1,false_positive,0.518,1,urban
L002456,S0046,J019,v1.0,0.4683,0.4683,0.0,1,1,0,0,none,0.0,2,rural
L002457,S0112,J025,v1.2,0.552,0.4636,0.0884,1,0,0,0,none,0.884,2,urban
L002471,S0278,J049,v1.2,0.8004,0.696,0.1044,3,1,0,0,none,0.522,3,rural
L002474,S0169,J026,v1.2,0.9005,0.8225,0.078,5,1,0,0,none,0.302,3,semi_urban
L002485,S0233,J015,v1.2,0.5199,0.4412,0.0787,2,1,0,0,none,0.497,2,semi_urban
L002489,S0280,J008,v1.2,0.6153,0.5203,0.095,4,0,0,0,none,0.409,1,urban
L002490,S0017,J035,v1.0,0.423,0.423,0.0,5,0,0,0,none,0.0,1,semi_urban
L002499,S0102,J032,v1.0,0.6102,0.6102,0.0,3,1,0,0,none,0.0,2,semi_urban
L002502,S0191,J037,v1.0,0.1863,0.1863,0.0,4,0,0,0,none,0.0,1,semi_urban
L002503,S0255,J009,v1.1,0.377,0.2657,0.1113,3,0,0,0,none,0.556,3,urban
L002504,S0009,J022,v1.1,0.4316,0.2869,0.1447,1,0,0,0,none,1.447,2,urban
L002521,S0241,J037,v1.2,0.5281,0.4176,0.1105,2,1,0,0,none,0.697,3,semi_urban
L002523,S0007,J010,v1.2,0.5887,0.5176,0.0711,5,0,0,0,none,0.275,3,semi_urban
L002524,S0035,J004,v1.2,0.4237,0.362,0.0617,4,0,0,0,none,0.266,1,semi_urban
L002525,S0207,J025,v1.1,0.6337,0.5435,0.0902,5,0,0,0,none,0.349,2,rural
L002528,S0192,J040,v1.0,0.7842,0.7842,0.0,4,0,0,1,false_positive,0.0,1,semi_urban
L002539,S0296,J035,v1.1,0.6166,0.544,0.0726,1,1,1,0,none,0.726,3,semi_urban
L002549,S0249,J003,v1.2,0.763,0.6795,0.0835,3,0,0,1,false_positive,0.418,2,urban
L002551,S0063,J047,v1.0,0.2227,0.2227,0.0,1,0,0,0,none,0.0,3,urban
L002566,S0224,J029,v1.2,0.388,0.3074,0.0806,2,0,0,0,none,0.509,2,urban
L002572,S0014,J002,v1.2,0.5094,0.4045,0.1049,1,0,0,0,none,1.049,2,urban
L002573,S0110,J047,v1.2,0.6355,0.5701,0.0655,5,0,0,0,none,0.253,2,semi_urban
L002577,S0290,J037,v1.1,0.3569,0.321,0.0359,1,0,0,0,none,0.359,3,rural
L002579,S0164,J001,v1.2,0.5925,0.5404,0.0521,4,0,0,0,none,0.224,2,semi_urban
L002593,S0179,J000,v1.1,0.402,0.3454,0.0565,2,0,0,0,none,0.357,3,urban
L002601,S0289,J008,v1.1,0.2081,0.1312,0.0768,5,0,0,0,none,0.297,1,urban
L002605,S0165,J043,v1.1,0.1926,0.1117,0.0809,5,0,0,0,none,0.313,2,semi_urban
L002614,S0074,J043,v1.2,0.3692,0.3103,0.0589,4,0,0,0,none,0.254,1,urban
L002625,S0098,J049,v1.2,0.8761,0.7852,0.0909,4,0,0,1,false_positive,0.391,1,urban
L002627,S0115,J002,v1.0,0.618,0.618,0.0,3,0,0,0,none,0.0,3,urban
L002635,S0127,J017,v1.2,0.6443,0.5151,0.1291,3,0,0,0,none,0.646,1,rural
L002640,S0222,J013,v1.0,0.4284,0.4284,0.0,5,0,0,0,none,0.0,2,urban
L002658,S0071,J007,v1.0,0.5599,0.5599,0.0,2,0,0,0,none,0.0,2,urban
L002661,S0098,J023,v1.2,0.621,0.6008,0.0202,4,0,0,0,none,0.087,1,urban
L002673,S0086,J049,v1.0,0.55,0.55,0.0,3,0,0,0,none,0.0,3,semi_urban
L002680,S0146,J025,v1.1,0.4127,0.3379,0.0748,3,0,0,0,none,0.374,2,rural
L002687,S0156,J044,v1.2,0.291,0.2601,0.0308,4,0,0,0,none,0.133,2,rural
L002697,S0097,J035,v1.2,0.7424,0.6679,0.0745,4,0,0,1,false_positive,0.321,1,urban
L002709,S0147,J029,v1.2,0.3712,0.2921,0.0791,3,1,1,1,false_negative,0.395,2,semi_urban
L002715,S0061,J017,v1.0,0.4944,0.4944,0.0,5,0,0,0,none,0.0,2,urban
L002731,S0125,J035,v1.1,0.3893,0.3195,0.0698,2,0,0,0,none,0.44,2,rural
L002735,S0106,J004,v1.1,0.4666,0.3965,0.0701,4,0,0,0,none,0.302,2,urban
L002737,S0144,J046,v1.0,0.8142,0.8142,0.0,1,1,1,0,none,0.0,2,urban
L002738,S0246,J027,v1.2,0.1725,0.1145,0.058,3,0,0,0,none,0.29,2,urban
L002753,S0232,J041,v1.1,0.5023,0.4767,0.0256,4,0,0,0,none,0.11,3,urban
L002754,S0220,J033,v1.1,0.8824,0.7885,0.0939,5,1,1,0,none,0.363,2,rural
L002760,S0245,J042,v1.1,0.5861,0.5098,0.0763,1,1,1,0,none,0.763,3,urban
L002764,S0216,J046,v1.0,0.8413,0.8413,0.0,4,1,1,0,none,0.0,1,urban
L002775,S0129,J046,v1.1,0.6327,0.5579,0.0747,3,0,0,0,none,0.374,2,rural
L002783,S0210,J032,v1.1,0.6402,0.5694,0.0708,2,1,0,0,none,0.447,2,urban
L002789,S0296,J011,v1.1,0.2789,0.2461,0.0328,5,0,0,0,none,0.127,3,semi_urban
L002800,S0086,J045,v1.2,0.4248,0.3294,0.0954,5,0,0,0,none,0.369,3,semi_urban
L002802,S0159,J011,v1.1,0.3809,0.3552,0.0258,1,0,0,0,none,0.257,3,semi_urban
L002817,S0028,J034,v1.1,0.8212,0.692,0.1292,2,0,0,1,false_positive,0.815,1,semi_urban
L002827,S0173,J036,v1.1,0.6813,0.5536,0.1278,2,0,0,0,none,0.806,3,urban
L002841,S0226,J012,v1.2,0.58,0.5041,0.0759,5,0,0,0,none,0.294,1,rural
L002844,S0202,J015,v1.0,0.2971,0.2971,0.0,3,0,0,0,none,0.0,2,rural
L002848,S0196,J034,v1.0,0.7297,0.7297,0.0,5,0,0,1,false_positive,0.0,2,urban
L002851,S0239,J044,v1.0,0.2983,0.2983,0.0,3,0,0,0,none,0.0,1,rural
L002857,S0253,J011,v1.1,0.4438,0.2947,0.1491,1,0,0,0,none,1.491,1,rural
L002859,S0100,J010,v1.0,0.4965,0.4965,0.0,3,0,0,0,none,0.0,3,urban
L002861,S0145,J033,v1.0,0.2774,0.2774,0.0,3,0,0,0,none,0.0,2,semi_urban
L002863,S0241,J040,v1.1,0.626,0.5772,0.0488,3,0,0,0,none,0.244,3,semi_urban
L002864,S0036,J001,v1.1,0.5555,0.4972,0.0582,4,0,0,0,none,0.251,1,urban
L002865,S0141,J014,v1.2,0.2711,0.1408,0.1304,1,0,0,0,none,1.303,2,urban
L002880,S0251,J003,v1.1,0.934,0.8815,0.0525,1,1,0,0,none,0.525,3,urban
L002882,S0043,J008,v1.0,0.341,0.341,0.0,4,0,0,0,none,0.0,2,semi_urban
L002897,S0056,J041,v1.0,0.1335,0.1335,0.0,1,0,0,0,none,0.0,2,semi_urban
L002914,S0006,J031,v1.1,0.2864,0.2443,0.0421,4,0,0,0,none,0.181,3,urban
L002925,S0298,J036,v1.2,0.3509,0.2929,0.0579,2,0,0,0,none,0.366,3,rural
L002933,S0140,J016,v1.2,0.7373,0.7059,0.0314,2,1,1,0,none,0.198,2,rural
L002939,S0219,J010,v1.1,0.677,0.5774,0.0996,5,0,0,0,none,0.385,2,rural
L002940,S0255,J010,v1.2,0.3241,0.24,0.0841,5,0,0,0,none,0.325,3,urban
L002949,S0234,J023,v1.1,0.6038,0.5514,0.0524,2,0,0,0,none,0.331,3,urban
L002957,S0289,J010,v1.0,0.2658,0.2658,0.0,2,0,0,0,none,0.0,1,urban
L002959,S0135,J028,v1.2,0.6568,0.5475,0.1093,4,1,0,0,none,0.471,1,urban
L002962,S0181,J033,v1.1,0.7771,0.6979,0.0791,5,1,1,0,none,0.306,3,urban
L002963,S0255,J028,v1.1,0.6052,0.5711,0.0341,2,0,0,0,none,0.215,3,urban
L002964,S0226,J035,v1.2,0.6692,0.589,0.0803,4,1,0,0,none,0.345,1,rural
L002975,S0225,J038,v1.2,0.9857,0.8674,0.1182,5,1,1,0,none,0.458,3,urban
L002980,S0076,J017,v1.2,0.4304,0.302,0.1284,4,0,0,0,none,0.553,2,rural
L002983,S0180,J011,v1.1,0.4899,0.4365,0.0534,4,0,0,0,none,0.23,3,urban
L002992,S0166,J025,v1.2,0.3617,0.2968,0.065,2,0,0,0,none,0.409,3,semi_urban
L002997,S0010,J004,v1.0,0.4176,0.4176,0.0,2,1,0,0,none,0.0,2,urban
L002998,S0291,J019,v1.1,0.6443,0.5317,0.1126,4,0,0,0,none,0.485,1,urban
L003003,S0100,J009,v1.0,0.4833,0.4833,0.0,4,1,1,0,none,0.0,3,urban
L003008,S0060,J033,v1.2,0.6007,0.5263,0.0744,5,0,0,0,none,0.288,2,rural
L003010,S0129,J048,v1.1,0.2975,0.1853,0.1122,5,0,0,0,none,0.434,2,rural
L003020,S0110,J029,v1.2,0.7743,0.6639,0.1104,1,1,0,0,none,1.104,2,semi_urban
L003042,S0198,J049,v1.1,0.7677,0.6869,0.0808,3,0,0,1,false_positive,0.404,1,urban
L003048,S0122,J004,v1.1,0.5142,0.3914,0.1227,3,0,0,0,none,0.614,1,urban
L003052,S0066,J003,v1.1,0.7769,0.6799,0.0971,1,1,0,0,none,0.97,2,semi_urban
L003053,S0155,J026,v1.2,0.7989,0.6957,0.1032,5,0,0,1,false_positive,0.399,2,urban
L003055,S0209,J040,v1.0,0.6134,0.6134,0.0,3,1,0,0,none,0.0,2,urban
L003061,S0134,J001,v1.1,0.6075,0.4858,0.1216,4,0,0,0,none,0.524,2,urban
L003064,S0131,J013,v1.2,0.4389,0.3679,0.0711,4,0,0,0,none,0.306,3,semi_urban
L003085,S0004,J047,v1.2,0.2678,0.197,0.0709,4,0,0,0,none,0.305,1,rural
L003086,S0229,J022,v1.2,0.5568,0.4452,0.1115,4,0,0,0,none,0.481,1,urban
L003087,S0216,J020,v1.0,0.6719,0.6719,0.0,1,1,1,0,none,0.0,1,urban
L003111,S0195,J006,v1.2,0.9251,0.7772,0.1479,2,0,0,1,false_positive,0.933,1,semi_urban
L003115,S0043,J032,v1.2,0.6228,0.5113,0.1115,3,1,0,0,none,0.558,2,semi_urban
L003117,S0043,J010,v1.0,0.4164,0.4164,0.0,1,1,0,0,none,0.0,2,semi_urban
L003122,S0070,J007,v1.1,0.421,0.3543,0.0667,5,1,0,0,none,0.258,1,semi_urban
L003123,S0217,J007,v1.2,0.498,0.3721,0.1259,4,0,0,0,none,0.542,1,semi_urban
L003128,S0281,J021,v1.0,0.0,0.0,0.0,3,0,0,0,none,0.0,1,semi_urban
L003133,S0232,J043,v1.2,0.4058,0.3589,0.047,4,0,0,0,none,0.202,3,urban
L003134,S0117,J032,v1.1,0.3727,0.353,0.0196,4,1,1,1,false_negative,0.085,3,semi_urban
L003143,S0163,J022,v1.0,0.4786,0.4786,0.0,5,0,0,0,none,0.0,1,urban
L003148,S0278,J047,v1.0,0.4198,0.4198,0.0,1,1,0,0,none,0.0,3,rural
L003150,S0113,J010,v1.1,0.5742,0.4798,0.0944,2,0,0,0,none,0.596,2,rural
L003153,S0182,J047,v1.1,0.4896,0.398,0.0916,4,0,0,0,none,0.394,2,semi_urban
L003156,S0115,J002,v1.0,0.6881,0.6881,0.0,3,0,0,0,none,0.0,3,urban
L003178,S0282,J023,v1.2,0.7149,0.7212,-0.0063,3,1,0,0,none,0.031,1,urban
L003181,S0289,J015,v1.2,0.4859,0.3575,0.1284,2,0,0,0,none,0.81,1,urban
L003194,S0009,J036,v1.1,0.5729,0.4434,0.1295,5,1,0,0,none,0.501,2,urban
L003213,S0026,J015,v1.1,0.4949,0.4415,0.0534,3,0,0,0,none,0.267,2,rural
L003230,S0093,J048,v1.0,0.6027,0.6027,0.0,3,0,0,0,none,0.0,2,semi_urban
L003246,S0173,J005,v1.2,0.4196,0.3788,0.0409,1,0,0,0,none,0.408,3,urban
L003254,S0210,J009,v1.2,0.419,0.3966,0.0224,4,0,0,0,none,0.096,2,urban
L003261,S0294,J046,v1.2,0.7109,0.6092,0.1016,1,1,1,0,none,1.017,3,urban
L003265,S0082,J044,v1.1,0.3399,0.2324,0.1075,5,0,0,0,none,0.416,3,semi_urban
L003273,S0261,J001,v1.1,0.7121,0.6476,0.0644,3,1,0,0,none,0.322,3,urban
L003275,S0191,J012,v1.2,0.3025,0.2709,0.0316,4,0,0,0,none,0.136,1,semi_urban
L003279,S0142,J030,v1.1,0.1082,0.0508,0.0574,5,0,0,0,none,0.222,3,semi_urban
L003280,S0189,J006,v1.2,0.821,0.7822,0.0388,2,0,0,1,false_positive,0.245,2,semi_urban
L003281,S0026,J045,v1.2,0.3555,0.2506,0.1049,4,1,0,1,false_negative,0.452,2,rural
L003284,S0071,J037,v1.1,0.5352,0.4602,0.075,5,0,0,0,none,0.29,2,urban
L003292,S0039,J017,v1.2,0.5684,0.5192,0.0491,1,1,1,0,none,0.492,2,rural
L003296,S0074,J033,v1.2,0.5646,0.5109,0.0537,2,0,0,0,none,0.339,1,urban
L003300,S0246,J013,v1.1,0.2659,0.1268,0.1391,3,0,0,0,none,0.696,2,urban
L003301,S0274,J000,v1.2,0.5047,0.4205,0.0843,4,1,0,0,none,0.363,2,rural
L003307,S0119,J030,v1.2,0.0859,0.0002,0.0856,2,0,0,0,none,0.541,2,rural
L003315,S0090,J004,v1.2,0.5865,0.5509,0.0356,5,0,0,0,none,0.138,1,semi_urban
L003328,S0270,J010,v1.2,0.7635,0.6715,0.092,2,0,0,1,false_positive,0.58,1,urban
L003330,S0128,J022,v1.1,0.4123,0.333,0.0793,3,0,0,0,none,0.396,1,urban
L003349,S0019,J011,v1.2,0.3149,0.2065,0.1084,3,0,0,0,none,0.542,2,rural
L003356,S0121,J049,v1.2,0.6046,0.5319,0.0728,5,0,0,0,none,0.281,2,urban
L003366,S0269,J048,v1.2,0.8755,0.821,0.0545,4,0,0,1,false_positive,0.235,1,semi_urban
L003369,S0199,J016,v1.1,0.4404,0.39,0.0504,4,0,0,0,none,0.217,2,semi_urban
L003370,S0136,J025,v1.2,0.6006,0.5166,0.084,4,1,1,0,none,0.362,3,urban
L003380,S0231,J018,v1.2,0.6243,0.5162,0.1081,5,0,0,0,none,0.418,2,semi_urban
L003391,S0134,J014,v1.2,0.4825,0.3766,0.1059,4,0,0,0,none,0.456,2,urban
L003398,S0002,J013,v1.0,0.3864,0.3864,0.0,3,0,0,0,none,0.0,3,semi_urban
L003407,S0130,J048,v1.2,0.7142,0.62,0.0943,5,0,0,1,false_positive,0.364,1,rural
L003411,S0174,J037,v1.1,0.4107,0.3477,0.0629,2,1,0,0,none,0.397,1,urban
L003420,S0131,J030,v1.1,0.3635,0.2533,0.1102,3,0,0,0,none,0.551,3,semi_urban
L003425,S0042,J016,v1.0,0.7331,0.7331,0.0,4,0,0,1,false_positive,0.0,3,rural
L003427,S0023,J036,v1.2,0.7059,0.5796,0.1263,2,1,0,0,none,0.797,3,semi_urban
L003433,S0120,J012,v1.2,0.3595,0.283,0.0765,4,0,0,0,none,0.329,2,semi_urban
L003438,S0281,J036,v1.0,0.3224,0.3224,0.0,3,0,0,0,none,0.0,1,semi_urban
L003440,S0088,J029,v1.2,0.341,0.3188,0.0221,1,1,0,1,false_negative,0.222,1,urban
L003446,S0239,J015,v1.0,0.3921,0.3921,0.0,3,0,0,0,none,0.0,1,rural
L003450,S0046,J000,v1.2,0.4409,0.3297,0.1112,3,0,0,0,none,0.556,2,rural
L003459,S0043,J047,v1.1,0.3792,0.3075,0.0717,5,0,0,0,none,0.277,2,semi_urban
L003480,S0013,J025,v1.2,0.3578,0.3248,0.033,3,1,1,1,false_negative,0.165,3,urban
L003484,S0071,J035,v1.2,0.5782,0.5539,0.0243,1,0,0,0,none,0.243,2,urban
L003487,S0200,J045,v1.2,0.5212,0.409,0.1122,3,1,0,0,none,0.561,3,semi_urban
L003490,S0234,J006,v1.1,0.7389,0.6519,0.087,3,0,0,1,false_positive,0.435,3,urban
L003496,S0199,J038,v1.1,0.5858,0.5329,0.0529,3,0,0,0,none,0.264,2,semi_urban
L003503,S0027,J001,v1.2,0.5044,0.394,0.1103,3,0,0,0,none,0.552,1,semi_urban
L003512,S0027,J007,v1.1,0.6676,0.5815,0.086,4,1,0,0,none,0.371,1,semi_urban
L003520,S0101,J009,v1.2,0.6446,0.552,0.0926,2,0,0,0,none,0.584,2,rural
L003531,S0251,J003,v1.2,0.9295,0.823,0.1064,3,1,1,0,none,0.533,3,urban
L003532,S0091,J031,v1.1,0.4377,0.3449,0.0928,2,0,0,0,none,0.586,2,urban
L003544,S0081,J029,v1.1,0.7469,0.6567,0.0901,2,0,0,1,false_positive,0.569,2,rural
L003549,S0178,J037,v1.2,0.7217,0.5956,0.1261,3,0,0,1,false_positive,0.63,3,semi_urban
L003553,S0198,J017,v1.2,0.5541,0.5125,0.0417,1,1,1,0,none,0.416,1,urban
L003557,S0023,J030,v1.0,0.4074,0.4074,0.0,3,0,0,0,none,0.0,3,semi_urban
L003571,S0269,J035,v1.1,1.0,0.8562,0.1509,3,0,0,1,false_positive,0.719,1,semi_urban
L003572,S0054,J035,v1.1,0.9973,0.9175,0.0797,5,0,0,1,false_positive,0.309,3,urban
L003582,S0021,J022,v1.2,0.6933,0.6235,0.0699,2,0,0,0,none,0.44,2,urban
L003587,S0157,J012,v1.2,0.5214,0.4652,0.0561,3,0,0,0,none,0.281,2,urban
L003592,S0080,J047,v1.2,0.5413,0.4773,0.064,1,1,0,0,none,0.64,2,semi_urban
L003593,S0278,J000,v1.2,0.5015,0.4152,0.0863,1,0,0,0,none,0.863,3,rural
L003604,S0265,J038,v1.1,1.0,0.9381,0.0842,1,1,1,0,none,0.619,1,semi_urban
L003605,S0033,J027,v1.2,0.3748,0.322,0.0528,2,1,1,1,false_negative,0.333,2,rural
L003610,S0048,J038,v1.1,0.6739,0.6361,0.0379,2,0,0,0,none,0.238,2,semi_urban
L003612,S0273,J000,v1.2,0.4873,0.3767,0.1106,5,0,0,0,none,0.428,2,semi_urban
L003629,S0281,J026,v1.2,0.3594,0.2813,0.0781,2,0,0,0,none,0.493,1,semi_urban
L003634,S0006,J004,v1.2,0.4127,0.3469,0.0658,5,0,0,0,none,0.255,3,urban
L003636,S0005,J040,v1.2,0.5766,0.4996,0.077,2,1,1,0,none,0.486,3,urban
L003640,S0274,J000,v1.2,0.4847,0.4149,0.0699,3,0,0,0,none,0.349,2,rural
L003647,S0101,J016,v1.1,0.7476,0.7023,0.0454,2,0,0,1,false_positive,0.286,2,rural
L003651,S0132,J015,v1.2,0.559,0.5086,0.0504,4,0,0,0,none,0.217,2,semi_urban
L003652,S0059,J004,v1.0,0.5033,0.5033,0.0,4,0,0,0,none,0.0,1,semi_urban
L003653,S0286,J037,v1.2,0.4326,0.3584,0.0742,1,0,0,0,none,0.742,1,urban
L003667,S0188,J004,v1.2,0.3391,0.3044,0.0347,3,0,0,0,none,0.174,3,semi_urban
L003683,S0179,J035,v1.2,0.4708,0.4063,0.0645,4,0,0,0,none,0.278,3,urban
L003691,S0217,J034,v1.0,0.3353,0.3353,0.0,3,0,0,0,none,0.0,1,semi_urban
L003701,S0191,J017,v1.0,0.2693,0.2693,0.0,1,1,0,1,false_negative,0.0,1,semi_urban
L003720,S0067,J001,v1.2,0.4272,0.3513,0.0758,3,0,0,0,none,0.38,2,semi_urban
L003728,S0122,J024,v1.2,0.4416,0.3611,0.0805,3,0,0,0,none,0.403,1,urban
L003733,S0034,J047,v1.2,0.5368,0.3912,0.1456,2,0,0,0,none,0.919,2,urban
L003750,S0205,J036,v1.2,0.8651,0.7862,0.0789,2,1,0,0,none,0.498,1,semi_urban
L003757,S0044,J015,v1.0,0.4624,0.4624,0.0,3,1,1,0,none,0.0,3,semi_urban
L003758,S0281,J026,v1.2,0.3754,0.2926,0.0829,5,0,0,0,none,0.32,1,semi_urban
L003763,S0161,J039,v1.2,0.277,0.1803,0.0967,5,0,0,0,none,0.374,3,urban
L003766,S0162,J028,v1.1,0.3911,0.3514,0.0397,5,1,1,1,false_negative,0.154,1,rural
L003767,S0171,J016,v1.1,0.6342,0.609,0.0252,5,0,0,0,none,0.097,2,urban
L003782,S0080,J040,v1.0,0.6072,0.6072,0.0,5,0,0,0,none,0.0,2,semi_urban
L003794,S0004,J043,v1.2,0.1433,0.0703,0.0729,3,0,0,0,none,0.365,1,rural
L003795,S0134,J036,v1.0,0.6161,0.6161,0.0,5,0,0,0,none,0.0,2,urban
L003799,S0007,J046,v1.1,0.7595,0.7544,0.005,5,0,0,1,false_positive,0.02,3,semi_urban
L003803,S0073,J045,v1.2,0.8758,0.7439,0.1319,3,0,0,1,false_positive,0.66,1,urban
L003807,S0176,J040,v1.2,0.9305,0.9205,0.0101,4,1,0,0,none,0.043,2,urban
L003808,S0204,J000,v1.2,0.4182,0.34,0.0782,4,0,0,0,none,0.337,1,semi_urban
L003810,S0184,J008,v1.2,0.5784,0.4664,0.112,3,0,0,0,none,0.56,3,urban
L003820,S0237,J000,v1.2,0.4514,0.3621,0.0893,3,0,0,0,none,0.447,3,urban
L003834,S0187,J004,v1.0,0.6204,0.6204,0.0,4,0,0,0,none,0.0,1,urban
L003849,S0149,J008,v1.1,0.5082,0.4814,0.0268,3,0,0,0,none,0.134,1,semi_urban
L003851,S0262,J035,v1.2,0.5648,0.4579,0.1069,2,1,1,0,none,0.674,2,rural
L003859,S0000,J002,v1.2,0.7897,0.6659,0.1238,2,0,0,1,false_positive,0.781,3,semi_urban
L003870,S0250,J011,v1.2,0.3176,0.2621,0.0555,2,0,0,0,none,0.35,2,urban
L003875,S0192,J020,v1.0,0.8999,0.8999,0.0,1,1,0,0,none,0.0,1,semi_urban
L003878,S0058,J016,v1.2,0.6403,0.5809,0.0595,3,0,0,0,none,0.297,1,urban
L003880,S0014,J020,v1.0,0.5892,0.5892,0.0,3,0,0,0,none,0.0,2,urban
L003895,S0143,J043,v1.2,0.3625,0.2769,0.0856,2,0,0,0,none,0.54,2,urban
L003900,S0230,J027,v1.2,0.3297,0.252,0.0777,2,0,0,0,none,0.49,1,semi_urban
L003921,S0181,J041,v1.0,0.4873,0.4873,0.0,4,1,0,0,none,0.0,3,urban
L003922,S0286,J012,v1.1,0.6357,0.5508,0.0849,3,1,1,0,none,0.425,1,urban
L003931,S0084,J023,v1.2,0.7125,0.6393,0.0732,1,1,0,0,none,0.732,1,urban
L003933,S0047,J012,v1.2,0.5835,0.5193,0.0642,5,1,0,0,none,0.248,2,urban
L003938,S0287,J044,v1.2,0.3845,0.27,0.1144,5,1,0,1,false_negative,0.443,2,urban
L003942,S0250,J039,v1.2,0.3599,0.3139,0.046,2,0,0,0,none,0.29,2,urban
L003963,S0017,J035,v1.1,0.4915,0.4132,0.0784,2,0,0,0,none,0.494,1,semi_urban
L003965,S0079,J000,v1.2,0.449,0.3439,0.1051,1,0,0,0,none,1.051,3,semi_urban
L003969,S0056,J028,v1.0,0.4571,0.4571,0.0,2,0,0,0,none,0.0,2,semi_urban
L003970,S0240,J026,v1.1,0.6334,0.5648,0.0685,4,0,0,0,none,0.295,3,rural
L003978,S0032,J038,v1.0,0.7697,0.7697,0.0,5,0,0,1,false_positive,0.0,2,semi_urban
L003980,S0173,J000,v1.2,0.6217,0.5138,0.1079,1,0,0,0,none,1.079,3,urban
L003988,S0163,J039,v1.2,0.6283,0.5396,0.0887,3,0,0,0,none,0.444,1,urban
L003991,S0117,J015,v1.1,0.4617,0.3941,0.0676,3,0,0,0,none,0.338,3,semi_urban
L004024,S0225,J031,v1.1,0.6171,0.5366,0.0805,5,1,0,0,none,0.311,3,urban
L004032,S0070,J002,v1.1,0.3887,0.2416,0.1471,2,1,0,1,false_negative,0.928,1,semi_urban
L004033,S0282,J048,v1.1,0.7055,0.5915,0.114,2,0,0,1,false_positive,0.719,1,urban
L004034,S0229,J006,v1.0,0.7112,0.7112,0.0,1,1,0,0,none,0.0,1,urban
L004039,S0215,J013,v1.0,0.4165,0.4165,0.0,2,0,0,0,none,0.0,3,urban
L004045,S0032,J031,v1.2,0.6303,0.5594,0.0709,3,0,0,0,none,0.354,2,semi_urban
L004048,S0023,J008,v1.2,0.5922,0.5079,0.0843,1,1,1,0,none,0.843,3,semi_urban
L004051,S0031,J031,v1.2,0.2665,0.1915,0.075,3,0,0,0,none,0.375,3,urban
L004053,S0068,J038,v1.2,0.7994,0.7188,0.0806,4,0,0,1,false_positive,0.347,1,urban
L004058,S0111,J021,v1.1,0.2314,0.1298,0.1017,1,0,0,0,none,1.016,1,semi_urban
L004060,S0002,J009,v1.2,0.5926,0.5025,0.0901,1,1,0,0,none,0.901,3,semi_urban
L004080,S0226,J006,v1.0,0.7886,0.7886,0.0,5,0,0,1,false_positive,0.0,1,rural
L004081,S0131,J000,v1.1,0.5072,0.4938,0.0134,2,0,0,0,none,0.085,3,semi_urban
L004085,S0242,J022,v1.0,0.2787,0.2787,0.0,5,0,0,0,none,0.0,1,rural
L004086,S0146,J005,v1.2,0.2932,0.1942,0.0991,5,0,0,0,none,0.383,2,rural
L004105,S0045,J022,v1.1,0.5637,0.5272,0.0365,5,0,0,0,none,0.141,3,semi_urban
L004111,S0201,J011,v1.0,0.2201,0.2201,0.0,5,0,0,0,none,0.0,3,rural
L004118,S0008,J013,v1.1,0.7166,0.6277,0.0889,2,1,0,0,none,0.561,1,urban
L004123,S0236,J022,v1.2,0.4039,0.3568,0.0471,4,0,0,0,none,0.203,2,semi_urban
L004131,S0090,J026,v1.1,0.6984,0.6525,0.0459,5,1,0,0,none,0.178,1,semi_urban
L004138,S0012,J014,v1.1,0.5633,0.435,0.1283,5,1,0,0,none,0.496,2,urban
L004141,S0027,J034,v1.2,0.5158,0.4187,0.0971,4,0,0,0,none,0.418,1,semi_urban
L004142,S0272,J029,v1.1,0.7873,0.6508,0.1365,4,0,0,1,false_positive,0.588,1,urban
L004147,S0212,J003,v1.2,0.7219,0.7109,0.011,2,0,0,1,false_positive,0.069,1,urban
L004173,S0287,J023,v1.2,0.596,0.4957,0.1003,3,0,0,0,none,0.502,2,urban
L004176,S0172,J021,v1.0,0.053,0.053,0.0,4,0,0,0,none,0.0,2,urban
L004194,S0019,J026,v1.2,0.4298,0.377,0.0528,3,0,0,0,none,0.264,2,rural
L004198,S0124,J021,v1.1,0.2553,0.2032,0.0521,3,1,1,1,false_negative,0.261,1,semi_urban
L004200,S0119,J032,v1.2,0.2153,0.1628,0.0525,2,0,0,0,none,0.331,2,rural
L004203,S0141,J013,v1.1,0.4762,0.427,0.0492,4,0,0,0,none,0.212,2,urban
L004212,S0197,J033,v1.1,0.6564,0.5728,0.0836,3,1,0,0,none,0.418,3,semi_urban
L004219,S0076,J025,v1.2,0.4179,0.3816,0.0363,3,0,0,0,none,0.182,2,rural
L004226,S0203,J005,v1.1,0.4632,0.3744,0.0888,1,1,0,0,none,0.888,1,semi_urban
L004238,S0290,J024,v1.2,0.3895,0.3205,0.0691,5,0,0,0,none,0.267,3,rural
L004248,S0013,J005,v1.2,0.2426,0.1824,0.0602,5,0,0,0,none,0.233,3,urban
L004280,S0273,J014,v1.1,0.1908,0.1105,0.0803,1,0,0,0,none,0.803,2,semi_urban
L004288,S0088,J033,v1.2,0.4061,0.2807,0.1254,2,0,0,0,none,0.791,1,urban
L004301,S0044,J007,v1.2,0.6879,0.6304,0.0575,4,0,0,0,none,0.248,3,semi_urban
L004306,S0014,J033,v1.1,0.6563,0.5541,0.1023,3,1,0,0,none,0.511,2,urban
L004317,S0225,J019,v1.2,0.6212,0.5656,0.0556,5,0,0,0,none,0.215,3,urban
L004323,S0006,J026,v1.0,0.3933,0.3933,0.0,3,0,0,0,none,0.0,3,urban
L004337,S0204,J040,v1.0,0.5497,0.5497,0.0,4,0,0,0,none,0.0,1,semi_urban
L004342,S0155,J023,v1.1,0.7519,0.6342,0.1176,5,1,0,0,none,0.455,2,urban
L004353,S0174,J013,v1.2,0.5373,0.4397,0.0975,2,1,0,0,none,0.616,1,urban
L004357,S0118,J007,v1.2,0.6234,0.5288,0.0946,2,1,0,0,none,0.597,2,urban
L004361,S0196,J015,v1.2,0.8715,0.7784,0.0931,3,1,1,0,none,0.466,2,urban
L004362,S0018,J043,v1.2,0.376,0.2686,0.1074,1,0,0,0,none,1.074,3,urban
L004366,S0231,J022,v1.1,0.5452,0.4746,0.0706,5,0,0,0,none,0.273,2,semi_urban
L004375,S0199,J040,v1.1,0.4993,0.4311,0.0682,1,0,0,0,none,0.682,2,semi_urban
L004381,S0075,J045,v1.2,0.759,0.6472,0.1118,5,1,0,0,none,0.433,2,urban
L004390,S0287,J033,v1.1,0.5518,0.4744,0.0774,5,0,0,0,none,0.299,2,urban
L004396,S0232,J048,v1.0,0.4764,0.4764,0.0,2,0,0,0,none,0.0,3,urban
L004400,S0250,J039,v1.1,0.4767,0.3334,0.1432,4,0,0,0,none,0.617,2,urban
L004405,S0151,J027,v1.0,0.218,0.218,0.0,5,0,0,0,none,0.0,3,rural
L004427,S0118,J014,v1.1,0.1107,0.0839,0.0268,3,0,0,0,none,0.134,2,urban
L004431,S0183,J038,v1.0,0.8044,0.8044,0.0,1,1,0,0,none,0.0,2,urban
L004439,S0183,J028,v1.2,0.9396,0.8423,0.0973,5,1,0,0,none,0.376,2,urban
L004453,S0193,J049,v1.0,0.9796,0.9796,0.0,4,1,0,0,none,0.0,3,urban
L004461,S0249,J004,v1.2,0.5132,0.4319,0.0813,2,0,0,0,none,0.513,2,urban
L004462,S0109,J014,v1.2,0.3673,0.3119,0.0554,4,0,0,0,none,0.239,3,rural
L004464,S0281,J016,v1.0,0.4238,0.4238,0.0,1,1,0,0,none,0.0,1,semi_urban
L004469,S0091,J020,v1.2,0.6507,0.5682,0.0825,2,0,0,0,none,0.521,2,urban
L004470,S0038,J033,v1.1,0.362,0.2865,0.0755,2,0,0,0,none,0.476,1,urban
L004475,S0202,J048,v1.1,0.3056,0.2139,0.0917,2,0,0,0,none,0.579,2,rural
L004477,S0128,J005,v1.0,0.2109,0.2109,0.0,2,0,0,0,none,0.0,1,urban
L004485,S0265,J003,v1.1,1.0,0.9583,0.0648,1,1,0,0,none,0.417,1,semi_urban
L004493,S0110,J003,v1.2,0.9753,0.8818,0.0935,3,0,0,1,false_positive,0.467,2,semi_urban
L004497,S0045,J049,v1.1,0.7261,0.6604,0.0657,1,1,0,0,none,0.657,3,semi_urban
L004500,S0070,J047,v1.2,0.1439,0.0644,0.0794,4,0,0,0,none,0.342,1,semi_urban
L004507,S0092,J001,v1.2,0.0424,0.0,0.0424,4,0,0,0,none,0.183,2,semi_urban
L004508,S0124,J021,v1.2,0.1862,0.0919,0.0944,1,0,0,0,none,0.943,1,semi_urban
L004522,S0006,J012,v1.2,0.4056,0.3517,0.0539,5,0,0,0,none,0.209,3,urban
L004523,S0029,J007,v1.2,0.9052,0.8304,0.0748,3,0,0,1,false_positive,0.374,2,urban
L004528,S0197,J007,v1.1,0.7189,0.6971,0.0218,5,0,0,1,false_positive,0.084,3,semi_urban
L004535,S0148,J030,v1.2,0.5417,0.4742,0.0675,1,0,0,0,none,0.675,2,urban
L004543,S0215,J042,v1.2,0.75,0.7324,0.0176,5,1,1,0,none,0.068,3,urban
L004547,S0269,J035,v1.2,0.9563,0.8706,0.0857,3,1,0,0,none,0.428,1,semi_urban
L004550,S0148,J000,v1.2,0.8104,0.6898,0.1206,2,0,0,1,false_positive,0.761,2,urban
L004554,S0137,J017,v1.0,0.4087,0.4087,0.0,4,0,0,0,none,0.0,2,semi_urban
L004577,S0120,J022,v1.1,0.2929,0.2481,0.0448,1,0,0,0,none,0.448,2,semi_urban
L004601,S0266,J036,v1.1,0.5572,0.4776,0.0796,3,0,0,0,none,0.398,2,semi_urban
L004606,S0152,J045,v1.0,0.2601,0.2601,0.0,3,0,0,0,none,0.0,1,semi_urban
L004619,S0232,J045,v1.1,0.4182,0.3597,0.0585,5,0,0,0,none,0.226,3,urban
L004623,S0072,J038,v1.2,0.7328,0.6261,0.1067,4,0,0,1,false_positive,0.46,3,urban
L004651,S0034,J012,v1.0,0.47,0.47,0.0,1,1,1,0,none,0.0,2,urban
L004656,S0238,J010,v1.2,0.5612,0.4802,0.081,5,0,0,0,none,0.313,1,urban
L004657,S0258,J009,v1.2,0.4346,0.2992,0.1354,4,0,0,0,none,0.583,1,semi_urban
L004671,S0083,J047,v1.2,0.2096,0.1604,0.0492,4,0,0,0,none,0.212,1,urban
L004674,S0107,J000,v1.2,0.506,0.379,0.127,3,0,0,0,none,0.635,2,rural
L004675,S0027,J016,v1.2,0.6539,0.553,0.1009,5,0,0,0,none,0.39,1,semi_urban
L004680,S0028,J031,v1.1,0.606,0.5424,0.0635,2,0,0,0,none,0.401,1,semi_urban
L004681,S0270,J045,v1.1,0.5206,0.4841,0.0365,2,0,0,0,none,0.23,1,urban
L004682,S0227,J043,v1.2,0.5742,0.4586,0.1156,2,0,0,0,none,0.729,2,rural
L004684,S0029,J015,v1.2,0.7655,0.6706,0.0949,5,0,0,1,false_positive,0.367,2,urban
L004687,S0193,J005,v1.2,0.7369,0.6055,0.1314,2,1,0,0,none,0.829,3,urban
L004688,S0084,J005,v1.1,0.5206,0.429,0.0916,3,1,1,0,none,0.458,1,urban
L004697,S0194,J039,v1.2,0.593,0.5789,0.0142,4,0,0,0,none,0.061,1,semi_urban
L004698,S0001,J006,v1.2,0.656,0.6087,0.0474,2,0,0,0,none,0.298,2,urban
L004704,S0142,J045,v1.2,0.3005,0.1927,0.1078,1,0,0,0,none,1.078,3,semi_urban
L004710,S0106,J038,v1.1,0.7723,0.6911,0.0811,1,1,0,0,none,0.812,2,urban
L004712,S0196,J005,v1.2,0.6621,0.5763,0.0857,1,1,0,0,none,0.858,2,urban
L004716,S0065,J011,v1.2,0.645,0.5778,0.0672,2,0,0,0,none,0.424,2,urban
L004734,S0129,J025,v1.1,0.5173,0.3406,0.1768,5,0,0,0,none,0.684,2,rural
L004737,S0296,J016,v1.0,0.6358,0.6358,0.0,2,0,0,0,none,0.0,3,semi_urban
L004752,S0214,J041,v1.2,0.4161,0.3085,0.1076,4,0,0,0,none,0.463,3,urban
L004757,S0287,J003,v1.2,0.6852,0.6282,0.057,4,1,0,0,none,0.245,2,urban
L004761,S0059,J002,v1.2,0.6437,0.5356,0.1082,2,1,0,0,none,0.682,1,semi_urban
L004768,S0293,J005,v1.2,0.5409,0.4775,0.0633,3,0,0,0,none,0.317,1,semi_urban
L004770,S0235,J017,v1.1,0.6631,0.5386,0.1244,1,1,0,0,none,1.245,3,urban
L004772,S0235,J023,v1.2,0.7465,0.6493,0.0972,1,0,0,1,false_positive,0.972,3,urban
L004781,S0243,J006,v1.2,0.8334,0.7396,0.0939,3,0,0,1,false_positive,0.469,2,rural
L004784,S0062,J047,v1.0,0.4885,0.4885,0.0,4,0,0,0,none,0.0,2,urban
L004788,S0077,J033,v1.2,0.6515,0.608,0.0435,3,0,0,0,none,0.217,2,urban
L004791,S0117,J022,v1.1,0.4722,0.4135,0.0587,4,0,0,0,none,0.253,3,semi_urban
L004796,S0045,J038,v1.1,0.9561,0.812,0.1441,5,1,0,0,none,0.557,3,semi_urban
L004805,S0245,J033,v1.0,0.3778,0.3778,0.0,2,1,0,1,false_negative,0.0,3,urban
L004807,S0021,J014,v1.1,0.2547,0.1594,0.0953,5,0,0,0,none,0.369,2,urban
L004812,S0118,J003,v1.1,0.6952,0.5693,0.1259,3,1,1,0,none,0.63,2,urban
L004813,S0154,J002,v1.2,0.5136,0.4605,0.0531,3,1,0,0,none,0.265,1,urban
L004817,S0286,J018,v1.1,0.4998,0.4182,0.0815,4,0,0,0,none,0.351,1,urban
L004824,S0018,J001,v1.1,0.3661,0.2733,0.0928,5,0,0,0,none,0.359,3,urban
L004832,S0130,J046,v1.1,0.8093,0.7342,0.0751,5,0,0,1,false_positive,0.291,1,rural
L004837,S0150,J007,v1.2,0.7726,0.7167,0.0559,5,0,0,1,false_positive,0.216,3,urban
L004851,S0102,J047,v1.1,0.4486,0.4192,0.0294,1,0,0,0,none,0.294,2,semi_urban
L004856,S0048,J049,v1.1,0.6707,0.6672,0.0035,5,1,0,0,none,0.014,2,semi_urban
L004859,S0058,J020,v1.2,0.6558,0.5889,0.067,1,1,0,0,none,0.669,1,urban
L004863,S0227,J039,v1.2,0.7183,0.6225,0.0958,5,1,0,0,none,0.371,2,rural
L004873,S0239,J048,v1.2,0.506,0.4021,0.1039,2,0,0,0,none,0.656,1,rural
L004874,S0285,J000,v1.2,0.5319,0.4488,0.0831,3,0,0,0,none,0.416,2,semi_urban
L004876,S0079,J045,v1.1,0.2898,0.239,0.0507,3,0,0,0,none,0.254,3,semi_urban
L004879,S0292,J027,v1.2,0.3765,0.3198,0.0567,2,0,0,0,none,0.358,3,urban
L004885,S0130,J048,v1.2,0.5353,0.4855,0.0498,2,0,0,0,none,0.314,1,rural
L004891,S0020,J026,v1.1,0.7942,0.6911,0.1032,3,0,0,1,false_positive,0.515,3,rural
L004893,S0069,J011,v1.2,0.5148,0.4447,0.0701,4,0,0,0,none,0.302,2,rural
L004900,S0109,J006,v1.1,0.9847,0.8416,0.1431,1,1,0,0,none,1.431,3,rural
L004938,S0275,J031,v1.2,0.6416,0.5339,0.1076,1,0,0,0,none,1.077,2,semi_urban
L004940,S0208,J039,v1.2,0.5036,0.4397,0.0639,4,0,0,0,none,0.275,1,urban
L004947,S0183,J042,v1.1,1.0,0.9272,0.1006,5,0,0,1,false_positive,0.282,2,urban
L004952,S0170,J008,v1.2,0.5278,0.427,0.1008,5,0,0,0,none,0.39,2,urban
L004953,S0276,J039,v1.2,0.3781,0.3054,0.0727,3,0,0,0,none,0.363,2,rural
L004955,S0101,J035,v1.2,0.6276,0.5644,0.0632,4,0,0,0,none,0.272,2,rural
L004957,S0113,J036,v1.2,0.6864,0.584,0.1024,4,0,0,0,none,0.441,2,rural
L004958,S0107,J048,v1.0,0.3341,0.3341,0.0,5,0,0,0,none,0.0,2,rural
L004967,S0213,J029,v1.1,0.3799,0.3162,0.0637,3,0,0,0,none,0.319,3,urban
L004972,S0239,J016,v1.2,0.6131,0.545,0.0681,1,0,0,0,none,0.681,1,rural
L004982,S0151,J000,v1.2,0.38,0.3039,0.0761,2,0,0,0,none,0.48,3,rural
L004998,S0090,J038,v1.1,0.7339,0.7516,-0.0177,1,1,0,0,none,0.177,1,semi_urban
L005003,S0131,J003,v1.0,0.7417,0.7417,0.0,2,0,0,1,false_positive,0.0,3,semi_urban
L005009,S0158,J016,v1.1,0.5751,0.4791,0.096,1,1,0,0,none,0.96,3,semi_urban
L005012,S0182,J028,v1.2,0.7596,0.674,0.0856,2,0,0,1,false_positive,0.54,2,semi_urban
L005023,S0120,J015,v1.0,0.3795,0.3795,0.0,2,0,0,0,none,0.0,2,semi_urban
L005029,S0140,J030,v1.2,0.3665,0.3184,0.0482,1,1,0,1,false_negative,0.481,2,rural
L005030,S0218,J031,v1.2,0.5891,0.4506,0.1385,1,0,0,0,none,1.385,3,urban
L005033,S0095,J035,v1.2,0.4259,0.3372,0.0886,5,0,0,0,none,0.343,2,urban
L005037,S0248,J031,v1.2,0.5564,0.514,0.0424,4,0,0,0,none,0.183,2,semi_urban
L005044,S0064,J022,v1.1,0.6433,0.5829,0.0605,2,0,0,0,none,0.381,2,semi_urban
L005057,S0262,J041,v1.1,0.5009,0.4572,0.0437,1,0,0,0,none,0.437,2,rural
L005059,S0003,J023,v1.2,0.2909,0.1895,0.1014,5,0,0,0,none,0.392,2,semi_urban
L005065,S0217,J034,v1.2,0.3107,0.2712,0.0396,3,0,0,0,none,0.197,1,semi_urban
L005067,S0172,J029,v1.1,0.3367,0.2706,0.0661,3,0,0,0,none,0.33,2,urban
L005080,S0245,J047,v1.2,0.3006,0.228,0.0726,2,0,0,0,none,0.458,3,urban
L005082,S0171,J011,v1.2,0.3129,0.1879,0.125,1,1,0,1,false_negative,1.25,2,urban
L005085,S0037,J046,v1.0,0.5544,0.5544,0.0,2,1,1,0,none,0.0,2,semi_urban
L005086,S0213,J034,v1.1,0.574,0.47,0.1041,3,1,1,0,none,0.52,3,urban
L005088,S0020,J041,v1.1,0.5793,0.4998,0.0795,2,0,0,0,none,0.502,3,rural
L005091,S0050,J047,v1.1,0.6141,0.6008,0.0133,2,0,0,0,none,0.084,1,semi_urban
L005093,S0271,J002,v1.0,0.3546,0.3546,0.0,2,0,0,0,none,0.0,1,rural
L005095,S0141,J042,v1.1,0.7256,0.5937,0.1319,3,0,0,1,false_positive,0.66,2,urban
L005098,S0049,J006,v1.2,0.7328,0.6771,0.0557,4,0,0,1,false_positive,0.24,1,urban
L005105,S0232,J048,v1.1,0.5644,0.4608,0.1036,1,1,0,0,none,1.036,3,urban
L005110,S0239,J027,v1.2,0.4638,0.3961,0.0678,4,0,0,0,none,0.292,1,rural
L005117,S0217,J003,v1.0,0.4785,0.4785,0.0,5,0,0,0,none,0.0,1,semi_urban
L005126,S0274,J037,v1.2,0.3369,0.2911,0.0458,1,0,0,0,none,0.458,2,rural
L005130,S0007,J037,v1.0,0.5405,0.5405,0.0,5,0,0,0,none,0.0,3,semi_urban
L005154,S0160,J016,v1.0,0.6463,0.6463,0.0,2,0,0,0,none,0.0,1,semi_urban
L005156,S0155,J046,v1.0,0.8342,0.8342,0.0,2,1,0,0,none,0.0,2,urban
L005160,S0161,J004,v1.0,0.3026,0.3026,0.0,5,0,0,0,none,0.0,3,urban
L005170,S0215,J015,v1.1,0.6443,0.5775,0.0668,3,0,0,0,none,0.334,3,urban
L005175,S0066,J020,v1.1,0.6395,0.5667,0.0729,5,0,0,0,none,0.282,2,semi_urban
L005177,S0034,J034,v1.2,0.6838,0.6419,0.0419,1,0,0,0,none,0.419,2,urban
L005186,S0060,J033,v1.2,0.517,0.4875,0.0295,3,0,0,0,none,0.148,2,rural
L005188,S0205,J004,v1.2,0.8976,0.7871,0.1104,1,1,0,0,none,1.105,1,semi_urban
L005193,S0087,J033,v1.0,0.4683,0.4683,0.0,4,0,0,0,none,0.0,2,rural
L005222,S0173,J027,v1.2,0.5186,0.4259,0.0927,1,1,0,0,none,0.927,3,urban
L005223,S0267,J024,v1.1,0.4316,0.3546,0.077,5,0,0,0,none,0.298,1,urban
L005228,S0233,J029,v1.2,0.5066,0.4052,0.1014,4,0,0,0,none,0.437,2,semi_urban
L005234,S0099,J044,v1.0,0.7478,0.7478,0.0,4,0,0,1,false_positive,0.0,3,urban
L005236,S0157,J002,v1.1,0.6714,0.5754,0.096,3,1,0,0,none,0.48,2,urban
L005241,S0298,J018,v1.2,0.254,0.1717,0.0823,3,0,0,0,none,0.412,3,rural
L005245,S0264,J038,v1.2,0.8414,0.7849,0.0565,1,1,0,0,none,0.565,3,semi_urban
L005247,S0007,J020,v1.2,0.8449,0.7309,0.114,1,1,1,0,none,1.14,3,semi_urban
L005249,S0111,J014,v1.1,0.1985,0.1059,0.0927,3,0,0,0,none,0.463,1,semi_urban
L005250,S0109,J026,v1.2,0.613,0.5886,0.0244,5,0,0,0,none,0.094,3,rural
L005265,S0010,J006,v1.2,0.6991,0.5747,0.1244,4,0,0,0,none,0.536,2,urban
L005269,S0017,J000,v1.2,0.3081,0.2422,0.0659,4,0,0,0,none,0.284,1,semi_urban
L005271,S0141,J040,v1.2,0.5636,0.5315,0.0321,3,1,0,0,none,0.161,2,urban
L005274,S0132,J036,v1.0,0.555,0.555,0.0,3,1,0,0,none,0.0,2,semi_urban
L005286,S0243,J032,v1.0,0.5701,0.5701,0.0,5,0,0,0,none,0.0,2,rural
L005289,S0075,J027,v1.2,0.8054,0.7389,0.0665,2,1,0,0,none,0.42,2,urban
L005293,S0189,J026,v1.2,0.5749,0.4815,0.0934,4,0,0,0,none,0.402,2,semi_urban
L005311,S0178,J007,v1.2,0.9577,0.8753,0.0824,4,0,0,1,false_positive,0.355,3,semi_urban
L005322,S0156,J041,v1.2,0.5187,0.4622,0.0565,1,1,0,0,none,0.565,2,rural
L005333,S0082,J018,v1.1,0.6021,0.4845,0.1177,5,0,0,0,none,0.455,3,semi_urban
L005344,S0208,J022,v1.2,0.6237,0.5435,0.0803,3,0,0,0,none,0.401,1,urban
L005345,S0273,J006,v1.0,0.6931,0.6931,0.0,3,0,0,0,none,0.0,2,semi_urban
L005348,S0190,J008,v1.0,0.3672,0.3672,0.0,1,0,0,0,none,0.0,3,semi_urban
L005350,S0063,J049,v1.0,0.6473,0.6473,0.0,2,0,0,0,none,0.0,3,urban
L005353,S0173,J040,v1.1,0.6021,0.4954,0.1067,1,0,0,0,none,1.067,3,urban
L005356,S0209,J006,v1.2,0.9114,0.8151,0.0963,2,1,1,0,none,0.608,2,urban
L005361,S0188,J013,v1.2,0.1819,0.1043,0.0777,2,0,0,0,none,0.49,3,semi_urban
L005368,S0078,J024,v1.2,0.5574,0.4233,0.1341,1,0,0,0,none,1.341,2,urban
L005386,S0224,J008,v1.1,0.2467,0.1617,0.085,1,0,0,0,none,0.85,2,urban
L005391,S0113,J024,v1.2,0.6407,0.5277,0.113,3,1,0,0,none,0.565,2,rural
L005394,S0276,J011,v1.1,0.3485,0.2489,0.0996,4,0,0,0,none,0.429,2,rural
L005402,S0011,J041,v1.0,0.5377,0.5377,0.0,2,1,0,0,none,0.0,3,urban
L005413,S0104,J017,v1.2,0.5663,0.4442,0.122,2,1,0,0,none,0.77,3,rural
L005415,S0109,J048,v1.2,0.4944,0.4452,0.0492,2,0,0,0,none,0.31,3,rural
L005417,S0213,J047,v1.0,0.2796,0.2796,0.0,2,0,0,0,none,0.0,3,urban
L005420,S0139,J025,v1.1,0.312,0.2638,0.0482,3,0,0,0,none,0.241,1,semi_urban
L005426,S0292,J036,v1.0,0.5082,0.5082,0.0,1,0,0,0,none,0.0,3,urban
L005430,S0020,J016,v1.2,0.6525,0.5916,0.0609,4,0,0,0,none,0.262,3,rural
L005433,S0085,J048,v1.2,0.4282,0.3474,0.0808,3,1,1,0,none,0.404,1,rural
L005440,S0035,J048,v1.1,0.267,0.1531,0.1139,4,0,0,0,none,0.491,1,semi_urban
L005455,S0127,J004,v1.2,0.8185,0.689,0.1295,4,0,0,1,false_positive,0.558,1,rural
L005456,S0040,J045,v1.0,0.4696,0.4696,0.0,1,0,0,0,none,0.0,2,urban
L005495,S0217,J047,v1.2,0.2947,0.2241,0.0707,2,0,0,0,none,0.445,1,semi_urban
L005496,S0200,J027,v1.1,0.6411,0.5355,0.1056,3,0,0,0,none,0.528,3,semi_urban
L005508,S0242,J029,v1.1,0.4436,0.3808,0.0628,1,1,1,0,none,0.628,1,rural
L005513,S0157,J042,v1.2,0.8281,0.7475,0.0806,4,1,1,0,none,0.347,2,urban
L005523,S0035,J049,v1.1,0.6562,0.4829,0.1733,5,1,0,0,none,0.67,1,semi_urban
L005526,S0226,J002,v1.1,0.5857,0.5147,0.071,3,0,0,0,none,0.355,1,rural
L005536,S0248,J024,v1.2,0.4805,0.3718,0.1087,4,0,0,0,none,0.468,2,semi_urban
L005565,S0219,J044,v1.2,0.5852,0.4946,0.0906,2,0,0,0,none,0.572,2,rural
L005587,S0053,J000,v1.2,0.8161,0.7123,0.1038,5,0,0,1,false_positive,0.402,2,semi_urban
L005593,S0223,J020,v1.2,0.5622,0.469,0.0932,1,1,1,0,none,0.932,3,semi_urban
L005594,S0053,J043,v1.0,0.4404,0.4404,0.0,1,0,0,0,none,0.0,2,semi_urban
L005599,S0110,J026,v1.1,0.7573,0.6914,0.0658,3,0,0,1,false_positive,0.329,2,semi_urban
L005600,S0056,J049,v1.2,0.4092,0.3729,0.0362,2,0,0,0,none,0.229,2,semi_urban
L005602,S0016,J007,v1.2,0.4993,0.4288,0.0706,2,1,0,0,none,0.445,2,urban
L005611,S0132,J030,v1.2,0.4566,0.3814,0.0751,2,1,0,0,none,0.474,2,semi_urban
L005615,S0121,J028,v1.1,0.5189,0.4798,0.0391,3,1,0,0,none,0.196,2,urban
L005619,S0217,J029,v1.0,0.1503,0.1503,0.0,1,0,0,0,none,0.0,1,semi_urban
L005623,S0048,J027,v1.2,0.5486,0.4425,0.1061,1,1,0,0,none,1.061,2,semi_urban
L005630,S0185,J030,v1.0,0.416,0.416,0.0,1,1,1,0,none,0.0,2,urban
L005637,S0082,J001,v1.0,0.4127,0.4127,0.0,1,1,1,0,none,0.0,3,semi_urban
L005639,S0262,J042,v1.2,0.7071,0.6084,0.0987,5,1,1,0,none,0.382,2,rural
L005654,S0090,J042,v1.2,0.7659,0.6995,0.0664,3,1,1,0,none,0.332,1,semi_urban
L005660,S0197,J041,v1.2,0.4935,0.3902,0.1033,2,0,0,0,none,0.652,3,semi_urban
L005663,S0133,J044,v1.0,0.4099,0.4099,0.0,1,0,0,0,none,0.0,2,rural
L005672,S0240,J045,v1.0,0.4218,0.4218,0.0,1,1,0,0,none,0.0,3,rural
L005683,S0134,J032,v1.0,0.7114,0.7114,0.0,2,0,0,1,false_positive,0.0,2,urban
L005695,S0092,J025,v1.2,0.1779,0.0579,0.12,5,0,0,0,none,0.464,2,semi_urban
L005696,S0292,J036,v1.0,0.4577,0.4577,0.0,3,0,0,0,none,0.0,3,urban
L005701,S0102,J045,v1.0,0.3164,0.3164,0.0,4,0,0,0,none,0.0,2,semi_urban
L005708,S0143,J005,v1.2,0.4758,0.3654,0.1104,2,0,0,0,none,0.697,2,urban
L005709,S0288,J027,v1.1,0.6642,0.5908,0.0734,1,1,0,0,none,0.734,2,urban
L005714,S0074,J020,v1.0,0.6429,0.6429,0.0,4,1,0,0,none,0.0,1,urban
L005716,S0141,J037,v1.2,0.465,0.3484,0.1166,5,0,0,0,none,0.451,2,urban
L005728,S0228,J036,v1.1,0.7701,0.7117,0.0584,5,0,0,1,false_positive,0.226,2,semi_urban
L005730,S0053,J004,v1.2,0.7426,0.7572,-0.0146,5,0,0,1,false_positive,0.056,2,semi_urban
L005734,S0282,J040,v1.1,0.733,0.6591,0.0739,2,1,0,0,none,0.466,1,urban
L005748,S0194,J033,v1.1,0.9419,0.8209,0.121,3,1,1,0,none,0.605,1,semi_urban
L005751,S0061,J043,v1.0,0.4932,0.4932,0.0,3,0,0,0,none,0.0,2,urban
L005770,S0282,J047,v1.0,0.5198,0.5198,0.0,3,1,0,0,none,0.0,1,urban
L005774,S0170,J048,v1.2,0.5297,0.4874,0.0424,4,1,1,0,none,0.182,2,urban
L005781,S0125,J030,v1.1,0.2108,0.1192,0.0917,1,0,0,0,none,0.916,2,rural
L005786,S0193,J014,v1.2,0.5129,0.3923,0.1206,2,0,0,0,none,0.761,3,urban
L005789,S0162,J020,v1.0,0.2499,0.2499,0.0,4,1,0,1,false_negative,0.0,1,rural
L005792,S0132,J045,v1.0,0.4331,0.4331,0.0,3,0,0,0,none,0.0,2,semi_urban
L005794,S0140,J014,v1.1,0.3349,0.2521,0.0828,3,0,0,0,none,0.414,2,rural
L005802,S0212,J021,v1.2,0.3742,0.2616,0.1126,3,0,0,0,none,0.563,1,urban
L005811,S0197,J001,v1.2,0.4303,0.3404,0.0899,3,0,0,0,none,0.45,3,semi_urban
L005818,S0186,J016,v1.2,0.7703,0.6996,0.0707,5,0,0,1,false_positive,0.274,2,urban
L005819,S0074,J011,v1.2,0.3577,0.2301,0.1277,4,0,0,0,none,0.55,1,urban
L005826,S0131,J028,v1.2,0.6111,0.5248,0.0863,1,0,0,0,none,0.863,3,semi_urban
L005835,S0250,J046,v1.0,0.6088,0.6088,0.0,1,1,0,0,none,0.0,2,urban
L005850,S0051,J015,v1.1,0.3746,0.3274,0.0472,5,0,0,0,none,0.183,1,urban
L005852,S0024,J012,v1.2,0.3694,0.2671,0.1023,1,0,0,0,none,1.023,3,rural
L005855,S0060,J001,v1.2,0.2361,0.1569,0.0791,4,0,0,0,none,0.341,2,rural
L005861,S0076,J020,v1.1,0.6604,0.5957,0.0647,1,1,0,0,none,0.647,2,rural
L005865,S0296,J004,v1.2,0.6581,0.5992,0.0589,4,0,0,0,none,0.254,3,semi_urban
L005867,S0248,J027,v1.1,0.4235,0.4029,0.0206,3,0,0,0,none,0.103,2,semi_urban
L005871,S0190,J042,v1.1,0.7516,0.6547,0.097,5,0,0,1,false_positive,0.375,3,semi_urban
L005878,S0264,J040,v1.1,0.6739,0.624,0.0499,2,0,0,0,none,0.315,3,semi_urban
L005889,S0108,J011,v1.0,0.2962,0.2962,0.0,5,0,0,0,none,0.0,1,urban
L005915,S0059,J046,v1.2,0.7915,0.6946,0.0969,1,1,0,0,none,0.969,1,semi_urban
L005916,S0134,J020,v1.0,0.6956,0.6956,0.0,4,1,1,0,none,0.0,2,urban
L005919,S0010,J036,v1.0,0.4684,0.4684,0.0,2,0,0,0,none,0.0,2,urban
L005926,S0028,J017,v1.0,0.5718,0.5718,0.0,2,0,0,0,none,0.0,1,semi_urban
L005931,S0019,J046,v1.0,0.7075,0.7075,0.0,1,1,0,0,none,0.0,2,rural
L005933,S0173,J025,v1.2,0.6255,0.5054,0.1201,3,0,0,0,none,0.6,3,urban
L005941,S0266,J027,v1.2,0.5785,0.4845,0.094,2,0,0,0,none,0.593,2,semi_urban
L005942,S0096,J028,v1.1,0.558,0.4612,0.0968,5,0,0,0,none,0.374,2,rural
L005956,S0107,J011,v1.0,0.0649,0.0649,0.0,3,0,0,0,none,0.0,2,rural
L005957,S0196,J022,v1.1,0.8255,0.7039,0.1216,5,1,0,0,none,0.47,2,urban
L005961,S0280,J047,v1.1,0.5492,0.4975,0.0516,3,1,0,0,none,0.259,1,urban
L005965,S0052,J042,v1.2,0.4336,0.3279,0.1058,2,0,0,0,none,0.667,3,semi_urban
L005974,S0133,J037,v1.2,0.4874,0.3681,0.1193,1,0,0,0,none,1.193,2,rural
L005990,S0024,J016,v1.1,0.5889,0.4595,0.1293,2,0,0,0,none,0.816,3,rural
L005998,S0028,J035,v1.2,0.7154,0.6248,0.0907,2,0,0,1,false_positive,0.572,1,semi_urban
L005999,S0090,J027,v1.2,0.5289,0.4522,0.0768,4,0,0,0,none,0.33,1,semi_urban
L006004,S0107,J011,v1.0,0.1771,0.1771,0.0,1,0,0,0,none,0.0,2,rural
L006007,S0179,J022,v1.0,0.3073,0.3073,0.0,2,0,0,0,none,0.0,3,urban
L006011,S0039,J024,v1.2,0.4816,0.4093,0.0722,4,1,0,0,none,0.311,2,rural
L006023,S0186,J047,v1.1,0.5652,0.4534,0.1118,5,0,0,0,none,0.433,2,urban
L006027,S0264,J019,v1.2,0.5824,0.5362,0.0461,4,1,0,0,none,0.199,3,semi_urban
L006039,S0198,J021,v1.2,0.2719,0.262,0.0099,4,0,0,0,none,0.043,1,urban
L006046,S0236,J011,v1.1,0.2735,0.1506,0.1229,3,0,0,0,none,0.614,2,semi_urban
L006053,S0061,J037,v1.0,0.4897,0.4897,0.0,5,0,0,0,none,0.0,2,urban
L006058,S0298,J002,v1.2,0.2568,0.2281,0.0287,4,0,0,0,none,0.124,3,rural
L006080,S0127,J025,v1.1,0.6362,0.5904,0.0457,5,0,0,0,none,0.177,1,rural
L006087,S0187,J049,v1.1,0.9165,0.7733,0.1432,5,0,0,1,false_positive,0.554,1,urban
L006093,S0127,J026,v1.2,0.8088,0.697,0.1118,1,1,0,0,none,1.118,1,rural
L006096,S0125,J018,v1.2,0.3249,0.2327,0.0922,5,1,1,1,false_negative,0.357,2,rural
L006097,S0168,J043,v1.2,0.6012,0.5539,0.0473,5,0,0,0,none,0.183,2,urban
L006105,S0031,J001,v1.1,0.1967,0.1219,0.0748,2,0,0,0,none,0.472,3,urban
L006106,S0237,J027,v1.1,0.4747,0.3905,0.0842,4,1,0,0,none,0.363,3,urban
L006110,S0137,J034,v1.0,0.6394,0.6394,0.0,5,0,0,0,none,0.0,2,semi_urban
L006111,S0168,J027,v1.2,0.6635,0.5586,0.1049,5,0,0,0,none,0.406,2,urban
L006113,S0285,J023,v1.2,0.6839,0.6121,0.0717,3,0,0,0,none,0.359,2,semi_urban
L006122,S0020,J030,v1.2,0.4745,0.3902,0.0843,2,0,0,0,none,0.532,3,rural
L006125,S0276,J044,v1.2,0.4268,0.3637,0.0631,3,0,0,0,none,0.315,2,rural
L006127,S0153,J033,v1.2,0.7939,0.6368,0.1571,4,0,0,1,false_positive,0.677,2,urban
L006141,S0221,J039,v1.2,0.6972,0.5708,0.1264,4,0,0,0,none,0.544,2,urban
L006146,S0009,J030,v1.2,0.181,0.1298,0.0512,1,0,0,0,none,0.512,2,urban
L006148,S0016,J001,v1.1,0.1576,0.0606,0.0971,2,0,0,0,none,0.612,2,urban
L006156,S0263,J014,v1.1,0.4435,0.4022,0.0414,1,1,0,0,none,0.413,1,semi_urban
L006164,S0050,J023,v1.2,0.8022,0.7484,0.0537,3,0,0,1,false_positive,0.269,1,semi_urban
L006177,S0089,J013,v1.0,0.1973,0.1973,0.0,1,0,0,0,none,0.0,2,rural
L006181,S0018,J013,v1.2,0.4355,0.373,0.0625,1,0,0,0,none,0.625,3,urban
L006185,S0265,J015,v1.0,0.7093,0.7093,0.0,3,1,0,0,none,0.0,1,semi_urban
L006207,S0240,J010,v1.1,0.557,0.5482,0.0088,5,0,0,0,none,0.034,3,rural
L006221,S0208,J001,v1.1,0.4633,0.4091,0.0542,1,0,0,0,none,0.542,1,urban
L006228,S0054,J001,v1.1,0.8712,0.8107,0.0606,5,1,0,0,none,0.234,3,urban
L006232,S0187,J032,v1.0,0.5726,0.5726,0.0,1,0,0,0,none,0.0,1,urban
L006235,S0000,J023,v1.2,0.8916,0.8225,0.0691,4,0,0,1,false_positive,0.298,3,semi_urban
L006237,S0148,J037,v1.2,0.6918,0.6225,0.0694,1,1,1,0,none,0.693,2,urban
L006238,S0286,J012,v1.1,0.526,0.4496,0.0764,5,0,0,0,none,0.296,1,urban
L006251,S0193,J035,v1.0,0.8431,0.8431,0.0,5,1,0,0,none,0.0,3,urban
L006262,S0153,J020,v1.2,0.873,0.7684,0.1046,2,0,0,1,false_positive,0.66,2,urban
L006266,S0033,J001,v1.2,0.2409,0.1912,0.0497,4,0,0,0,none,0.214,2,rural
L006267,S0274,J034,v1.1,0.5098,0.4338,0.076,3,0,0,0,none,0.38,2,rural
L006302,S0286,J030,v1.2,0.3305,0.3098,0.0207,3,0,0,0,none,0.103,1,urban
L006310,S0236,J036,v1.1,0.4819,0.3939,0.088,4,0,0,0,none,0.379,2,semi_urban
L006316,S0269,J010,v1.1,0.8292,0.7354,0.0938,4,0,0,1,false_positive,0.404,1,semi_urban
L006328,S0276,J039,v1.2,0.5181,0.4498,0.0683,1,1,0,0,none,0.683,2,rural
L006338,S0287,J011,v1.1,0.2359,0.1582,0.0777,3,0,0,0,none,0.388,2,urban
L006340,S0077,J003,v1.2,0.9064,0.7847,0.1218,3,0,0,1,false_positive,0.609,2,urban
L006343,S0096,J047,v1.1,0.2803,0.218,0.0623,1,0,0,0,none,0.623,2,rural
L006359,S0064,J003,v1.1,0.7861,0.6817,0.1044,2,0,0,1,false_positive,0.659,2,semi_urban
L006366,S0100,J043,v1.2,0.4919,0.3764,0.1155,3,0,0,0,none,0.577,3,urban
L006367,S0123,J034,v1.1,0.683,0.6532,0.0298,5,0,0,0,none,0.115,2,urban
L006371,S0001,J010,v1.0,0.4335,0.4335,0.0,5,0,0,0,none,0.0,2,urban
L006376,S0030,J035,v1.1,0.7175,0.613,0.1045,5,0,0,1,false_positive,0.404,3,semi_urban
L006408,S0103,J019,v1.1,0.7434,0.7302,0.0132,2,0,0,1,false_positive,0.083,3,urban
L006417,S0175,J018,v1.0,0.2151,0.2151,0.0,5,0,0,0,none,0.0,1,urban
L006425,S0260,J028,v1.1,0.9022,0.8448,0.0574,4,0,0,1,false_positive,0.247,1,urban
L006432,S0070,J017,v1.2,0.2399,0.1361,0.1038,2,0,0,0,none,0.655,1,semi_urban
L006442,S0081,J015,v1.2,0.7247,0.6808,0.0439,2,0,0,1,false_positive,0.277,2,rural
L006457,S0243,J029,v1.2,0.461,0.3595,0.1015,2,0,0,0,none,0.64,2,rural
L006471,S0158,J000,v1.2,0.6246,0.5182,0.1065,1,1,0,0,none,1.064,3,semi_urban
L006478,S0013,J010,v1.1,0.3602,0.2785,0.0816,3,0,0,0,none,0.408,3,urban
L006480,S0103,J016,v1.2,0.7931,0.7376,0.0555,3,0,0,1,false_positive,0.277,3,urban
L006497,S0293,J025,v1.1,0.6769,0.6222,0.0547,4,0,0,0,none,0.236,1,semi_urban
L006498,S0264,J033,v1.1,0.5385,0.4292,0.1093,4,0,0,0,none,0.471,3,semi_urban
L006501,S0047,J045,v1.1,0.598,0.4696,0.1284,2,0,0,0,none,0.81,2,urban
L006506,S0187,J014,v1.2,0.3076,0.2091,0.0986,4,0,0,0,none,0.424,1,urban
L006520,S0254,J010,v1.2,0.8076,0.6847,0.1229,5,0,0,1,false_positive,0.475,1,urban
L006524,S0045,J006,v1.1,0.8925,0.8189,0.0736,2,1,0,0,none,0.464,3,semi_urban
L006525,S0285,J039,v1.1,0.4119,0.3493,0.0626,3,0,0,0,none,0.313,2,semi_urban
L006538,S0022,J014,v1.1,0.0671,0.0,0.0671,1,0,0,0,none,0.671,3,urban
L006539,S0089,J029,v1.1,0.3724,0.2349,0.1375,5,0,0,0,none,0.532,2,rural
L006541,S0287,J009,v1.2,0.4201,0.4098,0.0103,2,0,0,0,none,0.065,2,urban
L006543,S0224,J001,v1.2,0.2713,0.1705,0.1008,2,0,0,0,none,0.636,2,urban
L006548,S0108,J030,v1.2,0.2983,0.25,0.0483,5,0,0,0,none,0.187,1,urban
L006555,S0250,J020,v1.2,0.7573,0.6601,0.0972,3,0,0,1,false_positive,0.486,2,urban
L006556,S0012,J005,v1.2,0.6715,0.6069,0.0646,2,0,0,0,none,0.408,2,urban
L006557,S0282,J014,v1.2,0.3329,0.2882,0.0448,2,0,0,0,none,0.282,1,urban
L006559,S0101,J041,v1.1,0.5728,0.4656,0.1072,3,1,1,0,none,0.536,2,rural
L006563,S0013,J009,v1.2,0.3019,0.2037,0.0982,2,0,0,0,none,0.62,3,urban
L006565,S0236,J005,v1.2,0.3179,0.2563,0.0616,5,1,0,1,false_negative,0.238,2,semi_urban
L006569,S0158,J027,v1.1,0.5532,0.504,0.0493,3,1,0,0,none,0.246,3,semi_urban
L006573,S0084,J033,v1.1,0.5907,0.5454,0.0453,2,0,0,0,none,0.286,1,urban
L006574,S0007,J011,v1.2,0.4867,0.361,0.1258,4,0,0,0,none,0.541,3,semi_urban
L006591,S0109,J032,v1.2,0.7322,0.6593,0.0728,5,1,0,0,none,0.282,3,rural
L006601,S0020,J033,v1.2,0.6725,0.593,0.0795,3,1,0,0,none,0.398,3,rural
L006615,S0227,J040,v1.0,0.6906,0.6906,0.0,4,0,0,0,none,0.0,2,rural
L006622,S0226,J044,v1.0,0.4427,0.4427,0.0,3,0,0,0,none,0.0,1,rural
L006626,S0252,J001,v1.2,0.1236,0.0,0.1236,1,0,0,0,none,1.236,2,urban
L006632,S0123,J015,v1.2,0.767,0.7643,0.0027,5,1,0,0,none,0.01,2,urban
L006636,S0139,J042,v1.2,0.5476,0.4764,0.0712,2,0,0,0,none,0.449,1,semi_urban
L006679,S0056,J027,v1.2,0.1817,0.0649,0.1168,2,0,0,0,none,0.737,2,semi_urban
L006680,S0072,J037,v1.2,0.3794,0.3237,0.0557,2,1,1,1,false_negative,0.351,3,urban
L006685,S0185,J042,v1.2,0.8203,0.7346,0.0857,1,0,0,1,false_positive,0.857,2,urban
L006687,S0187,J019,v1.2,0.6351,0.5575,0.0776,5,1,0,0,none,0.3,1,urban
L006715,S0133,J004,v1.0,0.5233,0.5233,0.0,4,0,0,0,none,0.0,2,rural
L006723,S0235,J033,v1.2,0.6179,0.5601,0.0577,2,0,0,0,none,0.365,3,urban
L006728,S0020,J049,v1.1,0.8561,0.7687,0.0874,4,1,0,0,none,0.376,3,rural
L006738,S0242,J013,v1.1,0.2894,0.2032,0.0862,3,0,0,0,none,0.431,1,rural
L006739,S0017,J044,v1.1,0.1387,0.0803,0.0584,2,0,0,0,none,0.368,1,semi_urban
L006743,S0229,J026,v1.0,0.4903,0.4903,0.0,4,0,0,0,none,0.0,1,urban
L006752,S0225,J046,v1.1,0.8285,0.8158,0.0127,4,1,1,0,none,0.055,3,urban
L006758,S0257,J025,v1.0,0.3775,0.3775,0.0,1,0,0,0,none,0.0,1,urban
L006765,S0008,J036,v1.2,1.0,0.9229,0.1265,1,0,0,1,false_positive,0.771,1,urban
L006771,S0039,J041,v1.1,0.5977,0.5446,0.0531,4,0,0,0,none,0.229,2,rural
L006787,S0087,J009,v1.2,0.4238,0.3518,0.072,1,1,1,0,none,0.72,2,rural
L006788,S0027,J001,v1.2,0.4606,0.3694,0.0913,3,0,0,0,none,0.456,1,semi_urban
L006793,S0006,J001,v1.2,0.344,0.252,0.092,3,1,0,1,false_negative,0.46,3,urban
L006801,S0229,J035,v1.1,0.6125,0.5335,0.079,3,0,0,0,none,0.395,1,urban
L006810,S0146,J007,v1.0,0.43,0.43,0.0,1,1,0,0,none,0.0,2,rural
L006819,S0207,J034,v1.0,0.5767,0.5767,0.0,5,0,0,0,none,0.0,2,rural
L006828,S0089,J048,v1.0,0.288,0.288,0.0,2,0,0,0,none,0.0,2,rural
L006829,S0192,J044,v1.1,0.6693,0.5739,0.0954,1,1,0,0,none,0.954,1,semi_urban
L006830,S0012,J008,v1.0,0.5733,0.5733,0.0,3,0,0,0,none,0.0,2,urban
L006833,S0058,J005,v1.2,0.4982,0.4362,0.062,3,0,0,0,none,0.31,1,urban
L006845,S0253,J048,v1.2,0.6194,0.5504,0.0689,5,0,0,0,none,0.267,1,rural
L006852,S0260,J021,v1.1,0.5701,0.4953,0.0748,1,1,0,0,none,0.748,1,urban
L006854,S0118,J029,v1.1,0.4,0.331,0.069,2,0,0,0,none,0.435,2,urban
L006855,S0284,J008,v1.2,0.2833,0.2051,0.0781,5,0,0,0,none,0.303,2,rural
L006862,S0169,J004,v1.2,0.8376,0.7642,0.0735,3,0,0,1,false_positive,0.367,3,semi_urban
L006868,S0231,J025,v1.0,0.2913,0.2913,0.0,5,0,0,0,none,0.0,2,semi_urban
L006871,S0082,J016,v1.0,0.6459,0.6459,0.0,3,1,0,0,none,0.0,3,semi_urban
L006884,S0091,J034,v1.2,0.5504,0.4855,0.065,4,0,0,0,none,0.28,2,urban
L006890,S0191,J022,v1.1,0.3218,0.29,0.0318,3,0,0,0,none,0.159,1,semi_urban
L006892,S0266,J021,v1.2,0.2538,0.1624,0.0915,5,0,0,0,none,0.354,2,semi_urban
L006904,S0112,J023,v1.1,0.5856,0.543,0.0426,5,0,0,0,none,0.165,2,urban
L006908,S0140,J047,v1.2,0.6474,0.5182,0.1292,3,0,0,0,none,0.646,2,rural
L006913,S0113,J045,v1.0,0.3955,0.3955,0.0,4,0,0,0,none,0.0,2,rural
L006924,S0107,J025,v1.0,0.3783,0.3783,0.0,4,0,0,0,none,0.0,2,rural
L006938,S0263,J035,v1.1,0.8396,0.74,0.0996,3,0,0,1,false_positive,0.498,1,semi_urban
L006944,S0047,J027,v1.2,0.449,0.3328,0.1162,2,0,0,0,none,0.733,2,urban
L006952,S0227,J015,v1.0,0.7173,0.7173,0.0,4,1,0,0,none,0.0,2,rural
L006962,S0279,J035,v1.1,0.6483,0.6017,0.0466,5,0,0,0,none,0.18,3,urban
L006963,S0203,J033,v1.1,0.6578,0.5107,0.147,4,0,0,0,none,0.634,1,semi_urban
L006968,S0250,J028,v1.2,0.7175,0.6864,0.0311,2,0,0,1,false_positive,0.196,2,urban
L006972,S0103,J048,v1.0,0.6096,0.6096,0.0,5,0,0,0,none,0.0,3,urban
L006982,S0263,J045,v1.2,0.6647,0.6147,0.05,4,0,0,0,none,0.215,1,semi_urban
L006985,S0221,J024,v1.2,0.6801,0.6153,0.0649,2,0,0,0,none,0.409,2,urban
L006989,S0286,J011,v1.1,0.3576,0.2919,0.0657,4,0,0,0,none,0.283,1,urban
L006998,S0293,J024,v1.2,0.6237,0.5079,0.1158,2,0,0,0,none,0.731,1,semi_urban
L007008,S0073,J025,v1.2,0.8213,0.7737,0.0476,4,0,0,1,false_positive,0.205,1,urban
L007010,S0054,J014,v1.0,0.5855,0.5855,0.0,1,1,0,0,none,0.0,3,urban
L007014,S0132,J048,v1.1,0.5186,0.4597,0.0589,1,0,0,0,none,0.589,2,semi_urban
L007022,S0216,J020,v1.2,0.838,0.7013,0.1367,5,0,0,1,false_positive,0.529,1,urban
L007023,S0151,J014,v1.1,0.1181,0.0,0.1181,2,0,0,0,none,0.745,3,rural
L007025,S0105,J006,v1.0,0.9782,0.9782,0.0,1,1,0,0,none,0.0,3,rural
L007028,S0006,J035,v1.0,0.4204,0.4204,0.0,3,0,0,0,none,0.0,3,urban
L007033,S0248,J011,v1.2,0.3926,0.3086,0.0841,4,0,0,0,none,0.362,2,semi_urban
L007041,S0217,J026,v1.1,0.3772,0.2736,0.1036,2,0,0,0,none,0.654,1,semi_urban
L007051,S0195,J041,v1.2,0.5657,0.4843,0.0815,2,0,0,0,none,0.514,1,semi_urban
L007062,S0194,J034,v1.1,0.8152,0.7403,0.0748,4,0,0,1,false_positive,0.323,1,semi_urban
L007063,S0269,J007,v1.2,1.0,0.9118,0.1122,5,0,0,1,false_positive,0.341,1,semi_urban
L007064,S0041,J043,v1.0,0.28,0.28,0.0,2,0,0,0,none,0.0,3,rural
L007068,S0026,J019,v1.2,0.5114,0.4172,0.0942,4,0,0,0,none,0.406,2,rural
L007070,S0186,J034,v1.2,0.8114,0.7249,0.0865,4,0,0,1,false_positive,0.373,2,urban
L007078,S0041,J005,v1.1,0.4166,0.3663,0.0503,4,0,0,0,none,0.217,3,rural
L007085,S0032,J037,v1.1,0.5673,0.4558,0.1115,2,0,0,0,none,0.703,2,semi_urban
L007094,S0052,J036,v1.0,0.2552,0.2552,0.0,4,0,0,0,none,0.0,3,semi_urban
L007101,S0175,J046,v1.0,0.5368,0.5368,0.0,5,0,0,0,none,0.0,1,urban
L007111,S0047,J046,v1.1,0.7826,0.7577,0.0249,1,1,0,0,none,0.249,2,urban
L007118,S0135,J048,v1.2,0.4958,0.4168,0.079,2,0,0,0,none,0.498,1,urban
L007135,S0229,J016,v1.2,0.6635,0.594,0.0695,5,0,0,0,none,0.269,1,urban
L007136,S0042,J044,v1.1,0.6216,0.549,0.0726,2,0,0,0,none,0.458,3,rural
L007138,S0157,J044,v1.2,0.6584,0.495,0.1634,3,0,0,0,none,0.817,2,urban
L007171,S0124,J026,v1.2,0.5001,0.43,0.0701,2,0,0,0,none,0.442,1,semi_urban
L007206,S0211,J029,v1.1,0.4374,0.2925,0.1449,4,0,0,0,none,0.624,2,rural
L007207,S0204,J033,v1.2,0.6645,0.5505,0.1139,4,0,0,0,none,0.491,1,semi_urban
L007208,S0222,J047,v1.2,0.4034,0.3103,0.0931,1,0,0,0,none,0.931,2,urban
L007209,S0036,J037,v1.2,0.5093,0.4681,0.0413,2,0,0,0,none,0.26,1,urban
L007225,S0184,J028,v1.1,0.857,0.786,0.071,1,1,0,0,none,0.71,3,urban
L007231,S0112,J035,v1.2,0.4461,0.3611,0.085,4,0,0,0,none,0.366,2,urban
L007236,S0294,J009,v1.1,0.3537,0.2835,0.0702,1,0,0,0,none,0.702,3,urban
L007239,S0007,J013,v1.1,0.5328,0.4542,0.0786,4,0,0,0,none,0.339,3,semi_urban
L007260,S0047,J038,v1.2,0.8821,0.8647,0.0174,5,0,0,1,false_positive,0.067,2,urban
L007262,S0066,J008,v1.0,0.3833,0.3833,0.0,2,1,0,1,false_negative,0.0,2,semi_urban
L007263,S0122,J038,v1.2,0.7934,0.6854,0.108,1,0,0,1,false_positive,1.08,1,urban
L007270,S0245,J048,v1.2,0.3488,0.2915,0.0573,2,0,0,0,none,0.362,3,urban
L007271,S0089,J003,v1.2,0.5893,0.5561,0.0332,4,1,0,0,none,0.143,2,rural
L007277,S0173,J043,v1.2,0.4003,0.3155,0.0848,2,0,0,0,none,0.535,3,urban
L007278,S0081,J024,v1.1,0.6568,0.5643,0.0924,1,0,0,0,none,0.925,2,rural
L007279,S0192,J027,v1.0,0.7118,0.7118,0.0,1,0,0,1,false_positive,0.0,1,semi_urban
L007280,S0208,J032,v1.2,0.7454,0.6512,0.0942,1,0,0,1,false_positive,0.942,1,urban
L007281,S0096,J020,v1.1,0.5909,0.483,0.1078,4,1,0,0,none,0.465,2,rural
L007309,S0235,J022,v1.2,0.5024,0.4692,0.0332,5,0,0,0,none,0.128,3,urban
L007310,S0209,J047,v1.2,0.4739,0.4106,0.0633,4,0,0,0,none,0.273,2,urban
L007311,S0191,J044,v1.1,0.2293,0.1466,0.0827,5,0,0,0,none,0.32,1,semi_urban
L007326,S0022,J046,v1.2,0.579,0.4509,0.1281,1,1,1,0,none,1.281,3,urban
L007328,S0162,J036,v1.2,0.2251,0.1266,0.0985,2,0,0,0,none,0.621,1,rural
L007329,S0018,J024,v1.2,0.4679,0.3515,0.1164,3,0,0,0,none,0.582,3,urban
L007332,S0027,J044,v1.1,0.339,0.2392,0.0998,5,0,0,0,none,0.386,1,semi_urban
L007346,S0238,J048,v1.2,0.6528,0.5673,0.0855,2,0,0,0,none,0.539,1,urban
L007351,S0201,J043,v1.2,0.4377,0.3778,0.0599,2,1,0,0,none,0.378,3,rural
L007371,S0104,J029,v1.2,0.6303,0.5542,0.0761,3,0,0,0,none,0.38,3,rural
L007373,S0150,J040,v1.1,0.7151,0.6648,0.0503,5,0,0,1,false_positive,0.195,3,urban
L007381,S0203,J046,v1.0,0.7488,0.7488,0.0,2,1,0,0,none,0.0,1,semi_urban
L007386,S0273,J033,v1.2,0.5457,0.4386,0.1071,4,0,0,0,none,0.461,2,semi_urban
L007408,S0032,J027,v1.1,0.5539,0.4344,0.1194,2,1,0,0,none,0.754,2,semi_urban
L007431,S0132,J008,v1.2,0.6233,0.5159,0.1074,5,0,0,0,none,0.415,2,semi_urban
L007432,S0031,J039,v1.2,0.1591,0.0859,0.0732,5,0,0,0,none,0.283,3,urban
L007436,S0289,J043,v1.1,0.2475,0.157,0.0904,3,0,0,0,none,0.452,1,urban
L007440,S0299,J009,v1.2,0.4536,0.4226,0.0309,1,0,0,0,none,0.31,2,semi_urban
L007443,S0116,J048,v1.2,0.142,0.0809,0.0611,4,0,0,0,none,0.263,3,urban
L007450,S0147,J037,v1.0,0.2278,0.2278,0.0,4,0,0,0,none,0.0,2,semi_urban
L007451,S0175,J021,v1.0,0.0473,0.0473,0.0,5,0,0,0,none,0.0,1,urban
L007460,S0263,J041,v1.1,0.7828,0.7216,0.0612,3,1,0,0,none,0.306,1,semi_urban
L007465,S0089,J032,v1.2,0.4115,0.3036,0.1079,2,0,0,0,none,0.681,2,rural
L007477,S0123,J043,v1.1,0.4852,0.4427,0.0425,3,0,0,0,none,0.213,2,urban
L007485,S0199,J003,v1.1,0.5611,0.5413,0.0198,3,0,0,0,none,0.099,2,semi_urban
L007489,S0075,J004,v1.2,0.9081,0.8789,0.0292,5,1,0,0,none,0.113,2,urban
L007492,S0032,J004,v1.0,0.6479,0.6479,0.0,5,0,0,0,none,0.0,2,semi_urban
L007498,S0275,J002,v1.2,0.7359,0.6506,0.0853,4,1,0,0,none,0.367,2,semi_urban
L007500,S0102,J044,v1.0,0.3758,0.3758,0.0,2,0,0,0,none,0.0,2,semi_urban
L007503,S0266,J025,v1.2,0.5034,0.4572,0.0461,5,0,0,0,none,0.179,2,semi_urban
L007526,S0102,J003,v1.1,0.7781,0.6471,0.131,3,1,0,0,none,0.655,2,semi_urban
L007532,S0165,J042,v1.1,0.5389,0.4473,0.0916,1,1,1,0,none,0.916,2,semi_urban
L007537,S0281,J003,v1.1,0.6106,0.4741,0.1365,2,0,0,0,none,0.861,1,semi_urban
L007538,S0196,J042,v1.0,0.8674,0.8674,0.0,5,0,0,1,false_positive,0.0,2,urban
L007546,S0210,J023,v1.2,0.5811,0.4752,0.1059,2,0,0,0,none,0.668,2,urban
L007554,S0118,J033,v1.0,0.5112,0.5112,0.0,5,0,0,0,none,0.0,2,urban
L007555,S0015,J017,v1.0,0.7334,0.7334,0.0,5,1,0,0,none,0.0,1,urban
L007563,S0002,J001,v1.1,0.4632,0.4195,0.0437,4,0,0,0,none,0.188,3,semi_urban
L007567,S0146,J020,v1.2,0.5694,0.4341,0.1353,3,0,0,0,none,0.677,2,rural
L007578,S0053,J004,v1.0,0.7187,0.7187,0.0,3,0,0,1,false_positive,0.0,2,semi_urban
L007586,S0041,J046,v1.2,0.669,0.6169,0.0521,2,0,0,0,none,0.329,3,rural
L007591,S0157,J041,v1.1,0.5579,0.4773,0.0806,3,0,0,0,none,0.403,2,urban
L007595,S0054,J014,v1.2,0.6192,0.5638,0.0553,3,0,0,0,none,0.277,3,urban
L007598,S0194,J023,v1.1,0.841,0.7704,0.0706,2,0,0,1,false_positive,0.445,1,semi_urban
L007606,S0189,J012,v1.0,0.4626,0.4626,0.0,5,0,0,0,none,0.0,2,semi_urban
L007609,S0112,J027,v1.1,0.2919,0.191,0.1009,3,0,0,0,none,0.504,2,urban
L007624,S0011,J004,v1.2,0.671,0.6068,0.0641,4,0,0,0,none,0.276,3,urban
L007642,S0074,J002,v1.1,0.5816,0.4617,0.1199,4,0,0,0,none,0.516,1,urban
L007644,S0090,J008,v1.1,0.578,0.4848,0.0932,2,0,0,0,none,0.588,1,semi_urban
L007648,S0133,J007,v1.0,0.568,0.568,0.0,2,0,0,0,none,0.0,2,rural
L007657,S0038,J008,v1.1,0.2345,0.1451,0.0894,5,0,0,0,none,0.346,1,urban
L007679,S0031,J011,v1.1,0.1298,0.0466,0.0832,4,0,0,0,none,0.358,3,urban
L007681,S0069,J030,v1.1,0.3472,0.2686,0.0786,1,0,0,0,none,0.786,2,rural
L007688,S0238,J039,v1.2,0.5571,0.4808,0.0763,4,0,0,0,none,0.329,1,urban
L007690,S0175,J010,v1.2,0.4274,0.3371,0.0903,1,0,0,0,none,0.903,1,urban
L007700,S0289,J046,v1.1,0.5097,0.4095,0.1002,2,0,0,0,none,0.632,1,urban
L007703,S0149,J029,v1.0,0.5584,0.5584,0.0,1,0,0,0,none,0.0,1,semi_urban
L007707,S0231,J004,v1.1,0.543,0.432,0.1111,4,0,0,0,none,0.478,2,semi_urban
L007712,S0283,J029,v1.0,0.2738,0.2738,0.0,1,1,1,1,false_negative,0.0,1,urban
L007714,S0179,J040,v1.1,0.5821,0.4873,0.0948,1,0,0,0,none,0.948,3,urban
L007735,S0154,J019,v1.1,0.8142,0.702,0.1123,1,1,1,0,none,1.122,1,urban
L007740,S0097,J029,v1.2,0.6506,0.5424,0.1081,4,1,0,0,none,0.466,1,urban
L007741,S0217,J036,v1.1,0.456,0.3469,0.1091,3,0,0,0,none,0.546,1,semi_urban
L007745,S0200,J040,v1.1,0.6285,0.5948,0.0337,1,0,0,0,none,0.337,3,semi_urban
L007746,S0200,J038,v1.0,0.6526,0.6526,0.0,1,1,0,0,none,0.0,3,semi_urban
L007760,S0260,J013,v1.0,0.6321,0.6321,0.0,3,1,0,0,none,0.0,1,urban
L007761,S0261,J007,v1.0,0.9782,0.9782,0.0,1,1,0,0,none,0.0,3,urban
L007763,S0215,J037,v1.2,0.5459,0.4313,0.1146,1,1,0,0,none,1.146,3,urban
L007774,S0251,J047,v1.2,0.5208,0.4363,0.0845,2,0,0,0,none,0.533,3,urban
L007778,S0077,J033,v1.1,0.6732,0.621,0.0522,2,0,0,0,none,0.329,2,urban
L007779,S0154,J027,v1.2,0.5581,0.5143,0.0438,3,1,1,0,none,0.219,1,urban
L007786,S0283,J018,v1.1,0.4547,0.3308,0.1239,5,0,0,0,none,0.479,1,urban
L007790,S0263,J047,v1.1,0.675,0.6011,0.074,1,1,0,0,none,0.739,1,semi_urban
L007792,S0278,J021,v1.1,0.1717,0.1141,0.0576,4,0,0,0,none,0.248,3,rural
L007794,S0070,J044,v1.2,0.0798,0.032,0.0478,1,0,0,0,none,0.478,1,semi_urban
L007801,S0036,J025,v1.1,0.5847,0.5666,0.0182,1,0,0,0,none,0.181,1,urban
L007804,S0200,J027,v1.1,0.5403,0.4595,0.0809,2,1,0,0,none,0.51,3,semi_urban
L007806,S0282,J049,v1.2,0.8003,0.7516,0.0488,3,1,0,0,none,0.243,1,urban
L007807,S0273,J042,v1.1,0.5526,0.4692,0.0833,4,0,0,0,none,0.359,2,semi_urban
L007820,S0256,J047,v1.2,0.5124,0.4169,0.0955,3,0,0,0,none,0.477,3,urban
L007828,S0221,J026,v1.2,0.7074,0.6434,0.064,3,0,0,1,false_positive,0.32,2,urban
L007832,S0127,J005,v1.1,0.6389,0.5594,0.0795,4,0,0,0,none,0.342,1,rural
L007845,S0294,J001,v1.2,0.2982,0.2245,0.0736,4,0,0,0,none,0.317,3,urban
L007847,S0294,J015,v1.2,0.4368,0.3674,0.0694,4,0,0,0,none,0.299,3,urban
L007848,S0132,J025,v1.2,0.6545,0.5564,0.098,5,0,0,0,none,0.38,2,semi_urban
L007853,S0148,J037,v1.1,0.6458,0.5837,0.0621,1,0,0,0,none,0.621,2,urban
L007859,S0146,J007,v1.2,0.4518,0.4159,0.0359,2,0,0,0,none,0.227,2,rural
L007879,S0149,J022,v1.2,0.6218,0.5347,0.0871,2,0,0,0,none,0.55,1,semi_urban
L007881,S0223,J009,v1.1,0.444,0.3763,0.0677,3,0,0,0,none,0.338,3,semi_urban
L007885,S0290,J000,v1.2,0.7531,0.655,0.0982,5,0,0,1,false_positive,0.38,3,rural
L007888,S0044,J046,v1.2,0.8058,0.7057,0.1001,2,1,0,0,none,0.632,3,semi_urban
L007894,S0110,J029,v1.2,0.6926,0.6668,0.0259,2,0,0,0,none,0.163,2,semi_urban
L007902,S0168,J029,v1.0,0.5861,0.5861,0.0,2,0,0,0,none,0.0,2,urban
L007911,S0062,J047,v1.1,0.5105,0.4827,0.0278,3,1,0,0,none,0.139,2,urban
L007912,S0032,J042,v1.1,0.7881,0.7136,0.0745,1,1,1,0,none,0.745,2,semi_urban
L007923,S0151,J042,v1.1,0.5659,0.486,0.0798,2,0,0,0,none,0.504,3,rural
L007925,S0271,J008,v1.2,0.3488,0.2391,0.1097,5,0,0,0,none,0.424,1,rural
L007927,S0280,J039,v1.1,0.5606,0.4992,0.0614,2,1,1,0,none,0.387,1,urban
L007928,S0103,J033,v1.2,0.7283,0.6495,0.0788,3,0,0,1,false_positive,0.394,3,urban
L007945,S0039,J026,v1.0,0.6558,0.6558,0.0,2,1,1,0,none,0.0,2,rural
L007948,S0176,J045,v1.2,0.6556,0.6094,0.0462,1,0,0,0,none,0.462,2,urban
L007956,S0059,J000,v1.2,0.5363,0.4137,0.1225,3,0,0,0,none,0.613,1,semi_urban
L007960,S0195,J008,v1.2,0.4702,0.4489,0.0213,5,0,0,0,none,0.082,1,semi_urban
L007965,S0234,J030,v1.2,0.2709,0.1359,0.135,2,0,0,0,none,0.852,3,urban
L007971,S0012,J028,v1.2,0.9793,0.8985,0.0809,5,1,1,0,none,0.313,2,urban
L007982,S0041,J002,v1.1,0.4486,0.4157,0.0329,1,1,0,0,none,0.329,3,rural
L007984,S0080,J036,v1.1,0.5573,0.5339,0.0234,5,0,0,0,none,0.091,2,semi_urban
L007992,S0020,J029,v1.2,0.4755,0.4115,0.0641,2,0,0,0,none,0.404,3,rural
