candidate_id,city,level,years_exp,skill_0,skill_1,skill_2,skill_3,skill_4,skill_5,skill_6,skill_7,skill_8,skill_9,skill_10,skill_11,skill_12,skill_13,skill_14,skill_15,skill_16,skill_17,skill_18,skill_19,skill_20,skill_21,skill_22,skill_23,skill_24
C0000,Pune,intern,0.09346147941304572,0,0,0,0,0,0,0,0,0,0,1,0,0,0,0,1,0,1,0,0,0,0,0,0,0
C0001,Delhi-NCR,senior,5.402528026756137,0,0,0,1,0,0,0,0,0,0,0,1,0,1,0,1,0,1,0,0,1,0,0,0,1
C0002,Bengaluru,junior,7.66762401602209,0,1,1,0,1,0,0,0,0,0,0,0,1,0,0,0,0,0,0,0,0,1,0,0,0
C0003,Delhi-NCR,mid,2.7807549508461533,0,0,0,0,1,0,0,0,1,1,0,0,0,0,1,0,0,1,0,0,0,1,1,0,0
C0004,Delhi-NCR,junior,5.951778363474103,0,1,0,0,0,0,1,0,1,0,0,1,0,0,0,0,0,0,0,1,0,0,0,0,0
C0005,Chennai,senior,4.350057427422184,0,0,0,1,0,0,0,0,0,1,0,0,0,0,0,1,0,0,0,1,0,0,0,1,0
C0006,Bengaluru,mid,2.0833664552699744,0,0,0,1,1,1,0,0,0,0,0,0,0,1,0,0,0,0,0,1,1,0,0,1,1
C0007,Delhi-NCR,mid,6.1336797393785645,1,0,1,0,0,1,0,0,0,0,1,0,0,0,0,0,1,0,0,0,0,1,0,0,1
C0008,Chennai,junior,4.427277208211696,1,0,0,0,0,1,0,1,0,0,1,0,1,0,0,0,0,0,0,0,0,0,0,1,1
C0009,Chennai,mid,3.071960380839285,0,0,0,1,0,0,0,0,0,1,0,0,0,0,0,1,0,0,0,0,0,0,0,0,0
C0010,Delhi-NCR,junior,4.037482356183062,1,0,0,1,0,0,0,1,1,0,0,0,0,0,0,0,0,1,0,0,0,0,0,0,0
C0011,Mumbai,mid,0.0,0,0,0,1,0,0,0,0,0,0,0,1,1,0,0,0,1,0,0,1,0,0,0,0,0
C0012,Bengaluru,mid,3.38368732639711,0,1,1,0,0,0,1,1,1,0,0,0,1,0,0,0,0,0,0,0,0,1,0,1,0
C0013,Bengaluru,senior,4.2163885231416085,0,1,1,0,0,0,0,0,0,1,1,0,0,0,0,0,0,1,0,1,0,1,0,0,0
C0014,Delhi-NCR,mid,4.659990051915296,0,0,0,0,0,0,0,1,0,1,0,0,0,0,1,1,0,0,0,0,0,0,0,0,1
C0015,Bengaluru,junior,0.4337108370314473,0,0,0,0,1,0,0,0,0,0,0,1,0,0,0,0,0,0,0,0,0,0,0,0,1
C0016,Mumbai,senior,6.514379703683144,0,0,0,1,0,1,0,0,1,0,1,0,0,1,0,0,0,0,0,1,0,1,0,0,0
C0017,Hyderabad,junior,1.5611767140690223,0,0,0,0,0,1,0,0,0,0,1,1,0,0,0,1,0,0,0,0,0,0,0,0,1
C0018,Mumbai,junior,2.5410762727800074,1,0,0,0,0,0,1,0,0,1,1,0,0,0,0,0,0,1,0,0,0,0,0,0,1
C0019,Remote,junior,1.1046497133028845,0,0,1,0,0,1,0,0,0,0,0,0,0,0,0,1,0,1,1,0,0,1,0,0,0
C0020,Hyderabad,junior,6.794719038622732,0,0,0,0,0,0,0,0,0,1,0,0,1,1,0,0,0,0,0,0,0,0,0,0,0
C0021,Hyderabad,lead,4.517763753166358,0,0,0,0,0,1,1,0,0,0,0,1,1,1,0,0,0,0,0,0,1,0,0,0,1
C0022,Pune,junior,4.658147504091569,0,0,0,0,0,0,0,0,0,0,0,0,0,0,0,0,0,1,0,0,1,0,1,0,0
C0023,Remote,junior,8.952783796693748,0,0,1,0,0,0,1,0,1,1,0,0,0,1,0,0,0,0,0,0,0,1,0,0,0
C0024,Mumbai,senior,8.216145475433894,0,0,0,1,0,0,0,0,0,0,0,0,0,0,0,0,0,0,0,1,0,1,0,0,0
C0025,Pune,junior,4.271754720705236,0,0,0,0,0,1,1,1,0,0,0,0,0,0,0,0,0,1,0,0,0,1,0,0,1
C0026,Remote,mid,1.3655428992137475,0,0,0,1,0,0,0,0,0,0,0,0,0,0,0,1,0,0,0,0,0,0,0,1,0
C0027,Mumbai,junior,7.008273475913812,1,1,0,0,0,0,0,0,0,0,0,0,0,0,0,1,1,1,0,1,1,0,0,0,0
C0028,Bengaluru,junior,4.271469344883623,0,0,0,0,0,0,1,0,0,0,0,1,0,1,0,0,0,0,0,0,0,1,0,1,1
C0029,Hyderabad,senior,4.946815010771021,1,0,0,1,0,0,0,0,1,0,0,0,0,0,1,0,0,0,0,0,0,0,1,0,1
C0030,Remote,mid,2.4116817179017787,0,0,1,0,0,1,1,0,0,0,0,1,0,0,0,0,0,0,1,1,0,0,0,0,0
C0031,Chennai,senior,12.71520150772122,0,0,1,0,0,0,0,1,1,0,0,0,0,0,1,0,0,0,1,0,0,1,0,1,1
C0032,Bengaluru,junior,0.0,0,1,0,1,1,0,0,1,0,1,0,1,0,0,0,0,0,0,0,1,0,0,0,0,1
C0033,Pune,mid,7.0381474534594854,1,1,0,0,0,0,0,0,0,0,0,1,0,0,0,0,0,1,0,0,0,0,0,0,0
C0034,Remote,junior,8.720064707425728,0,0,0,0,0,0,1,1,0,0,0,1,0,0,0,0,1,1,0,0,0,1,0,0,1
C0035,Hyderabad,junior,7.5734288592665955,0,1,0,0,0,0,1,0,0,1,0,0,0,0,0,0,0,0,0,0,1,0,0,0,0
C0036,Chennai,senior,0.668707946756566,0,1,0,0,0,0,0,0,0,1,0,0,0,0,0,0,0,0,0,0,0,0,0,1,0
C0037,Remote,mid,3.2894492064709473,0,0,0,0,0,1,0,0,0,0,0,1,0,1,1,1,1,0,0,1,0,0,0,1,0
C0038,Hyderabad,junior,3.816026962513458,0,1,0,1,1,1,0,0,0,0,1,1,1,0,0,0,0,0,0,0,0,0,0,0,0
C0039,Hyderabad,junior,5.317260036788729,0,0,0,1,0,1,0,1,0,0,0,0,0,0,0,1,0,0,0,1,0,0,0,0,0
C0040,Delhi-NCR,senior,4.21119256368999,0,0,0,0,1,0,0,0,0,1,0,0,1,1,0,1,0,1,0,1,0,0,0,1,0
C0041,Remote,senior,8.533685299830164,0,0,1,0,0,0,0,0,0,0,0,0,1,1,1,0,0,1,1,0,0,0,0,0,1
C0042,Pune,mid,2.043059525750213,0,0,0,0,0,0,0,0,0,0,0,0,0,0,0,0,1,0,1,0,0,1,1,1,0
C0043,Hyderabad,mid,4.216100719697733,1,0,1,0,0,0,0,0,0,0,0,0,0,1,0,0,0,0,0,0,0,0,0,0,0
C0044,Chennai,senior,6.441291069898631,0,0,0,1,1,0,0,0,0,1,0,0,0,1,1,0,0,0,0,1,0,1,1,0,0
C0045,Mumbai,junior,3.5424324026429237,0,0,0,0,0,0,0,1,0,0,0,0,0,0,0,1,1,0,0,0,1,1,0,0,0
C0046,Delhi-NCR,junior,7.986881771310967,0,1,1,1,0,0,0,0,0,1,0,1,0,0,0,0,1,0,1,0,0,0,0,1,0
C0047,Delhi-NCR,junior,8.812763084551424,1,0,0,0,0,0,0,0,0,0,1,0,0,0,0,1,0,0,0,1,0,0,1,0,0
C0048,Chennai,junior,0.0,1,0,0,0,0,0,0,0,0,0,0,0,0,1,0,1,0,0,0,0,0,0,0,0,0
C0049,Remote,junior,5.378157315149835,1,0,0,0,0,1,1,0,1,0,0,1,0,0,0,0,0,0,1,0,0,0,1,0,0
C0050,Pune,intern,4.687634122345205,0,0,1,0,0,0,0,0,0,0,0,0,0,0,0,1,0,0,0,0,0,0,0,0,1
C0051,Remote,mid,3.202483624253863,1,0,0,1,0,1,0,0,0,0,1,0,0,0,0,0,0,1,0,0,0,0,1,0,0
C0052,Remote,junior,0.0,1,1,0,1,0,0,0,0,0,0,0,0,0,0,0,0,0,0,0,0,0,0,0,0,0
C0053,Pune,junior,8.060757668708192,0,1,0,1,1,0,0,0,0,0,0,0,0,0,1,0,0,1,0,0,0,0,1,1,0
C0054,Pune,lead,0.0,0,1,0,1,0,0,0,0,0,0,1,0,1,0,0,0,0,0,1,0,1,0,0,0,0
C0055,Pune,junior,0.7907427661309301,1,1,0,0,0,1,0,0,0,1,0,0,0,1,0,0,0,0,0,0,1,0,0,1,0
C0056,Hyderabad,mid,7.201667249715949,0,0,0,0,0,1,0,0,0,1,0,1,0,0,0,1,0,1,0,0,0,1,0,0,0
C0057,Hyderabad,mid,9.853037680378899,0,0,0,0,0,1,0,0,0,0,1,0,0,0,1,0,0,0,0,0,0,0,0,1,0
C0058,Pune,mid,4.999211117854765,0,0,1,1,0,0,0,0,0,0,0,0,0,0,0,0,0,0,0,0,0,0,0,1,0
C0059,Bengaluru,mid,0.6478476610311765,0,0,0,0,0,0,0,0,1,0,1,0,0,0,1,0,0,0,0,0,0,0,0,1,0
C0060,Delhi-NCR,junior,2.982224548347954,1,0,1,1,0,1,0,0,1,0,1,0,0,0,0,0,0,0,0,0,0,1,0,1,0
C0061,Chennai,senior,5.7423312859893905,0,0,0,0,1,0,1,0,0,1,0,1,1,0,0,1,0,0,0,0,0,0,0,0,0
C0062,Remote,intern,3.141253799332924,0,0,0,0,0,1,0,1,0,1,1,0,1,1,0,0,0,1,0,0,0,0,1,0,0
C0063,Mumbai,junior,1.841559300145629,0,1,0,1,0,0,1,1,0,1,1,0,0,0,0,0,1,0,1,0,0,0,0,0,0
C0064,Bengaluru,junior,4.298432419047216,0,1,1,0,0,0,0,1,0,0,1,1,0,0,0,0,0,0,0,0,0,0,1,0,1
C0065,Remote,mid,1.3369130328563208,1,0,0,0,1,0,1,0,0,0,0,1,1,0,1,0,0,1,0,0,0,0,0,0,0
C0066,Hyderabad,junior,1.176633712225125,0,0,1,0,0,0,0,0,0,1,1,1,0,1,0,0,0,0,1,0,1,0,0,0,0
C0067,Hyderabad,mid,0.0,0,1,0,0,0,1,0,0,0,0,0,0,0,0,0,1,0,0,0,1,0,1,0,0,0
C0068,Chennai,mid,3.239867293155955,0,1,0,0,0,0,1,0,0,0,0,0,0,0,0,0,0,0,0,0,0,0,0,0,1
C0069,Chennai,mid,4.889254002425979,0,1,0,0,0,0,0,0,0,1,0,0,0,1,0,1,1,1,0,0,0,0,0,0,0
C0070,Chennai,junior,3.787958855043786,0,0,0,0,0,0,0,1,0,1,1,0,0,0,1,0,1,0,0,0,1,0,0,1,0
C0071,Pune,senior,5.645283762489399,0,0,0,0,1,0,0,0,0,1,0,0,0,1,1,0,0,0,0,1,1,0,0,0,0
C0072,Hyderabad,lead,8.008558300036512,1,0,0,1,0,0,1,0,0,0,0,0,0,1,0,0,0,0,0,0,0,0,0,1,0
C0073,Chennai,senior,6.143189447891976,0,0,0,0,0,0,0,0,0,0,1,0,0,0,0,1,0,1,0,0,0,1,1,0,1
C0074,Bengaluru,mid,0.0,0,0,0,0,0,0,0,0,0,1,0,0,0,1,1,0,1,0,0,0,0,0,1,0,1
C0075,Remote,mid,0.0,1,0,0,0,0,0,1,0,0,0,0,0,1,0,0,0,0,0,0,1,0,0,0,0,0
C0076,Hyderabad,senior,6.28877944701081,0,1,0,0,0,0,0,0,0,1,0,0,0,0,0,0,1,0,0,1,0,0,0,0,0
C0077,Chennai,senior,0.1520960492184349,1,1,0,0,1,0,0,0,1,1,0,0,0,0,0,0,0,0,0,0,0,1,0,1,0
C0078,Hyderabad,mid,2.141002197614159,0,1,0,0,0,1,0,0,1,0,0,0,0,0,0,0,1,0,0,0,0,1,0,0,0
C0079,Remote,mid,0.8782418424627005,1,0,0,0,0,0,0,0,0,0,0,0,1,0,0,0,0,0,1,0,0,0,0,0,0
C0080,Hyderabad,junior,3.430228476933229,0,0,0,0,0,0,0,0,1,0,0,1,0,0,0,0,0,1,1,0,0,1,0,0,0
C0081,Chennai,lead,4.5158809973111795,0,0,1,0,1,0,0,0,0,0,0,0,0,0,0,1,1,0,1,0,0,0,0,0,0
C0082,Hyderabad,mid,3.4774817985851265,0,0,1,0,1,0,0,1,0,0,1,0,0,1,0,0,0,0,0,0,0,1,0,0,1
C0083,Mumbai,lead,3.9473115205676623,1,1,0,0,1,0,1,1,0,0,0,0,0,1,0,0,0,0,0,1,1,0,0,0,0
C0084,Mumbai,mid,6.354532109824405,0,0,0,0,0,0,1,1,0,1,1,0,0,0,0,0,0,0,0,0,1,1,0,0,0
C0085,Remote,junior,5.260565796174812,1,0,0,0,0,0,1,0,0,0,0,0,1,1,0,0,0,0,0,0,1,0,0,0,1
C0086,Remote,mid,2.693777581168113,0,0,0,0,0,0,0,0,0,0,0,0,0,1,0,1,0,1,1,0,0,0,0,0,0
C0087,Pune,lead,1.5198848592493164,0,0,1,1,0,0,0,1,1,0,1,1,0,0,0,0,1,0,0,1,0,0,0,0,0
C0088,Bengaluru,junior,3.2648180464278926,1,1,0,0,0,1,0,0,0,0,0,0,0,0,1,0,0,0,0,0,0,0,0,0,0
C0089,Mumbai,junior,5.942454072128423,0,1,1,0,0,0,0,0,1,0,0,0,0,1,0,0,0,1,1,0,0,0,0,0,0
C0090,Bengaluru,mid,0.35232722768760816,1,0,1,0,0,0,1,0,0,0,0,0,0,0,0,0,0,0,0,0,0,0,0,0,0
C0091,Chennai,senior,3.7114631892300034,1,0,0,0,0,0,0,1,0,0,1,0,0,0,0,0,0,0,0,0,0,0,0,0,0
C0092,Mumbai,junior,6.301951721383681,0,0,0,0,0,1,0,1,0,0,0,0,0,1,0,0,0,0,0,0,0,0,1,0,0
C0093,Bengaluru,intern,3.4369870272146437,0,1,0,0,0,0,0,0,0,0,1,1,0,0,0,0,0,0,0,0,0,0,0,0,1
C0094,Chennai,junior,0.0,1,0,1,0,0,0,0,0,0,0,0,0,0,0,0,0,0,0,0,0,0,1,0,0,0
C0095,Delhi-NCR,senior,4.297104463021602,0,0,1,0,0,1,0,0,0,0,1,0,0,0,0,0,0,0,0,0,0,0,0,0,0
C0096,Remote,junior,3.1022058883442307,0,0,0,0,0,0,0,0,0,0,0,1,1,0,1,0,0,0,1,0,0,0,0,0,0
C0097,Delhi-NCR,junior,5.906113428583832,0,1,0,0,0,0,0,0,1,1,1,0,1,0,0,0,0,0,0,1,1,0,1,0,0
C0098,Delhi-NCR,mid,9.186986022657111,1,1,0,0,0,0,1,0,0,0,0,0,0,0,0,0,0,1,1,1,0,0,0,0,0
C0099,Bengaluru,mid,0.0920436494966066,0,0,1,1,0,1,1,0,0,0,0,0,0,0,1,1,0,0,0,1,0,0,0,0,0
C0100,Mumbai,senior,4.132637134312594,1,0,0,0,0,0,0,0,0,0,0,0,0,1,0,0,0,0,0,0,0,1,0,1,0
C0101,Bengaluru,intern,0.24905338323056103,0,0,0,0,1,0,0,0,0,1,0,0,1,0,0,0,0,0,0,0,0,0,0,0,0
C0102,Bengaluru,mid,7.177671216688962,0,0,0,0,0,0,1,0,1,0,0,0,0,0,0,0,1,0,0,0,0,0,0,0,0
C0103,Delhi-NCR,mid,5.033814714251072,0,0,0,0,0,0,0,0,0,0,0,0,0,0,0,0,0,0,0,1,1,0,0,0,1
C0104,Remote,senior,4.758654444909697,0,0,0,0,0,0,1,0,0,0,1,0,1,1,0,1,1,0,1,0,0,0,0,0,0
C0105,Remote,junior,4.732313166935056,0,0,0,0,0,0,0,0,0,1,0,0,0,0,0,0,0,0,0,0,0,0,0,1,1
C0106,Remote,junior,0.0,0,0,0,1,1,0,1,1,0,0,0,0,0,0,0,0,0,0,0,0,0,0,1,0,0
C0107,Hyderabad,junior,2.860580464630315,0,0,0,0,0,0,0,0,1,1,0,0,1,1,1,1,0,0,1,0,0,0,0,0,1
C0108,Remote,mid,3.7201040510395247,1,0,1,0,0,1,0,0,0,0,0,1,0,0,0,0,1,1,0,0,1,0,0,0,0
C0109,Mumbai,mid,2.9145023887469756,0,0,0,0,0,0,0,1,1,0,0,0,0,1,1,0,0,0,0,0,0,0,0,0,1
C0110,Mumbai,junior,5.999718005828601,0,1,0,0,1,0,0,1,0,1,0,0,0,0,0,0,0,0,0,0,0,0,0,1,1
C0111,Bengaluru,mid,2.245377595200998,0,0,1,0,1,0,0,0,0,0,1,0,0,1,1,0,0,0,1,0,1,0,0,0,0
C0112,Delhi-NCR,junior,3.9630421212120663,1,1,1,0,0,1,0,0,0,0,0,0,1,0,0,0,0,0,0,0,0,0,0,0,0
C0113,Remote,lead,0.48408522129761566,0,0,1,0,0,0,1,1,0,0,0,0,0,0,0,0,0,0,1,0,0,0,0,0,1
C0114,Chennai,mid,2.7748341182358205,0,1,0,1,0,1,0,1,1,0,0,0,0,0,0,0,0,0,0,0,0,1,0,0,0
C0115,Mumbai,junior,5.169075115960006,0,1,1,1,0,1,0,0,0,1,0,0,0,0,0,0,0,0,0,0,0,1,0,0,0
C0116,Delhi-NCR,junior,3.3237056523157023,1,0,0,0,0,0,0,0,0,0,0,0,0,0,0,0,0,1,0,1,0,0,0,0,0
C0117,Delhi-NCR,senior,8.308905269689873,0,1,0,1,1,1,0,1,0,0,0,0,0,1,1,0,0,0,0,1,0,0,0,0,0
C0118,Pune,mid,9.64652464061215,0,0,0,0,0,1,0,1,0,0,1,0,0,0,0,1,0,0,0,0,0,0,0,1,1
C0119,Hyderabad,lead,4.928860245727501,0,0,0,0,0,0,0,0,1,1,1,1,0,0,0,0,0,0,1,0,1,0,0,1,0
C0120,Bengaluru,junior,5.472300126981457,0,0,0,1,1,0,1,0,0,0,0,1,0,0,0,0,0,0,0,0,0,1,0,0,0
C0121,Hyderabad,junior,5.4325880118003855,0,1,0,0,1,0,0,0,1,0,0,1,1,0,0,1,0,0,0,1,1,0,0,0,0
C0122,Chennai,senior,0.9929680579275963,0,1,0,0,0,0,1,1,0,0,0,1,0,0,0,0,0,0,0,1,1,0,0,1,0
C0123,Bengaluru,intern,6.773073271562302,1,0,0,0,0,0,1,0,0,0,0,0,0,0,1,0,0,0,1,0,0,0,0,0,0
C0124,Chennai,mid,0.0,0,0,1,1,0,0,0,0,1,1,0,1,0,0,1,0,0,1,0,0,0,0,0,0,0
C0125,Delhi-NCR,senior,5.895944451284186,0,1,0,0,0,0,0,0,0,0,1,0,0,1,1,0,0,0,0,0,0,0,1,0,0
C0126,Chennai,mid,3.670797455109449,0,0,0,0,0,1,1,0,1,0,0,1,0,0,0,1,1,1,0,0,0,0,0,1,0
C0127,Mumbai,mid,1.8121391908790154,0,0,0,1,0,0,0,0,0,0,0,0,1,0,1,0,0,1,1,0,0,0,0,0,0
C0128,Mumbai,junior,8.326914373558733,0,0,1,0,0,1,0,1,0,1,0,0,0,0,0,0,0,0,0,1,1,0,0,0,1
C0129,Bengaluru,mid,4.1565199559726,0,0,0,1,0,0,0,0,0,0,0,0,0,0,0,0,0,0,1,0,0,0,0,1,0
C0130,Chennai,mid,4.108179780393386,0,0,1,0,1,1,1,0,0,0,0,0,0,0,1,0,1,0,0,0,0,0,1,0,1
C0131,Remote,mid,2.3266859620317293,0,1,0,0,0,1,1,0,0,1,0,1,1,0,0,1,0,0,0,0,0,0,1,0,0
C0132,Delhi-NCR,mid,1.7130296259170432,0,0,0,0,0,0,0,0,1,0,0,0,0,0,0,0,0,0,0,1,1,0,0,1,0
C0133,Remote,mid,3.387794246683453,0,0,0,0,0,1,0,0,0,1,0,0,0,0,0,0,1,0,0,0,0,1,0,1,0
C0134,Delhi-NCR,junior,4.355043740164613,0,0,1,0,0,0,0,0,0,0,0,1,0,0,0,1,1,0,0,0,0,0,0,0,0
C0135,Bengaluru,intern,0.7841123431293422,0,0,0,0,0,1,1,1,0,1,0,0,1,0,0,0,0,0,0,0,0,0,1,0,0
C0136,Pune,lead,1.2613660398435185,0,0,1,1,0,1,0,0,0,0,0,0,0,0,0,0,1,0,0,1,0,0,0,0,0
C0137,Remote,intern,3.5462570597608725,1,0,0,1,0,0,0,0,0,0,1,0,0,0,0,0,0,0,0,1,0,0,0,0,1
C0138,Delhi-NCR,mid,2.2117333010315,0,0,0,0,0,1,0,0,0,0,1,0,0,0,0,1,0,0,0,0,0,1,0,1,1
C0139,Remote,lead,3.7987647113461676,0,0,0,0,0,1,0,1,0,0,0,1,0,0,0,0,0,1,0,0,0,0,0,0,0
C0140,Mumbai,mid,5.842297531337871,0,0,1,0,0,0,0,0,0,0,0,0,0,0,0,0,1,0,1,0,0,0,0,0,0
C0141,Chennai,senior,1.6162016346248351,0,1,0,0,1,0,0,0,1,0,0,0,0,0,0,0,1,0,0,0,0,0,0,0,0
C0142,Remote,junior,5.0561034154087725,0,0,0,0,1,0,1,1,0,0,0,0,0,0,0,0,1,0,1,1,0,0,1,0,1
C0143,Pune,mid,3.2925119134754417,0,1,0,0,0,0,1,0,0,0,0,0,1,0,0,0,0,0,0,0,0,0,0,0,0
C0144,Mumbai,junior,0.0,1,0,0,0,0,0,0,0,1,0,0,0,0,0,0,0,1,0,0,0,0,0,0,0,0
C0145,Pune,junior,7.865332747954757,0,0,0,0,0,1,0,0,0,0,0,0,0,1,0,0,0,0,1,0,0,0,0,0,1
C0146,Mumbai,junior,4.043583645812706,0,0,0,0,1,1,1,0,0,0,0,0,1,1,0,0,1,0,0,0,0,0,0,0,0
C0147,Bengaluru,senior,4.5521734938146965,0,0,1,0,0,0,0,0,0,0,0,0,0,0,0,0,0,0,1,0,0,1,0,0,1
C0148,Remote,junior,0.43878872087688947,0,0,1,0,1,0,0,0,0,0,0,1,0,0,0,1,0,1,1,0,0,1,0,0,0
C0149,Pune,intern,0.5523880084351176,1,0,0,0,0,1,1,0,1,0,0,0,1,0,1,0,1,0,1,0,0,0,0,0,0
C0150,Mumbai,junior,5.098628793351812,0,0,0,0,0,1,1,0,0,0,1,0,0,1,0,0,0,0,0,0,0,0,0,0,1
C0151,Pune,junior,3.0514068862564363,0,0,1,1,0,0,0,1,0,0,1,0,0,0,1,0,0,0,0,0,0,0,0,1,0
C0152,Mumbai,mid,0.31600035753250744,0,0,1,1,0,0,0,0,0,0,0,1,1,0,0,1,0,0,1,0,1,0,0,0,0
C0153,Bengaluru,mid,5.260680128423758,1,0,0,0,0,1,1,0,0,0,0,0,0,0,0,1,0,0,0,0,0,0,0,0,0
C0154,Mumbai,intern,10.844898631828185,0,0,0,1,0,0,0,0,0,0,0,0,0,0,0,1,0,0,0,0,0,1,0,0,0
C0155,Remote,intern,0.0,0,0,0,0,0,1,0,1,0,0,1,0,0,0,1,0,0,0,0,0,0,1,0,0,0
C0156,Bengaluru,senior,7.8716912869635225,0,0,1,0,0,0,0,0,0,0,0,1,0,0,0,1,0,0,0,0,0,0,0,0,0
C0157,Chennai,junior,0.6316947031870148,0,1,1,0,0,1,0,0,0,1,1,0,1,0,0,0,0,0,0,0,1,1,0,0,0
C0158,Chennai,mid,4.0797560239782955,0,0,0,0,0,0,0,1,0,0,1,1,1,0,0,0,0,0,0,0,0,0,0,0,0
C0159,Delhi-NCR,junior,2.407070486332856,0,0,0,0,1,0,0,1,0,0,0,0,0,1,0,0,0,0,0,0,0,0,0,1,1
C0160,Chennai,mid,8.550377971417744,0,0,0,0,0,0,0,0,0,1,0,0,0,0,1,0,0,1,0,0,0,0,0,1,1
C0161,Mumbai,junior,3.8843852144697624,0,0,0,0,0,0,1,0,1,0,1,0,0,0,0,0,1,0,0,0,0,0,0,0,0
C0162,Chennai,junior,1.4918286554626388,0,1,0,1,0,0,1,0,0,0,0,1,0,0,0,0,0,1,0,0,0,0,0,0,1
C0163,Remote,mid,4.070065948343666,0,0,1,1,0,0,0,0,0,0,0,0,0,1,0,0,1,0,1,1,0,0,0,0,1
C0164,Bengaluru,mid,4.181405344352104,1,0,1,0,0,0,0,0,0,0,0,0,0,1,1,0,0,0,0,1,0,1,0,0,0
C0165,Hyderabad,junior,2.682838269685187,0,0,0,0,0,0,0,1,0,0,0,1,0,0,0,0,0,1,0,0,0,1,1,0,0
C0166,Chennai,junior,1.1039464155737093,0,0,0,1,0,1,0,0,0,0,0,1,0,1,0,0,1,0,0,0,0,0,0,0,0
C0167,Delhi-NCR,mid,0.0,0,0,1,0,0,0,0,1,0,1,0,1,0,0,0,0,1,1,0,0,1,0,1,0,0
C0168,Bengaluru,junior,5.696381257507279,0,0,1,1,0,0,0,0,0,1,0,0,0,0,0,0,0,0,0,0,0,0,0,0,0
C0169,Mumbai,mid,4.686310086786814,1,1,0,0,0,0,0,0,0,0,0,1,1,1,0,0,1,0,0,0,1,0,0,0,1
C0170,Bengaluru,senior,4.81028630259186,0,0,0,0,0,1,0,0,0,1,0,1,0,0,0,0,0,0,0,0,1,1,0,0,1
C0171,Pune,mid,12.132236581654979,0,0,0,0,0,1,0,0,0,0,1,0,0,0,0,0,0,0,0,1,0,0,0,0,0
C0172,Bengaluru,junior,3.6725645453159963,1,0,1,0,0,1,1,0,1,1,0,1,0,0,0,0,0,0,0,0,0,0,1,0,0
C0173,Bengaluru,mid,2.478684158715274,1,0,0,0,0,0,1,1,0,0,0,0,0,0,0,0,0,1,0,0,1,0,1,1,0
C0174,Bengaluru,intern,7.736904880515619,0,1,0,0,1,0,0,1,0,1,1,0,0,1,0,0,1,0,0,0,0,0,1,0,0
C0175,Hyderabad,mid,4.873694250542139,0,0,1,0,0,0,0,0,0,0,1,0,0,1,1,0,0,1,0,0,0,1,1,0,1
C0176,Remote,junior,4.282549174696936,0,0,0,0,0,0,0,0,0,0,1,0,0,0,0,0,1,0,0,1,0,1,0,0,0
C0177,Remote,mid,2.3723265396645252,0,1,1,0,0,0,0,0,0,0,0,0,0,0,1,0,1,0,0,0,0,0,0,1,0
C0178,Mumbai,senior,0.0,0,0,0,1,1,0,0,1,0,0,0,0,0,0,0,0,0,0,0,1,0,0,0,0,0
C0179,Hyderabad,senior,5.95524442420912,1,1,0,1,1,0,0,0,1,0,0,0,1,0,0,0,0,0,0,0,0,0,0,0,0
C0180,Pune,intern,10.68782083166792,0,0,0,0,1,0,0,0,0,0,0,1,1,0,0,0,1,0,0,1,0,1,0,0,0
C0181,Hyderabad,junior,8.203558825101688,0,0,0,0,0,0,0,0,1,1,0,0,0,0,1,0,0,0,0,0,0,1,1,0,0
C0182,Chennai,junior,3.187215609526576,0,0,0,0,1,0,0,0,0,0,0,0,0,0,1,0,1,0,0,0,0,0,0,0,1
C0183,Remote,mid,7.3625219542095,0,0,1,1,0,0,0,0,0,0,0,1,0,1,1,0,0,1,0,0,0,0,0,0,1
C0184,Hyderabad,mid,3.0233649654414045,0,1,0,0,0,1,0,1,0,0,0,0,0,1,0,1,0,1,1,0,0,0,0,1,0
C0185,Mumbai,mid,6.888881719748344,0,0,0,0,0,0,0,0,0,0,1,0,0,1,1,1,1,1,0,1,0,1,0,0,0
C0186,Delhi-NCR,junior,7.375131765124076,0,0,0,0,0,0,0,1,0,1,0,0,1,1,1,0,0,1,0,1,0,0,0,0,1
C0187,Bengaluru,junior,5.349935024039644,0,0,1,0,0,1,0,1,0,0,0,0,1,0,0,0,1,0,1,0,0,1,0,0,0
C0188,Chennai,junior,0.0,0,0,0,0,1,0,0,0,0,0,0,1,0,0,0,0,0,0,1,0,0,1,0,0,0
C0189,Pune,mid,0.7848960194147669,0,0,0,1,0,0,1,0,0,1,0,0,0,0,0,0,0,1,0,0,0,0,0,0,0
C0190,Delhi-NCR,senior,0.45556279621354,0,1,0,0,0,0,0,0,0,0,1,0,1,0,0,0,0,0,0,0,0,0,0,0,0
C0191,Bengaluru,senior,9.992542533414287,0,0,0,0,1,1,0,1,1,0,0,0,0,0,0,0,1,0,0,0,0,1,0,1,0
C0192,Remote,junior,4.63087387325844,1,0,0,1,0,0,1,0,1,0,0,0,0,0,0,0,0,0,0,0,0,0,0,0,0
C0193,Remote,mid,3.2976233881512624,0,1,0,0,0,0,0,0,1,0,0,1,0,0,0,1,0,0,0,0,1,0,0,0,0
C0194,Hyderabad,mid,6.944439247924347,0,0,1,0,0,0,0,1,0,0,1,0,0,0,0,0,1,1,1,0,0,0,1,0,0
C0195,Chennai,lead,8.549105940176009,0,0,1,0,0,0,0,0,0,0,0,0,0,1,0,0,0,1,1,0,0,0,1,0,0
C0196,Chennai,mid,3.290023526044299,0,0,0,1,0,0,0,1,0,0,0,0,0,0,0,0,0,0,0,0,1,0,0,0,0
C0197,Bengaluru,junior,1.8269724417753967,0,0,0,0,0,0,0,1,0,1,0,0,0,1,0,0,0,0,0,0,0,0,0,1,0
C0198,Bengaluru,junior,2.8238806123878053,1,1,0,0,0,0,0,0,1,0,0,0,0,0,0,0,1,0,1,0,1,0,0,0,0
C0199,Bengaluru,mid,0.0,0,0,1,0,0,0,1,0,0,0,1,0,0,0,1,0,0,0,0,1,0,1,1,0,0
C0200,Delhi-NCR,lead,5.03717973940474,0,0,0,0,1,0,0,0,0,1,0,0,0,1,0,1,1,1,0,0,0,0,0,1,0
C0201,Chennai,junior,6.828297403675826,0,0,0,0,1,0,0,0,0,0,0,1,0,0,0,0,0,1,0,1,1,0,0,0,1
C0202,Hyderabad,mid,5.1339129939840955,0,0,0,0,1,0,0,0,0,1,1,0,1,0,0,0,0,0,0,0,0,0,0,0,0
C0203,Chennai,intern,7.793619428014109,0,0,0,1,0,1,0,0,1,1,0,0,0,0,1,0,0,0,0,0,0,0,0,1,0
C0204,Bengaluru,senior,3.34694591969603,0,0,0,0,1,0,0,0,0,0,0,0,0,0,0,0,0,0,0,0,0,0,0,1,1
C0205,Bengaluru,junior,1.9657854145195026,0,0,0,0,0,0,1,0,0,0,0,1,0,0,0,1,0,0,1,0,0,0,0,0,0
C0206,Chennai,senior,7.526519729526338,0,0,0,0,1,0,0,0,1,1,0,0,0,0,0,1,0,0,0,1,1,0,0,0,0
C0207,Remote,junior,1.5076903551839926,0,0,0,0,0,1,0,1,0,0,0,0,0,1,0,0,0,0,0,1,0,1,1,0,0
C0208,Pune,mid,0.0,0,0,1,1,0,0,0,0,0,0,0,0,1,0,0,1,0,0,1,0,0,0,1,0,0
C0209,Delhi-NCR,junior,1.917584316563003,1,0,1,1,0,0,1,0,0,0,1,0,0,1,0,1,0,0,0,0,1,0,0,0,0
C0210,Pune,senior,11.160855398721768,0,0,0,0,1,0,1,0,0,0,0,0,0,0,0,1,1,0,0,0,1,1,0,1,1
C0211,Remote,junior,1.903958692045511,0,1,0,0,0,0,0,1,0,0,0,1,0,0,1,1,0,0,0,1,1,0,0,0,0
C0212,Bengaluru,mid,1.8219547068970696,0,0,0,0,0,0,0,1,0,0,0,1,1,0,0,0,0,0,0,1,0,1,0,1,0
C0213,Pune,junior,2.385051391415261,1,0,0,0,0,1,0,0,0,0,1,0,0,0,0,0,0,1,1,0,0,0,1,0,0
C0214,Bengaluru,senior,0.25282008796584154,1,1,0,0,0,0,0,0,1,1,0,0,0,0,0,0,1,0,0,0,1,1,0,0,0
C0215,Delhi-NCR,mid,0.0,0,0,0,0,0,1,0,0,1,0,1,0,0,0,0,0,0,1,1,1,0,0,0,0,1
C0216,Remote,junior,0.9619484458355148,0,1,1,0,0,0,0,1,0,1,0,0,0,0,0,1,0,0,0,1,0,1,1,0,0
C0217,Pune,junior,2.0118957749342083,0,0,0,1,0,0,0,0,1,0,0,0,0,0,1,0,0,0,1,1,0,1,0,0,0
C0218,Hyderabad,mid,4.2198259437570895,0,1,1,0,0,0,0,0,0,0,0,0,0,0,0,0,0,0,0,0,0,0,1,0,0
C0219,Mumbai,mid,3.4313334653821643,1,0,0,0,0,0,0,1,1,0,1,0,1,0,0,1,0,0,0,1,0,0,0,0,0
C0220,Delhi-NCR,mid,1.676044431213811,0,0,0,1,0,1,0,0,0,0,1,0,0,0,0,0,1,1,0,0,0,0,0,0,0
C0221,Bengaluru,mid,2.1431603422259102,0,1,0,0,0,0,0,0,0,0,0,0,0,0,0,0,0,0,0,1,0,1,0,0,1
C0222,Mumbai,mid,10.802932611697763,0,0,0,0,0,0,1,0,0,0,0,0,0,0,1,0,0,0,0,0,0,0,0,1,0
C0223,Pune,mid,3.5671468644392355,0,0,0,1,0,0,0,1,0,0,0,0,0,1,0,0,0,1,0,0,1,0,1,0,0
C0224,Chennai,mid,4.216052925751157,0,1,0,0,0,1,0,1,0,0,0,1,0,0,0,0,0,0,0,0,0,1,0,0,0
C0225,Delhi-NCR,mid,6.427584195559518,0,1,0,0,0,0,0,0,0,1,1,1,0,0,1,0,0,0,1,0,0,0,0,0,1
C0226,Remote,mid,4.904656920438712,0,0,0,0,0,0,0,0,0,0,1,1,1,0,1,0,0,0,0,0,0,0,0,1,0
C0227,Hyderabad,junior,2.3095857237247914,1,1,1,0,1,0,0,1,0,0,1,0,1,0,0,1,0,0,0,0,0,0,0,0,0
C0228,Remote,senior,6.882202922783392,0,0,0,1,1,0,0,1,0,1,0,0,1,0,0,1,0,0,0,0,0,1,0,0,1
C0229,Delhi-NCR,lead,6.79791652897336,0,0,0,0,0,1,0,1,0,0,0,0,0,0,0,0,0,1,0,0,1,0,0,1,1
C0230,Mumbai,junior,5.93367523595194,0,0,0,0,0,0,0,0,1,0,0,0,1,0,0,1,0,0,0,0,0,0,0,0,0
C0231,Bengaluru,junior,5.243848855080109,0,0,0,0,1,1,1,0,0,0,1,0,1,0,0,1,0,0,0,0,1,0,0,0,1
C0232,Mumbai,mid,1.2979234488619702,0,0,0,0,1,0,0,0,0,0,0,0,1,0,0,0,0,0,0,0,0,0,0,0,1
C0233,Hyderabad,junior,4.098085675759813,0,0,0,1,0,0,0,1,1,0,1,0,1,0,0,0,0,0,0,0,0,0,0,0,0
C0234,Remote,intern,7.131230193161484,1,0,1,1,1,0,1,0,0,1,0,0,0,0,0,0,0,0,0,0,1,0,0,0,1
C0235,Chennai,senior,4.47169853030858,0,0,1,1,0,1,0,0,0,0,0,1,0,1,0,0,0,0,0,0,0,0,0,0,1
C0236,Pune,mid,0.8065817616214832,0,0,0,1,0,0,0,1,0,0,0,0,1,1,0,0,0,1,0,1,0,0,0,0,0
C0237,Mumbai,mid,4.304342291950149,0,0,0,0,0,0,1,0,0,1,0,1,0,0,0,0,1,0,0,1,0,1,0,1,0
C0238,Hyderabad,mid,7.073538026280069,0,0,0,0,0,0,1,0,0,1,0,0,1,0,0,1,0,0,0,0,0,0,0,0,0
C0239,Mumbai,junior,0.7727921240643028,0,0,0,0,1,1,0,0,0,1,0,0,0,1,0,1,1,0,0,0,0,1,0,0,0
C0240,Hyderabad,senior,2.5904904745038193,0,0,0,0,1,0,0,0,0,1,0,0,0,1,0,0,0,0,1,0,0,0,1,0,1
C0241,Hyderabad,intern,0.0,0,0,0,0,1,1,0,0,0,0,0,0,0,0,0,0,0,0,0,0,0,1,0,0,0
C0242,Delhi-NCR,junior,0.0,0,0,0,0,0,0,0,0,0,0,0,0,0,0,1,1,0,0,0,0,0,0,1,0,0
C0243,Mumbai,lead,0.9483269766950762,0,1,0,0,1,0,0,0,0,0,0,0,0,0,1,1,1,0,0,0,0,1,0,0,0
C0244,Chennai,senior,7.880529905378111,0,0,0,0,1,0,0,0,1,0,0,0,0,0,0,0,0,0,0,0,0,0,0,1,0
C0245,Bengaluru,mid,0.17614479395348193,0,0,1,0,1,0,0,0,0,0,0,0,0,0,0,0,1,0,0,0,1,1,0,0,0
C0246,Hyderabad,intern,1.743517395797439,0,0,1,0,0,1,0,0,0,0,0,0,0,0,0,0,0,1,0,0,0,0,0,0,0
C0247,Hyderabad,senior,4.736113026985996,0,0,0,0,0,0,0,1,1,0,0,0,0,0,0,0,0,0,0,1,0,0,0,0,0
C0248,Bengaluru,junior,4.492961978145748,1,0,0,0,0,0,1,1,0,0,0,0,1,0,0,0,1,0,1,0,0,0,0,0,0
C0249,Mumbai,junior,2.7086249996141256,0,0,0,1,0,0,1,0,0,0,1,0,0,1,0,0,0,0,0,0,0,0,0,1,1
C0250,Chennai,intern,8.725248482826192,1,0,0,0,0,1,1,1,0,0,1,0,0,0,0,0,0,0,0,0,1,0,0,1,0
C0251,Chennai,junior,3.2438115537899312,0,0,0,0,0,0,0,1,1,0,1,0,0,0,0,0,0,0,0,0,0,0,0,0,0
C0252,Chennai,junior,5.172175078266688,1,0,0,1,0,0,0,0,0,0,0,0,0,1,0,1,0,0,0,0,0,0,0,0,0
C0253,Bengaluru,senior,3.7253799417453766,1,0,0,0,0,0,0,1,0,0,0,0,0,0,0,0,0,1,0,0,1,0,0,0,1
C0254,Remote,junior,0.0,0,0,0,0,0,0,0,0,0,0,0,0,0,0,0,0,0,0,1,0,1,0,1,1,0
C0255,Hyderabad,lead,5.976392105098578,1,1,0,0,1,0,0,0,0,0,0,1,0,0,0,0,0,0,0,0,1,0,0,1,0
C0256,Remote,mid,2.0190996519340327,0,1,0,1,1,0,0,0,0,0,0,0,0,0,0,0,0,0,0,0,0,0,0,0,0
C0257,Remote,junior,3.7906036427135863,1,0,0,0,0,0,0,0,0,1,0,0,1,0,0,0,0,0,0,0,0,0,0,1,0
C0258,Bengaluru,junior,2.809258476286625,0,0,1,1,0,0,1,0,0,1,0,0,0,0,0,0,1,0,0,0,0,1,0,1,0
C0259,Bengaluru,mid,4.883778527675137,0,0,0,0,0,1,0,0,1,1,0,0,0,1,0,0,0,0,0,0,0,0,0,0,0
C0260,Pune,junior,4.306769978942247,0,0,0,0,0,0,1,1,1,0,0,1,0,0,0,0,0,1,0,0,0,1,0,0,0
C0261,Chennai,junior,5.74932440697323,1,0,0,0,0,0,0,1,1,0,0,0,1,1,0,0,1,0,0,0,0,0,0,0,0
C0262,Chennai,junior,6.893652046718,0,0,0,1,1,0,0,0,0,1,0,0,1,0,0,1,1,1,0,0,0,0,0,0,1
C0263,Bengaluru,junior,4.169490075979698,1,1,0,0,0,0,1,0,0,0,0,0,0,0,1,0,0,0,0,0,0,1,0,0,1
C0264,Mumbai,intern,5.161176188187231,0,0,0,0,1,0,0,0,0,1,1,0,0,0,0,0,0,0,0,0,1,0,0,0,0
C0265,Remote,mid,2.596071060027123,0,0,0,0,1,0,1,0,0,0,0,0,0,0,0,0,0,0,1,0,0,0,1,0,0
C0266,Chennai,senior,0.0,1,1,0,0,0,1,0,0,0,0,0,1,0,0,0,1,1,0,0,0,1,0,1,0,0
C0267,Delhi-NCR,intern,3.160969506601321,0,0,0,0,0,0,0,0,0,0,1,0,0,0,0,0,0,0,0,1,1,0,1,0,0
C0268,Delhi-NCR,junior,5.468151816815228,0,0,1,0,0,0,0,0,1,0,0,1,1,0,0,1,1,0,0,1,0,0,0,0,0
C0269,Mumbai,junior,4.13265100870055,0,1,0,0,1,0,0,0,0,1,0,0,0,0,0,0,0,1,0,0,0,1,0,0,0
C0270,Pune,junior,2.4286816643762936,0,0,0,0,0,0,1,0,0,1,0,1,0,0,0,0,0,0,0,0,0,0,0,0,0
C0271,Bengaluru,lead,2.86588212480557,0,0,0,0,0,0,0,0,0,1,0,0,1,0,0,0,0,0,0,0,0,0,0,0,1
C0272,Bengaluru,mid,3.7151040682219847,0,0,0,1,0,0,0,0,0,0,0,0,1,0,0,0,0,0,0,1,1,0,0,0,1
C0273,Chennai,intern,4.3820874269694565,0,0,1,1,0,0,0,0,1,1,0,0,0,1,0,0,0,0,1,1,0,0,0,0,0
C0274,Bengaluru,junior,4.997596939292922,0,1,0,0,0,1,0,0,0,1,0,0,0,0,0,1,0,0,0,0,0,0,0,0,0
C0275,Remote,mid,5.81498012703662,0,0,1,1,0,0,1,0,0,0,1,1,0,0,0,1,0,0,0,0,0,0,1,1,0
C0276,Mumbai,senior,4.155094964285844,0,1,1,0,0,0,0,0,1,0,0,0,1,0,0,1,0,1,0,0,1,0,1,0,0
C0277,Delhi-NCR,junior,4.703293349446293,0,1,0,0,0,0,0,0,0,0,1,0,0,0,1,0,1,0,0,0,0,0,0,0,0
C0278,Chennai,junior,5.646948622230733,0,1,0,0,0,0,0,0,0,0,0,0,0,0,0,0,0,1,1,0,0,1,0,1,0
C0279,Bengaluru,junior,0.0,0,1,0,0,0,0,1,0,0,0,1,0,0,0,0,0,0,0,0,0,1,0,0,0,0
C0280,Mumbai,lead,3.1169568294182506,0,0,0,0,1,1,1,1,1,0,0,0,0,1,0,0,0,0,0,0,0,0,0,0,1
C0281,Remote,mid,9.334962720159467,0,1,1,0,0,0,0,0,1,0,0,0,0,0,0,0,0,0,1,1,1,0,0,0,0
C0282,Chennai,mid,1.6949330213562623,1,0,1,0,0,0,0,0,0,0,0,1,0,0,0,0,1,0,1,0,0,0,0,0,0
C0283,Delhi-NCR,mid,0.7673160133980241,1,1,0,0,0,0,0,0,1,0,0,1,0,0,1,0,0,1,0,1,0,1,0,0,0
C0284,Bengaluru,mid,0.0,0,0,1,0,1,0,1,0,0,0,0,0,1,1,1,1,0,0,0,0,1,0,0,0,0
C0285,Remote,senior,6.025433979684694,1,1,0,1,0,1,1,0,0,0,0,0,1,0,0,1,0,0,1,0,0,0,0,0,0
C0286,Hyderabad,mid,5.652773142680621,0,0,1,0,0,0,0,0,0,0,1,0,0,0,0,0,0,0,0,0,1,0,0,1,0
C0287,Mumbai,junior,5.825355209289038,0,1,0,0,0,0,0,0,0,1,0,0,1,0,0,0,0,0,0,1,0,1,0,0,0
C0288,Chennai,intern,5.893824190364729,0,0,0,0,0,0,0,0,0,0,0,0,1,0,0,0,0,1,0,1,0,0,0,0,0
C0289,Remote,junior,9.658567475668246,0,1,0,0,0,0,0,1,0,0,0,0,0,0,0,0,0,1,0,0,0,0,0,0,0
C0290,Bengaluru,senior,4.830876025658096,0,0,0,0,0,0,0,0,0,0,1,0,1,1,0,0,0,0,0,0,0,0,0,0,0
C0291,Hyderabad,intern,5.33998454583671,0,0,1,0,0,1,0,0,0,1,0,0,0,0,0,1,1,0,0,0,0,0,0,0,0
C0292,Pune,intern,2.529333549883674,1,1,0,0,0,0,1,0,0,0,1,0,0,0,0,1,0,0,1,0,1,0,0,0,0
C0293,Hyderabad,mid,2.5203344634822678,0,0,0,0,0,0,0,0,0,0,0,0,1,0,0,0,0,0,1,0,1,0,0,0,0
C0294,Pune,mid,3.135143625618044,1,0,0,1,0,0,0,0,1,1,1,0,0,0,1,0,0,0,1,0,0,1,0,0,0
C0295,Mumbai,junior,0.0,0,1,0,0,0,0,0,0,1,0,0,0,0,1,0,0,1,0,0,0,0,0,1,1,0
C0296,Delhi-NCR,mid,1.2936665854568465,0,0,0,1,0,0,0,0,0,0,0,0,0,0,0,0,0,0,0,1,0,1,0,0,0
C0297,Pune,intern,4.253983842198291,0,0,1,0,0,1,0,0,0,0,1,0,0,0,0,0,0,0,0,0,0,0,0,0,0
C0298,Chennai,senior,0.0,0,1,0,0,0,0,1,0,1,0,0,0,0,0,0,0,0,0,0,0,0,1,0,0,0
C0299,Pune,mid,5.9546218619318765,1,0,0,0,1,0,1,0,0,0,0,1,0,1,0,0,0,0,0,0,0,0,0,0,1
C0300,Bengaluru,mid,4.971970768816433,0,0,0,0,0,0,0,0,0,0,0,1,0,0,0,1,0,1,1,0,0,0,0,0,0
C0301,Remote,mid,5.441002887644139,0,0,0,0,0,0,0,1,0,0,0,0,1,0,0,0,0,0,0,1,0,0,0,1,0
C0302,Chennai,intern,2.935908091120967,0,0,1,1,0,1,1,0,1,0,0,0,1,0,0,0,0,0,0,0,1,0,1,0,0
C0303,Chennai,mid,2.448957325136919,0,1,1,0,0,0,0,0,0,0,0,0,0,0,1,0,1,1,0,0,0,1,1,0,0
C0304,Pune,mid,1.3376085257735206,0,1,0,1,1,0,0,0,0,0,1,0,1,0,0,1,0,0,0,1,0,1,0,0,0
C0305,Delhi-NCR,mid,2.6617918646234986,0,1,0,0,0,0,0,0,0,0,0,0,0,1,0,0,0,0,1,0,0,0,0,0,1
C0306,Chennai,junior,2.9362373582459256,0,0,0,1,0,0,1,0,0,0,0,0,0,0,1,0,0,0,1,1,0,1,0,0,0
C0307,Pune,mid,0.0,0,0,0,0,0,0,0,0,0,0,0,0,0,1,0,0,0,0,0,0,1,0,1,0,0
C0308,Remote,junior,5.848706189659938,0,0,0,0,0,0,0,0,0,0,0,0,0,0,0,0,1,0,0,0,1,1,0,0,0
C0309,Bengaluru,junior,10.320654199834438,1,0,0,0,0,0,0,0,1,0,0,0,1,0,0,0,1,0,1,0,0,0,1,0,0
C0310,Chennai,junior,0.0,0,0,1,0,0,1,0,1,0,0,1,0,0,0,0,0,1,0,0,0,1,1,0,0,1
C0311,Hyderabad,junior,6.4580292911792405,0,1,0,1,1,0,0,0,1,0,0,0,0,0,0,0,0,1,0,1,0,0,0,0,1
C0312,Delhi-NCR,senior,2.7683980359549554,1,0,0,1,0,0,0,0,0,1,0,0,0,1,0,1,0,0,1,0,0,0,0,1,0
C0313,Bengaluru,junior,1.8917351205363877,0,0,1,0,0,0,0,0,0,1,0,0,1,0,1,1,0,1,0,0,1,0,1,0,0
C0314,Pune,senior,4.109442266842694,0,0,0,1,0,0,1,0,1,0,0,0,1,0,0,0,0,0,1,1,0,0,0,1,1
C0315,Mumbai,intern,3.657033495985757,1,0,0,0,0,0,0,0,0,1,0,1,1,1,0,1,0,0,0,0,0,1,0,1,0
C0316,Pune,junior,6.4459482165149,1,0,0,0,0,0,0,0,0,0,1,1,1,0,0,0,0,0,0,0,0,0,0,0,0
C0317,Delhi-NCR,lead,2.355781200265531,0,0,0,1,0,0,0,1,1,0,0,0,0,1,0,0,0,0,0,0,0,0,1,0,1
C0318,Delhi-NCR,mid,5.076388251718763,1,0,0,0,0,1,1,0,0,0,0,0,0,1,0,0,0,0,0,0,1,0,0,0,1
C0319,Pune,mid,4.032948677747204,1,0,0,0,0,0,1,0,1,0,1,0,1,0,0,0,0,0,1,1,0,0,0,0,0
C0320,Remote,senior,3.358609414450132,0,0,0,1,0,0,0,0,1,0,0,0,1,0,0,1,0,1,0,0,0,0,0,0,0
C0321,Bengaluru,intern,2.8857467917537942,0,0,0,0,0,0,1,0,1,0,0,0,0,0,0,0,0,0,0,0,1,0,0,0,0
C0322,Chennai,senior,0.0,0,0,1,1,1,0,1,0,0,1,0,0,0,0,0,0,0,0,0,1,0,1,0,1,0
C0323,Mumbai,mid,6.362448113156576,0,0,0,0,0,0,0,0,1,1,0,0,0,0,0,0,0,0,0,0,0,0,1,1,0
C0324,Mumbai,senior,0.0,1,0,1,1,0,0,0,0,0,1,0,1,0,0,1,1,0,0,0,0,0,0,0,0,0
C0325,Remote,lead,9.047150756020296,0,1,1,0,1,1,0,1,0,0,0,1,0,0,1,0,0,0,0,0,1,0,0,0,0
C0326,Delhi-NCR,intern,8.42023924432527,0,0,0,1,0,0,0,0,0,0,1,0,1,0,0,0,0,1,1,0,1,0,0,0,0
C0327,Hyderabad,mid,7.798913671508097,0,0,0,0,0,0,0,0,0,0,0,0,0,1,0,1,0,0,1,0,1,0,0,0,0
C0328,Remote,senior,6.983051404372955,0,0,0,0,1,0,0,0,1,0,0,0,0,0,0,0,0,1,1,0,0,0,0,0,0
C0329,Remote,mid,6.138992276035298,0,0,0,0,0,0,0,1,0,0,0,0,0,0,0,0,1,0,1,1,0,0,1,1,0
C0330,Hyderabad,junior,8.233950957630135,0,1,0,0,0,0,0,0,0,0,1,0,0,0,0,1,0,0,0,0,0,1,0,1,0
C0331,Bengaluru,mid,1.0214595764981809,0,0,0,0,0,0,0,0,0,1,0,0,0,0,0,1,0,0,0,0,0,0,1,0,0
C0332,Hyderabad,junior,0.0,0,1,0,0,0,0,0,0,0,0,0,0,0,1,1,0,0,1,1,0,0,0,0,0,0
C0333,Chennai,junior,1.950724595244476,0,0,0,1,0,1,1,0,0,0,0,0,1,0,0,0,0,0,0,0,0,0,0,1,0
C0334,Chennai,junior,4.270470483002719,0,1,0,1,0,1,0,0,0,0,0,0,0,1,0,0,1,1,0,0,0,0,0,0,0
C0335,Chennai,intern,3.358140568417565,0,1,0,1,0,1,0,0,1,0,0,0,0,0,0,0,0,0,1,0,0,1,0,1,0
C0336,Mumbai,junior,4.87361560339448,1,0,0,0,0,0,0,0,0,1,0,1,0,1,1,1,1,0,1,0,0,0,0,0,0
C0337,Pune,senior,1.5195726838207793,0,1,0,0,0,0,1,0,0,0,0,0,0,0,0,0,0,1,0,0,0,0,1,0,0
C0338,Hyderabad,senior,0.9750733411772141,0,0,0,0,0,0,0,0,0,0,1,1,1,0,0,0,0,0,0,0,0,0,0,1,0
C0339,Mumbai,senior,3.940294987280244,0,0,0,1,0,0,1,0,1,1,0,0,0,1,0,0,0,0,1,0,0,0,0,0,0
C0340,Bengaluru,mid,0.0,1,0,0,1,0,1,1,1,0,0,0,1,0,1,0,0,0,0,0,0,0,0,0,0,0
C0341,Bengaluru,mid,3.2806869613192244,0,0,0,1,1,1,0,0,0,0,0,1,0,0,0,0,1,0,1,0,0,1,0,0,0
C0342,Hyderabad,mid,5.179689330954481,1,1,1,0,1,0,0,0,0,0,0,1,0,0,1,0,0,0,1,0,0,0,0,0,1
C0343,Delhi-NCR,senior,0.0,1,0,1,0,0,0,0,1,0,0,0,0,1,1,1,0,0,0,1,0,0,0,0,0,0
C0344,Bengaluru,junior,3.575791987523866,0,0,0,1,0,1,1,0,0,0,0,0,0,0,0,0,0,0,0,1,0,0,0,0,0
C0345,Mumbai,junior,4.538940042340161,0,0,1,1,0,1,0,0,0,0,1,1,1,0,0,0,0,0,0,1,0,0,0,0,0
C0346,Hyderabad,intern,0.4911699925635178,0,0,0,0,0,0,0,0,0,0,0,0,1,0,1,1,1,0,0,0,0,0,0,0,0
C0347,Remote,mid,1.4411865466231832,0,1,0,0,1,0,0,0,0,0,0,0,1,1,0,1,1,1,1,0,0,0,0,0,0
C0348,Chennai,junior,3.4996727979940414,0,0,1,0,0,0,1,0,0,0,0,0,1,1,0,0,0,0,0,0,0,0,0,0,1
C0349,Pune,mid,4.341625582426037,0,0,0,0,1,0,0,0,0,0,0,0,0,0,0,0,0,1,0,0,1,0,0,1,0
C0350,Remote,mid,6.667381952581022,0,0,1,0,0,1,0,1,0,1,0,1,0,0,0,0,0,0,1,0,0,1,0,0,0
C0351,Delhi-NCR,mid,3.508707687633395,0,0,0,1,1,1,0,0,0,0,0,1,0,0,0,0,1,1,1,0,0,0,1,0,0
C0352,Hyderabad,junior,2.01679271257858,0,1,0,0,0,1,0,0,1,0,0,1,0,0,1,0,0,0,0,0,0,0,0,0,0
C0353,Mumbai,junior,2.2699045332174936,0,0,0,0,0,1,0,1,0,0,0,0,1,0,1,0,0,0,0,0,1,0,0,0,0
C0354,Hyderabad,mid,6.026819899493436,0,0,0,0,0,0,0,1,0,1,0,0,0,1,0,0,0,1,0,0,0,0,0,0,0
C0355,Pune,mid,1.0542704621475902,0,0,0,0,0,1,0,1,1,0,0,0,1,0,0,1,0,0,0,1,0,0,0,0,0
C0356,Pune,junior,2.2906712241650724,1,0,0,0,0,1,0,0,0,0,0,0,0,0,0,0,0,0,1,0,1,0,0,0,0
C0357,Mumbai,mid,4.0216211811291105,0,0,1,0,0,1,0,0,0,0,0,0,0,0,0,0,0,0,0,0,1,0,0,0,0
C0358,Mumbai,mid,0.0,0,0,1,1,1,0,0,0,0,0,0,0,0,0,0,0,0,0,0,0,0,0,0,0,0
C0359,Pune,junior,9.526451975704791,1,0,0,0,0,0,0,0,0,1,0,1,0,0,0,0,0,0,0,0,0,0,0,1,0
C0360,Remote,mid,3.677398767201808,0,0,0,0,0,0,0,0,0,0,0,0,1,1,0,0,0,0,1,0,0,1,1,1,0
C0361,Remote,intern,6.195440182962663,0,0,0,1,0,0,1,0,1,0,1,0,0,0,0,0,0,0,0,1,0,0,0,0,1
C0362,Pune,junior,8.292757056473057,0,0,0,1,0,0,0,0,0,0,0,1,0,1,0,0,1,0,0,0,1,0,0,0,0
C0363,Pune,junior,2.981184923180294,1,0,0,0,0,1,1,0,0,0,0,0,0,0,0,0,0,0,1,0,1,0,0,0,0
C0364,Hyderabad,junior,8.587940436901885,0,1,0,1,0,1,0,0,0,0,1,0,1,0,0,0,1,0,0,0,0,0,0,0,0
C0365,Bengaluru,intern,0.0,0,0,0,0,0,0,0,0,0,0,0,1,0,0,1,1,0,0,1,0,1,0,0,1,0
C0366,Delhi-NCR,junior,5.534541105757574,0,0,1,1,1,0,1,0,0,0,0,0,0,0,0,1,1,0,1,0,1,0,0,0,0
C0367,Remote,senior,2.0132655420262218,0,0,1,1,1,0,0,0,1,1,0,1,0,0,0,0,0,1,0,1,0,0,0,0,0
C0368,Bengaluru,mid,4.123540061047533,0,1,1,0,0,1,0,0,1,0,0,1,0,1,1,0,0,0,0,0,0,1,0,0,0
C0369,Delhi-NCR,mid,3.9966408340063295,0,0,0,0,0,1,0,0,0,0,1,0,1,0,0,0,0,0,0,0,1,1,0,0,0
C0370,Bengaluru,junior,6.736457187930336,0,0,0,0,0,0,1,0,0,0,0,0,0,1,0,0,0,0,1,1,0,0,0,0,0
C0371,Delhi-NCR,senior,1.971259907909154,0,0,0,0,0,0,0,0,0,0,0,0,0,1,0,0,0,0,0,0,0,0,1,1,0
C0372,Pune,mid,1.761650551171822,0,0,0,0,0,0,0,1,0,0,0,0,0,1,0,0,0,0,0,0,0,1,0,0,0
C0373,Bengaluru,mid,8.264880934246625,0,0,1,0,0,0,0,0,0,0,0,0,0,0,0,1,0,1,0,0,0,1,1,0,0
C0374,Bengaluru,senior,4.681488395162399,0,0,1,0,0,0,0,0,0,0,0,0,1,1,1,0,1,0,0,0,0,0,0,0,0
C0375,Remote,intern,6.2645856774221285,0,0,0,0,0,0,1,0,0,1,0,0,1,0,0,0,1,0,0,0,0,0,0,0,0
C0376,Bengaluru,junior,4.553100121526992,0,0,0,0,1,0,0,0,1,1,0,0,0,0,0,0,0,0,1,0,0,0,0,1,0
C0377,Chennai,intern,4.084980235248823,1,0,0,0,0,0,0,0,0,0,0,0,0,0,0,1,0,0,1,1,0,0,0,0,0
C0378,Mumbai,mid,3.9077685032184104,0,0,0,1,1,0,0,0,0,0,0,0,0,0,0,0,0,1,0,0,0,0,1,1,0
C0379,Chennai,lead,1.64722447325446,0,0,0,0,0,1,0,0,0,0,0,0,0,0,0,0,1,0,0,1,0,1,0,0,0
C0380,Hyderabad,mid,4.777862924604724,0,0,0,0,0,0,0,0,0,0,0,0,0,0,1,1,0,0,0,1,0,0,1,0,0
C0381,Delhi-NCR,junior,8.7580114928796,0,0,0,0,0,0,0,0,0,0,0,0,0,1,1,0,0,0,0,0,0,1,0,0,0
C0382,Pune,mid,0.36984145093289733,0,0,0,1,1,1,0,0,0,0,1,0,0,1,0,0,0,0,1,0,0,0,0,0,0
C0383,Chennai,mid,0.0,0,1,0,1,0,0,0,1,0,0,1,0,0,0,0,0,1,0,0,0,0,0,0,0,0
C0384,Pune,junior,6.218893614959686,0,0,0,0,0,0,0,0,1,0,0,0,0,0,0,1,0,0,0,0,1,0,0,0,0
C0385,Bengaluru,mid,7.171567810724097,0,0,1,0,1,1,0,1,0,0,0,0,0,0,0,1,0,0,0,1,0,0,0,0,0
C0386,Bengaluru,junior,4.03971001840501,0,0,0,1,1,0,0,1,0,0,0,0,0,0,0,0,0,1,1,0,0,1,0,0,1
C0387,Remote,senior,3.700496258513649,0,0,0,0,0,1,0,0,0,0,0,0,0,0,0,0,0,0,0,0,0,1,1,0,0
C0388,Hyderabad,senior,4.417335219284776,0,0,0,0,0,0,0,0,1,0,0,0,0,1,0,1,0,0,0,0,0,0,0,0,0
C0389,Hyderabad,mid,1.3305880319547696,0,0,0,0,0,1,0,0,0,1,0,0,0,0,1,0,0,1,0,0,0,0,0,0,0
C0390,Pune,junior,1.2893966602711835,0,0,0,0,1,1,1,0,0,0,0,0,1,0,0,1,1,0,0,0,0,1,0,0,0
C0391,Mumbai,senior,1.9844567807163824,0,0,1,0,0,1,0,0,0,0,0,0,0,0,1,0,0,1,0,0,0,0,0,0,0
C0392,Pune,junior,10.230133977577072,1,0,0,0,0,1,0,0,0,0,0,1,0,1,0,1,0,1,0,0,0,1,0,0,0
C0393,Chennai,mid,7.802870682411714,0,1,0,0,0,0,1,0,0,0,0,0,0,0,0,0,0,0,0,0,1,0,1,0,0
C0394,Chennai,junior,0.6735910751858825,1,0,0,0,1,0,0,1,0,0,0,0,0,0,0,0,0,0,0,0,0,0,0,0,1
C0395,Remote,junior,0.5147999231969602,0,1,0,0,0,0,0,0,0,0,0,0,0,0,0,0,0,0,0,0,0,1,0,1,0
C0396,Pune,mid,6.812130900758944,0,0,0,1,0,0,0,0,0,0,0,0,0,0,0,0,0,0,0,0,0,0,1,1,0
C0397,Delhi-NCR,lead,0.9519504117753339,0,1,0,1,0,0,0,0,0,0,0,1,0,0,0,1,0,0,0,1,0,0,1,0,0
C0398,Delhi-NCR,junior,0.11948542198487289,1,0,1,0,0,0,0,0,0,1,0,0,0,0,0,0,0,1,0,1,0,0,0,0,0
C0399,Bengaluru,intern,1.52760783598157,1,1,0,1,0,0,0,0,0,0,0,0,0,0,1,0,0,0,1,0,0,1,1,1,0
C0400,Hyderabad,senior,3.87195071131757,0,0,0,0,1,0,0,0,0,1,0,0,0,0,1,0,0,0,1,0,0,0,1,0,0
C0401,Delhi-NCR,senior,1.9909557157833908,0,0,0,0,0,0,0,1,0,0,0,0,0,0,0,0,0,0,0,0,1,0,1,0,0
C0402,Remote,junior,7.1970555241601435,1,1,0,0,0,1,0,0,0,0,0,0,0,0,0,0,0,0,0,0,0,0,0,0,0
C0403,Bengaluru,mid,1.6229448680819614,0,0,0,0,0,0,0,0,0,0,0,0,0,0,0,0,0,0,1,0,0,0,1,0,1
C0404,Mumbai,junior,4.811456158330597,1,1,0,0,0,0,1,1,0,0,0,0,0,0,0,0,0,1,0,0,1,0,0,0,0
C0405,Hyderabad,intern,1.9053356208022825,0,0,0,0,1,0,1,0,1,1,0,0,0,1,0,1,0,0,1,0,0,0,0,0,0
C0406,Bengaluru,junior,5.0213213305046365,0,0,0,1,0,0,0,0,0,0,1,0,0,0,0,0,0,0,0,0,0,0,0,1,0
C0407,Hyderabad,junior,6.92999610993439,0,0,0,0,0,0,0,0,0,0,0,0,1,0,0,0,1,0,0,1,0,0,1,0,1
C0408,Delhi-NCR,senior,0.0,0,0,1,0,0,0,1,0,0,0,1,0,1,0,0,0,0,1,0,0,0,0,0,1,0
C0409,Pune,intern,1.0567018975953562,0,0,0,0,0,0,1,1,0,0,0,0,0,0,0,0,0,0,1,0,0,0,0,0,0
C0410,Hyderabad,senior,0.458216980739528,1,1,0,0,0,0,0,0,0,0,0,1,0,0,0,0,0,0,0,0,0,1,0,0,0
C0411,Delhi-NCR,mid,2.745194828908572,0,0,0,1,0,0,0,1,0,0,0,0,0,0,0,0,0,0,0,0,0,0,1,1,0
C0412,Hyderabad,junior,7.062648463007422,0,0,0,1,0,0,0,0,0,1,1,0,1,0,0,0,1,0,0,0,0,0,0,0,1
C0413,Delhi-NCR,mid,0.9244624166674731,0,0,0,1,1,0,0,0,0,0,0,0,0,0,0,0,0,0,0,0,1,0,0,0,0
C0414,Chennai,mid,7.005501908648224,0,0,0,0,0,0,0,0,1,1,0,1,0,0,0,0,0,0,0,0,0,0,0,0,0
C0415,Remote,junior,3.811759948093974,1,0,0,0,0,0,0,0,1,0,0,0,1,0,0,0,0,1,0,0,1,0,1,0,0
C0416,Chennai,mid,7.291982521608602,0,1,0,0,0,1,0,1,0,0,0,0,0,0,1,0,0,1,0,0,0,1,1,1,0
C0417,Hyderabad,mid,1.4685700644258306,0,1,1,0,1,1,0,1,0,1,0,0,0,0,0,0,1,0,0,0,1,0,0,0,0
C0418,Pune,junior,5.026010372263063,0,0,1,0,1,0,0,0,0,1,0,0,1,0,0,0,0,0,1,0,0,1,0,0,0
C0419,Mumbai,senior,5.185428457095177,0,1,0,0,1,0,0,1,1,1,0,0,0,1,0,0,0,0,0,0,0,1,0,1,0
C0420,Pune,senior,3.4675675387192375,0,0,1,0,0,0,0,0,0,0,0,1,1,0,0,0,1,0,0,0,0,0,0,0,0
C0421,Mumbai,mid,9.230865601874696,1,0,1,0,0,0,0,0,0,0,0,1,0,0,0,0,0,1,0,0,0,1,0,0,1
C0422,Pune,junior,0.9144872771761907,0,0,0,1,1,0,0,1,0,0,0,0,0,1,1,0,0,0,0,1,0,0,0,0,0
C0423,Remote,intern,5.861117181794073,0,0,0,1,0,0,0,1,0,1,0,0,0,0,1,0,0,0,0,0,0,0,0,0,0
C0424,Delhi-NCR,senior,10.185397458194824,0,0,0,1,0,0,0,0,1,0,0,0,1,0,0,0,0,0,0,0,0,0,0,0,0
C0425,Remote,senior,5.453930533935107,1,0,0,0,0,0,1,0,0,0,0,0,0,0,0,0,0,0,0,0,0,0,1,0,0
C0426,Remote,mid,6.5894522161124165,0,0,0,0,1,0,0,0,0,0,0,1,0,1,0,1,0,0,0,0,0,0,1,1,0
C0427,Remote,intern,0.0,1,0,0,0,0,0,1,0,0,0,0,0,0,0,1,0,0,0,0,0,0,0,0,0,0
C0428,Hyderabad,mid,5.755742594076568,0,0,0,0,0,0,0,0,0,0,0,1,0,0,0,1,1,0,0,0,0,0,0,0,0
C0429,Pune,mid,3.2595286134652426,1,0,0,0,0,0,1,0,1,1,0,1,0,0,0,0,1,1,0,1,0,0,0,0,0
C0430,Pune,senior,0.0,0,0,0,0,0,1,1,0,0,0,1,0,0,1,0,1,0,0,0,0,0,0,0,0,0
C0431,Chennai,mid,2.964529398271306,0,0,1,1,1,0,0,1,1,0,0,0,1,1,0,0,0,0,0,0,0,0,0,1,0
C0432,Mumbai,junior,5.457066877571545,0,1,0,1,1,0,0,0,1,0,0,0,0,1,0,1,0,1,0,0,0,0,0,0,1
C0433,Delhi-NCR,senior,3.2345074749356364,0,0,1,0,0,0,0,0,1,0,0,0,0,0,0,0,0,0,0,1,0,1,0,0,0
C0434,Bengaluru,intern,4.974654156473753,1,0,0,0,0,0,0,0,0,0,0,0,1,1,1,0,0,1,0,0,0,0,1,1,1
C0435,Mumbai,junior,0.0,1,0,0,0,1,0,0,1,1,1,0,0,0,0,0,0,1,0,0,0,0,0,0,1,1
C0436,Hyderabad,senior,6.474813668842309,0,0,0,0,0,0,0,0,1,1,1,1,1,0,0,0,0,1,0,0,0,0,0,0,1
C0437,Chennai,junior,3.878972840397963,0,1,0,0,0,1,1,0,1,0,0,0,0,0,1,0,0,0,0,1,0,1,0,0,1
C0438,Remote,mid,4.02398208864644,0,0,1,0,0,1,0,1,0,0,1,0,1,1,0,1,0,0,0,1,0,0,0,0,0
C0439,Chennai,mid,5.575287921917793,1,0,0,0,0,0,0,0,0,0,0,0,1,0,1,0,0,1,0,0,0,0,1,0,0
C0440,Remote,junior,2.0458771297973435,0,0,1,0,0,0,1,0,0,0,0,0,1,0,0,1,0,0,0,1,0,0,0,1,0
C0441,Hyderabad,mid,7.3180188745083585,0,0,0,0,0,0,0,0,0,0,0,1,0,0,1,0,1,0,0,0,1,1,1,0,0
C0442,Mumbai,junior,1.4616935914680074,0,1,1,0,0,0,0,1,0,0,1,1,0,0,0,0,1,0,0,0,1,0,0,0,1
C0443,Mumbai,mid,5.474357769818771,0,0,0,1,1,0,1,1,0,0,0,0,0,0,0,1,0,0,1,0,0,1,0,0,0
C0444,Pune,mid,5.832226467388582,0,0,1,1,0,1,0,0,0,0,1,0,0,0,0,0,1,1,1,0,1,0,0,0,0
C0445,Remote,senior,6.6230272853391625,0,0,0,0,0,0,0,0,1,1,0,1,1,0,0,1,0,1,0,0,0,0,1,0,0
C0446,Bengaluru,junior,0.36289512082082265,0,0,0,0,0,0,0,0,0,0,0,1,0,1,0,0,0,0,0,0,1,0,0,0,0
C0447,Pune,senior,5.7840706341105514,0,0,0,1,0,1,0,1,1,1,0,0,0,1,0,0,1,0,0,0,0,0,0,0,0
C0448,Chennai,junior,5.637636513217435,0,0,0,0,0,0,0,0,1,1,0,0,1,0,0,1,0,0,0,0,0,1,1,0,0
C0449,Remote,lead,3.086566576760419,0,1,1,0,1,0,1,0,0,0,1,0,0,0,0,0,0,1,0,0,0,0,0,0,1
C0450,Bengaluru,junior,8.704619341191496,1,0,1,0,0,1,0,0,0,0,0,1,0,0,0,0,0,0,0,1,0,0,0,1,1
C0451,Remote,mid,3.439725595586942,0,0,0,0,0,0,0,1,1,1,0,0,0,0,0,1,0,0,0,0,0,0,0,0,0
C0452,Bengaluru,mid,1.557490054041661,0,0,0,1,0,0,0,1,1,0,0,0,0,0,0,0,0,0,0,0,1,1,0,0,0
C0453,Delhi-NCR,mid,2.052820740876162,0,0,0,0,0,0,0,0,1,0,0,0,0,0,1,1,0,0,0,0,0,0,0,1,0
C0454,Hyderabad,intern,7.101428324196929,0,0,1,0,0,0,0,0,0,0,0,0,1,0,0,0,0,1,0,0,0,0,0,1,0
C0455,Chennai,junior,6.15317682625019,0,1,0,0,1,1,0,0,0,0,0,0,1,1,0,0,0,0,1,0,0,0,0,0,0
C0456,Remote,junior,6.177123949956166,0,0,0,0,0,1,1,1,1,0,0,0,0,0,1,0,0,0,0,0,0,1,0,0,1
C0457,Remote,intern,0.0,0,1,0,1,0,0,0,0,0,0,0,0,1,0,0,0,0,0,0,1,0,0,0,0,0
C0458,Pune,junior,0.9290567149003275,0,0,0,0,0,1,1,0,0,1,0,0,0,0,1,0,1,1,0,0,0,0,1,1,0
C0459,Delhi-NCR,junior,2.8702158309295442,1,0,0,0,0,0,1,1,0,0,0,0,0,0,1,0,0,0,0,1,0,0,1,0,0
C0460,Chennai,junior,6.904736777113882,1,0,0,0,1,0,0,0,0,0,0,0,0,0,0,0,1,0,0,0,0,0,0,0,0
C0461,Pune,mid,8.404245467995892,0,0,0,0,0,0,0,1,1,0,0,0,1,0,0,1,0,0,0,0,0,0,1,0,0
C0462,Chennai,junior,6.585275482610101,0,0,0,0,1,0,1,1,0,1,1,0,0,0,0,1,0,0,0,0,0,1,0,0,0
C0463,Remote,senior,10.066326852560428,0,1,0,1,0,0,0,0,1,0,1,0,0,1,0,1,0,1,0,0,0,1,0,0,0
C0464,Delhi-NCR,mid,3.4856505055366203,0,0,0,0,0,0,0,0,0,1,0,0,0,0,0,1,0,0,1,1,1,1,0,0,0
C0465,Remote,junior,8.994328176244814,0,0,0,1,0,0,0,0,0,0,1,0,0,0,1,0,0,0,1,0,0,0,0,0,1
C0466,Hyderabad,mid,2.8208411872419115,0,0,0,0,0,0,0,0,0,0,0,0,0,1,0,0,0,1,0,0,0,0,0,1,0
C0467,Bengaluru,junior,5.043803431548132,0,0,0,0,1,1,0,0,0,0,0,1,0,0,1,0,0,0,1,0,1,0,0,0,0
C0468,Remote,mid,0.0,1,1,1,0,1,0,1,0,0,1,0,0,0,0,0,0,1,0,0,0,0,0,0,0,0
C0469,Mumbai,junior,5.4636500260586995,0,0,0,1,0,0,0,0,0,0,0,0,0,0,0,1,0,0,1,0,0,0,0,0,0
C0470,Hyderabad,intern,0.8583737197688919,0,0,0,0,1,1,0,0,0,0,0,0,0,0,0,0,0,0,0,0,0,1,0,0,0
C0471,Mumbai,mid,4.410322351950097,0,1,0,0,0,0,0,0,0,0,1,0,0,0,0,0,0,1,0,1,0,0,0,0,0
C0472,Hyderabad,intern,3.743178106776557,0,0,0,0,0,0,0,1,0,1,0,0,0,0,0,0,1,0,1,0,0,1,0,0,1
C0473,Remote,lead,3.8485777816557345,0,1,0,0,0,0,1,0,0,0,0,1,0,1,0,0,0,0,0,1,1,1,0,0,0
C0474,Hyderabad,senior,6.004593530672893,1,0,0,0,1,0,1,1,0,0,0,1,0,1,0,1,0,0,0,0,0,0,0,0,1
C0475,Pune,junior,4.842563046176567,1,0,1,0,0,1,1,0,0,0,0,0,0,0,0,0,0,0,0,0,0,0,1,0,1
C0476,Chennai,junior,4.741020122452523,0,0,0,0,0,1,0,0,0,0,0,1,1,0,1,0,0,0,1,1,0,0,1,0,0
C0477,Delhi-NCR,mid,2.5359402953141963,0,1,0,1,0,0,1,0,0,0,0,0,0,0,0,0,1,0,0,0,1,0,0,0,0
C0478,Delhi-NCR,mid,2.8999636190484335,0,0,0,1,0,0,1,1,0,0,0,1,0,0,1,0,0,0,0,0,0,0,0,1,0
C0479,Pune,senior,3.4661273327629405,0,1,0,0,0,0,1,0,0,0,1,1,0,0,0,0,0,0,0,0,0,0,0,1,0
C0480,Remote,mid,5.1910948068819405,0,0,0,0,0,0,0,0,0,0,0,0,1,0,1,0,1,0,1,0,0,0,1,0,0
C0481,Mumbai,mid,6.774097590309376,0,1,0,0,1,0,1,0,0,0,1,0,1,0,0,0,0,0,0,0,0,0,0,0,1
C0482,Chennai,mid,7.271415973415696,0,0,0,1,0,0,0,0,0,0,1,0,0,0,0,0,1,1,0,0,0,0,0,1,0
C0483,Hyderabad,junior,0.0,0,0,0,0,0,1,0,0,0,0,0,0,0,1,0,0,0,0,0,0,0,0,1,0,0
C0484,Bengaluru,lead,2.5213931565267953,0,0,1,1,1,0,0,1,1,0,0,0,0,0,0,0,0,0,1,0,0,0,0,0,1
C0485,Remote,mid,0.0,0,0,0,0,0,0,0,0,1,0,1,0,0,0,0,0,0,0,1,0,0,0,0,0,0
C0486,Chennai,junior,3.042682778341076,1,0,0,0,0,1,0,0,0,0,0,0,0,0,1,0,0,0,0,0,0,1,0,0,0
C0487,Pune,junior,4.802620858379662,0,0,0,0,0,0,0,0,0,1,1,0,1,0,0,1,0,0,0,0,1,1,1,1,0
C0488,Hyderabad,senior,3.0990752252910605,0,0,1,0,0,1,0,0,0,1,0,0,1,0,1,1,0,0,0,1,0,0,0,0,0
C0489,Hyderabad,mid,4.693029931766541,1,0,0,0,0,0,1,0,0,1,0,0,0,0,0,0,0,1,0,1,0,0,0,0,1
C0490,Bengaluru,senior,3.5858587741553993,0,0,0,0,1,0,0,0,1,1,0,0,0,0,0,0,0,0,0,1,0,0,1,1,1
C0491,Hyderabad,junior,0.0,0,1,0,0,0,0,0,0,0,0,0,0,1,0,1,0,0,0,1,1,0,0,0,0,1
C0492,Remote,junior,0.0,0,0,0,0,0,0,0,0,0,1,0,1,0,0,1,0,0,0,0,1,0,0,0,0,0
C0493,Pune,senior,2.775480472033138,0,0,0,0,1,1,0,0,0,0,0,0,0,0,0,0,0,0,1,0,0,0,1,0,0
C0494,Chennai,intern,0.0,0,0,0,0,0,0,0,0,1,1,0,0,0,0,0,0,0,0,0,0,0,0,0,1,0
C0495,Delhi-NCR,junior,0.36427084005616983,0,1,1,1,0,0,0,0,0,0,0,0,0,0,0,1,0,0,0,1,1,0,0,1,0
C0496,Delhi-NCR,junior,2.5339522931111125,0,1,0,1,0,0,0,0,0,1,0,1,0,0,0,1,0,0,0,0,0,0,0,0,0
C0497,Pune,mid,0.3534914234629145,0,1,0,1,1,0,0,0,0,0,0,1,1,1,0,0,0,0,0,0,0,1,0,0,1
C0498,Pune,lead,9.372695713698745,1,0,0,0,0,1,0,0,1,0,0,0,0,0,0,0,0,0,0,0,0,0,0,0,1
C0499,Bengaluru,intern,0.0,0,0,0,0,0,0,0,0,0,0,1,0,1,0,0,0,0,1,1,0,0,1,0,0,0
C0500,Hyderabad,mid,3.2676738444336957,0,0,1,1,0,0,1,0,1,0,0,0,0,1,1,0,0,1,0,0,0,0,0,0,1
C0501,Bengaluru,senior,3.0516253840945384,0,0,0,1,0,1,0,0,1,0,0,0,0,0,0,1,0,0,0,0,0,0,0,0,0
C0502,Mumbai,junior,1.7333778437784146,0,0,0,0,0,1,1,0,0,0,0,1,1,0,0,1,0,0,0,0,0,0,0,0,0
C0503,Hyderabad,senior,4.204302890313157,0,0,0,0,0,0,1,1,1,0,0,0,0,0,0,0,1,0,0,1,0,0,0,1,1
C0504,Pune,junior,7.711151625527407,0,0,0,0,0,1,0,1,0,0,0,0,0,0,0,1,0,1,0,0,0,0,0,0,0
C0505,Pune,senior,11.15158311394562,1,0,0,0,0,0,0,0,1,0,0,1,0,0,0,0,0,0,0,1,0,0,1,0,0
C0506,Bengaluru,mid,1.5133745115991855,0,0,0,0,0,1,1,1,1,0,0,0,0,1,0,0,0,0,0,0,0,1,0,0,0
C0507,Remote,mid,2.1458367796443776,0,0,0,0,1,0,1,1,0,0,0,0,1,0,0,0,1,0,1,0,0,0,0,0,1
C0508,Chennai,junior,4.938137737824405,0,0,1,1,1,0,0,0,0,0,0,0,1,0,0,0,0,0,0,1,0,0,0,0,0
C0509,Bengaluru,mid,0.628084712711698,1,0,1,0,1,0,0,1,1,0,0,0,1,0,0,0,0,0,0,1,0,1,0,0,0
C0510,Mumbai,mid,5.805686945819325,0,0,1,0,0,1,1,1,0,0,0,0,0,0,0,0,1,0,0,0,0,0,0,0,0
C0511,Bengaluru,junior,4.819963769610623,0,0,1,1,0,0,0,0,0,0,1,0,0,1,0,0,0,1,0,1,0,0,0,0,0
C0512,Hyderabad,mid,1.4859424587229446,0,0,0,0,0,0,0,0,1,0,0,0,0,0,1,0,0,1,0,0,0,0,0,0,0
C0513,Delhi-NCR,mid,4.512866056562515,0,0,0,0,0,0,0,1,0,0,1,0,0,0,0,0,0,0,0,0,0,0,1,1,0
C0514,Mumbai,junior,0.0,0,0,0,0,0,0,1,1,0,0,1,0,0,0,1,0,0,0,0,0,1,0,0,0,0
C0515,Mumbai,lead,2.6150733912371646,0,0,0,0,0,0,1,0,0,0,0,1,0,0,0,0,0,1,0,0,1,1,0,1,1
C0516,Hyderabad,mid,3.9472062122330858,0,0,0,0,0,0,0,0,0,0,0,1,0,0,0,0,0,0,0,1,0,0,0,0,1
C0517,Chennai,junior,2.3014321754199982,1,0,1,1,0,0,0,0,1,0,1,1,0,0,0,0,0,0,0,0,0,0,0,1,1
C0518,Pune,junior,2.837851581201194,1,1,0,0,0,0,1,0,1,0,1,1,0,0,0,0,0,0,0,0,0,0,0,1,0
C0519,Remote,intern,2.043776291791617,0,0,0,0,0,0,1,0,0,1,1,1,0,0,0,0,0,1,0,0,0,0,0,0,0
C0520,Mumbai,mid,0.0,0,0,0,0,1,0,0,0,0,0,0,0,1,0,0,1,0,0,0,0,0,0,0,0,1
C0521,Remote,mid,0.0,1,0,0,0,0,0,0,0,0,1,0,0,0,0,1,0,0,0,0,0,0,0,1,0,1
C0522,Hyderabad,mid,2.8881608393804132,0,0,0,1,0,0,1,0,0,0,0,0,0,0,0,0,1,0,1,0,0,0,0,0,0
C0523,Pune,intern,0.44510437514735823,0,0,1,1,0,0,0,0,1,0,0,0,1,1,0,1,1,0,0,1,0,0,0,0,0
C0524,Remote,mid,5.694821960640444,0,1,0,0,0,0,0,0,0,1,0,0,0,0,0,0,0,1,0,0,0,0,0,0,1
C0525,Bengaluru,senior,0.0,0,0,1,0,1,0,0,0,0,0,0,0,0,0,0,0,1,0,0,0,1,0,0,0,0
C0526,Bengaluru,intern,2.0716492910778275,1,0,0,0,0,0,0,0,0,0,0,0,0,0,1,0,0,0,1,0,0,0,0,0,0
C0527,Hyderabad,junior,1.8808734936526221,0,0,0,0,1,0,0,0,0,0,0,0,0,0,0,0,1,1,1,0,0,0,0,0,0
C0528,Bengaluru,mid,6.240540431902884,0,1,0,0,1,0,0,0,0,0,0,0,0,0,0,0,1,0,0,0,0,0,0,0,0
C0529,Hyderabad,junior,0.841650810665012,1,0,0,1,0,1,0,1,0,0,1,0,0,0,1,0,0,0,0,1,0,0,0,0,1
C0530,Hyderabad,mid,2.8581254588009064,1,1,0,0,0,0,0,0,1,1,0,0,0,0,0,1,1,1,0,0,0,0,0,0,0
C0531,Chennai,intern,8.36355412287711,0,0,1,0,0,0,0,0,0,0,1,1,1,0,0,0,0,1,0,1,0,0,0,0,0
C0532,Delhi-NCR,intern,0.005065719827550552,0,0,0,1,0,1,1,1,0,0,0,0,0,0,0,0,1,0,0,0,0,0,0,0,1
C0533,Remote,senior,4.912451338558531,0,0,0,0,0,0,0,0,0,0,0,1,0,0,0,0,0,0,0,0,0,0,1,1,0
C0534,Pune,lead,1.3518647065159812,0,0,0,0,0,0,0,1,0,0,0,0,1,0,0,1,1,0,0,1,0,0,1,0,0
C0535,Mumbai,mid,4.2376451434124185,0,0,1,0,0,1,0,0,0,0,0,0,0,0,1,0,1,0,1,0,0,1,1,0,0
C0536,Remote,intern,5.7288675751546325,1,0,1,0,0,0,1,0,0,0,0,0,1,0,0,0,1,0,0,0,0,1,0,1,1
C0537,Delhi-NCR,mid,1.5727021984152758,0,1,0,1,0,0,0,0,0,0,0,0,1,1,0,0,1,0,0,0,1,0,0,0,0
C0538,Bengaluru,senior,4.102533147173723,0,0,0,0,1,1,0,1,1,0,0,0,0,0,1,0,0,0,0,0,0,0,1,0,1
C0539,Pune,mid,7.6285621073286585,1,0,0,0,0,1,0,0,0,0,0,1,0,0,0,0,0,0,0,1,1,0,0,0,0
C0540,Chennai,mid,5.191702158936976,1,0,0,0,0,0,0,0,0,1,0,0,0,0,1,0,1,1,0,0,1,0,0,1,0
C0541,Pune,senior,1.11701097422704,1,0,0,0,0,0,0,0,0,1,0,0,0,0,0,0,0,1,0,0,0,1,0,0,0
C0542,Pune,mid,1.454425073942076,1,1,0,0,0,1,0,0,1,0,0,0,0,0,1,0,1,0,0,0,0,0,0,1,1
C0543,Chennai,senior,4.646031379866248,0,0,0,0,0,0,0,0,1,0,0,0,1,0,0,0,0,1,0,0,0,0,0,0,0
C0544,Hyderabad,mid,1.6283966508312422,0,1,0,0,1,0,0,0,0,0,0,0,1,0,0,0,0,1,0,0,0,0,0,1,0
C0545,Chennai,junior,6.603326561578545,0,0,0,0,0,1,1,0,0,1,1,0,0,1,0,0,0,1,0,0,0,1,0,1,0
C0546,Remote,junior,9.532349240182807,1,0,0,1,0,0,0,1,1,1,0,1,0,0,0,1,0,0,0,0,0,0,0,0,0
C0547,Bengaluru,mid,0.0,1,0,0,0,1,1,0,0,0,0,0,0,0,0,1,1,0,0,0,0,1,0,0,0,0
C0548,Pune,mid,2.674432653121392,0,0,0,1,0,0,1,0,0,0,1,1,0,0,0,0,0,0,1,0,1,0,0,0,0
C0549,Chennai,mid,3.435424428846758,1,0,0,0,1,0,0,1,0,1,0,1,0,0,1,0,0,0,0,0,0,0,0,0,1
C0550,Chennai,junior,5.008744739057112,0,0,0,0,0,1,0,0,0,0,1,0,0,1,1,0,1,0,0,0,1,0,0,0,0
C0551,Bengaluru,senior,5.11157220638742,0,0,0,0,0,1,0,0,0,0,0,0,0,0,0,0,1,1,0,0,0,0,0,0,0
C0552,Bengaluru,junior,4.349405245154266,1,0,0,0,0,1,1,1,0,0,0,1,0,0,1,0,1,0,0,1,0,0,0,0,0
C0553,Chennai,junior,9.510685509487038,1,0,1,0,0,1,1,0,0,0,0,0,0,0,0,0,0,0,0,0,0,0,0,0,1
C0554,Mumbai,junior,4.454769534458569,0,0,0,0,0,0,0,0,0,0,0,0,0,1,0,0,0,0,0,1,1,0,0,0,0
C0555,Pune,mid,3.7566785303519166,0,0,0,1,0,0,1,1,0,0,0,0,0,0,0,0,0,0,0,0,0,1,0,0,0
C0556,Delhi-NCR,mid,3.401104525967101,1,0,0,0,0,0,1,0,0,0,1,0,1,0,0,0,0,1,0,0,0,0,0,0,0
C0557,Mumbai,mid,2.656400764670618,0,0,0,1,1,0,0,1,0,0,0,0,0,0,1,0,1,0,0,0,0,0,0,0,1
C0558,Mumbai,lead,6.906221595770675,0,0,0,0,1,0,0,0,0,0,0,0,0,0,0,1,0,0,0,0,0,1,0,0,1
C0559,Delhi-NCR,mid,9.314527847460239,1,1,0,0,0,0,1,0,0,0,0,0,0,0,0,0,1,0,0,1,1,0,0,0,0
C0560,Mumbai,junior,5.4244489685892745,0,0,0,0,0,0,0,0,1,0,1,1,0,0,0,0,1,0,0,0,0,1,1,0,0
C0561,Bengaluru,junior,0.7737407301435448,0,0,1,1,0,0,1,0,0,0,0,0,1,1,0,1,1,0,0,0,0,0,0,1,0
C0562,Hyderabad,mid,0.9577924213441618,0,0,0,0,0,1,0,0,0,0,0,1,0,0,0,0,0,0,0,0,0,1,0,0,0
C0563,Mumbai,mid,8.64126845839483,1,0,0,0,0,0,0,0,0,0,0,1,0,0,0,0,0,0,1,0,0,0,0,0,0
C0564,Remote,junior,3.5945391789027523,0,0,1,0,0,0,0,1,0,0,0,0,0,0,1,1,0,0,1,0,0,0,0,0,0
C0565,Chennai,junior,7.7079954482901805,0,0,0,0,0,0,0,0,0,0,1,0,0,0,1,0,0,0,0,0,0,1,0,0,0
C0566,Remote,junior,6.182601080877397,0,0,0,0,0,0,0,0,1,0,1,0,0,0,0,0,0,1,0,0,1,1,0,1,0
C0567,Delhi-NCR,senior,4.541973678852138,0,0,0,0,0,0,1,0,0,0,0,0,1,1,1,1,0,0,0,0,0,1,0,1,0
C0568,Mumbai,mid,1.1125821889567438,0,1,0,0,0,0,0,0,1,0,0,0,0,0,0,0,0,0,0,0,0,0,1,0,0
C0569,Pune,mid,4.020203602304866,0,0,0,1,1,1,0,0,0,1,0,0,0,0,1,0,0,0,1,0,1,0,1,0,0
C0570,Mumbai,mid,11.407588110078454,0,0,0,0,0,0,0,0,0,0,0,0,0,0,0,0,0,1,0,1,1,0,0,0,0
C0571,Chennai,junior,5.145071603438841,1,0,0,0,0,1,0,0,0,0,0,0,0,0,0,0,0,0,0,0,0,0,1,0,0
C0572,Hyderabad,junior,1.7493427892736024,1,0,0,0,1,0,0,0,0,0,0,0,1,1,0,0,0,0,0,0,1,1,0,1,1
C0573,Delhi-NCR,senior,3.8742408662730137,0,1,0,0,0,0,0,0,0,0,1,0,1,0,0,0,1,0,0,1,0,0,1,1,1
C0574,Remote,junior,3.0392777730957015,0,1,0,0,1,0,0,0,0,0,0,0,0,0,1,0,0,0,0,1,0,0,1,0,0
C0575,Remote,lead,4.721264062384272,0,0,1,0,1,0,0,0,0,1,0,0,0,0,0,0,0,0,1,1,0,0,1,1,0
C0576,Pune,senior,6.248651616778439,0,0,0,0,0,0,0,1,0,0,0,0,0,0,1,0,1,0,0,0,0,1,1,0,0
C0577,Hyderabad,junior,6.427352465156801,0,1,0,0,0,0,0,1,0,1,0,0,1,1,1,0,0,1,0,0,0,0,0,0,1
C0578,Bengaluru,junior,7.117760828902181,0,0,1,0,0,0,0,0,0,0,0,1,1,0,0,1,0,0,1,0,1,0,0,0,1
C0579,Pune,junior,6.725760404839443,0,0,0,0,0,0,1,1,0,0,0,0,1,1,0,0,0,0,0,0,0,0,0,0,0
C0580,Pune,intern,4.902143625453185,0,0,0,1,0,1,0,0,0,0,0,0,0,1,0,0,0,0,0,0,0,0,1,0,0
C0581,Hyderabad,senior,5.6941300096394825,0,0,0,0,1,0,0,0,0,0,0,1,0,0,0,1,0,0,0,0,0,1,1,0,0
C0582,Pune,mid,1.9673799612793035,0,0,1,0,0,0,0,0,0,0,1,0,0,0,1,1,0,0,0,0,0,0,1,0,0
C0583,Hyderabad,intern,5.07913449671232,0,0,0,0,0,0,1,0,0,0,0,0,0,0,0,0,1,0,0,0,1,0,0,0,0
C0584,Mumbai,junior,5.932445011455948,0,0,0,0,0,0,0,0,0,1,0,0,0,0,0,1,0,0,0,0,1,0,0,0,0
C0585,Pune,senior,1.305139858706991,1,0,0,0,0,1,1,0,1,0,0,0,0,0,0,0,1,0,1,1,0,0,0,1,0
C0586,Chennai,mid,0.0,1,0,0,0,0,0,1,1,1,0,0,0,0,0,0,1,1,1,0,0,0,0,0,1,0
C0587,Hyderabad,senior,5.517655193606077,0,0,0,0,0,0,0,0,1,1,0,0,0,0,1,0,1,0,1,0,0,0,0,1,1
C0588,Pune,senior,6.271355106023334,0,0,0,1,0,1,1,1,1,0,0,0,0,0,1,0,0,0,1,0,0,1,0,0,0
C0589,Mumbai,mid,4.13241668999678,0,0,0,0,0,1,0,0,0,0,1,0,0,1,0,0,0,0,0,0,0,1,0,0,1
C0590,Chennai,junior,2.703664718640962,0,0,0,1,1,0,0,0,0,1,1,0,0,1,0,0,0,0,0,0,0,0,0,0,0
C0591,Mumbai,junior,2.347549247998619,0,1,0,0,0,1,1,0,0,0,0,0,0,0,0,0,0,0,0,0,0,0,0,0,0
C0592,Mumbai,mid,0.6820451519823401,0,0,0,0,0,1,0,1,0,0,0,0,0,0,0,1,0,0,0,0,0,0,0,0,0
C0593,Pune,intern,0.8999875120329119,1,0,1,0,0,1,1,0,0,0,0,0,0,1,1,0,0,0,0,0,1,0,0,0,0
C0594,Bengaluru,senior,2.584421056835742,0,0,1,0,0,0,0,0,1,0,0,0,1,0,0,0,0,0,0,1,0,1,0,1,0
C0595,Hyderabad,mid,1.493859133455889,0,0,0,0,0,0,0,0,0,1,1,0,0,0,1,0,0,0,0,0,0,1,0,1,0
C0596,Pune,junior,3.748532435494109,0,0,0,1,0,0,1,0,0,1,0,0,1,0,1,0,1,0,0,0,1,0,0,0,0
C0597,Bengaluru,mid,1.916021939863421,1,1,0,0,0,0,0,0,0,1,0,0,0,0,0,0,0,0,1,0,1,0,1,0,0
C0598,Delhi-NCR,junior,2.661623174941351,0,0,0,0,0,1,0,0,0,1,0,0,0,0,1,0,0,0,0,1,1,1,0,0,0
C0599,Bengaluru,mid,8.842341769073464,1,0,0,0,0,0,1,0,1,1,0,0,0,0,0,0,0,1,0,0,0,0,1,1,0
C0600,Remote,mid,2.2212223890388016,0,0,0,1,0,1,0,0,0,1,1,1,0,0,0,1,0,0,0,0,0,0,0,0,0
C0601,Mumbai,intern,7.237371337972627,0,0,0,0,1,1,0,0,1,0,0,0,1,0,0,0,0,0,0,1,1,0,0,1,0
C0602,Remote,mid,1.579761245663223,0,0,0,0,0,0,0,0,1,1,0,1,1,0,0,0,0,1,0,1,0,1,0,0,0
C0603,Mumbai,mid,8.909275637024994,0,0,0,0,0,0,0,0,0,1,0,0,0,0,0,0,0,0,1,1,1,0,0,0,1
C0604,Chennai,junior,3.8474601486721554,0,0,0,0,0,0,0,1,0,0,0,0,0,0,0,1,0,0,0,1,0,0,1,0,0
C0605,Hyderabad,junior,0.8270356116314055,0,0,0,0,0,0,0,0,0,0,1,0,0,0,0,0,1,0,0,0,0,0,0,1,0
C0606,Pune,junior,1.656572523151664,0,0,1,1,0,0,0,0,0,1,0,0,0,0,1,0,0,0,1,0,1,0,0,0,0
C0607,Remote,junior,4.757347943777178,0,0,1,0,0,0,0,0,0,0,1,0,0,0,0,1,0,0,1,0,0,1,0,1,1
C0608,Hyderabad,mid,4.5046174213337675,0,0,1,0,0,1,1,0,0,1,0,1,1,0,0,0,0,1,0,0,0,0,0,0,1
C0609,Delhi-NCR,mid,5.104030109483556,0,0,0,0,1,1,0,0,1,0,0,1,0,1,0,0,1,0,0,0,0,0,0,1,0
C0610,Remote,mid,3.2889283808806997,0,0,1,0,0,0,0,0,0,0,0,0,0,0,0,0,1,1,1,0,0,0,1,1,1
C0611,Hyderabad,senior,2.954846946813036,0,0,0,0,1,0,0,0,0,0,0,0,1,0,1,1,0,0,0,0,0,0,0,0,0
C0612,Hyderabad,mid,0.0,0,0,0,0,1,0,1,0,0,1,0,0,1,0,0,0,0,0,0,1,0,1,0,0,1
C0613,Mumbai,senior,1.3578462378656755,0,0,1,0,0,1,0,0,0,0,0,0,0,0,0,0,0,0,1,0,0,0,0,0,0
C0614,Delhi-NCR,mid,4.075788493295171,0,0,0,0,0,0,0,0,1,0,0,0,0,0,0,0,0,0,1,0,0,0,0,0,1
C0615,Mumbai,senior,4.201543328961944,0,0,0,0,1,1,0,0,1,0,1,1,0,1,1,0,0,0,1,0,0,0,0,0,0
C0616,Remote,junior,0.0,0,0,0,0,0,1,0,0,0,0,0,1,0,0,0,1,1,0,0,0,0,1,0,1,0
C0617,Delhi-NCR,senior,3.263349504397942,0,1,0,0,0,1,0,1,0,0,0,0,0,1,0,1,0,0,0,0,0,0,0,0,1
C0618,Remote,senior,0.0,0,0,0,0,0,1,1,0,0,0,0,0,1,1,0,1,0,1,0,0,0,0,0,0,0
C0619,Bengaluru,mid,0.0,0,1,0,0,0,0,0,0,1,0,0,0,0,0,0,0,1,1,0,0,0,0,0,0,0
C0620,Delhi-NCR,mid,4.073649497211964,1,0,0,0,0,1,0,1,0,0,0,0,0,0,0,0,0,0,0,0,0,0,0,0,1
C0621,Remote,mid,3.2959695522332173,0,1,0,0,1,0,0,0,0,0,0,0,0,0,0,0,0,0,1,0,0,0,0,0,0
C0622,Mumbai,senior,0.0,0,0,0,0,0,1,0,0,0,0,1,0,1,0,0,0,0,0,0,0,0,0,0,0,0
C0623,Pune,intern,0.4374202720384801,0,0,0,1,1,1,0,1,1,0,0,1,0,0,0,1,0,0,0,0,0,1,0,0,0
C0624,Remote,mid,5.735194594050517,0,0,0,0,0,0,0,0,1,0,0,1,0,0,0,1,1,0,0,0,0,0,0,0,0
C0625,Chennai,junior,3.1649006790967045,0,0,0,0,0,1,0,0,1,0,0,0,1,0,1,0,0,0,0,0,0,0,0,0,0
C0626,Delhi-NCR,junior,0.6935889122094272,0,0,0,0,0,0,0,0,1,0,0,0,0,1,0,1,0,1,0,0,0,1,0,1,0
C0627,Hyderabad,senior,0.0,0,1,0,0,1,0,1,0,0,0,0,0,1,0,0,1,0,0,0,0,1,0,0,0,0
C0628,Chennai,intern,3.7154661792144936,0,0,0,0,0,0,0,1,1,1,0,0,0,1,0,1,0,1,0,0,0,0,0,0,0
C0629,Remote,junior,3.8459714249650916,0,1,0,0,0,0,0,0,0,0,0,0,0,1,0,0,0,1,1,0,1,0,1,0,0
C0630,Chennai,junior,8.487120163540085,0,0,1,1,1,0,0,1,0,0,0,0,0,1,0,0,0,0,0,0,1,0,1,0,1
C0631,Hyderabad,mid,0.0,0,0,0,0,1,0,0,0,0,1,0,1,0,1,0,1,0,0,1,1,0,0,0,0,0
C0632,Bengaluru,mid,8.155178881145922,0,1,0,1,0,0,0,0,0,0,0,1,0,0,0,0,1,0,0,0,0,0,1,1,0
C0633,Hyderabad,lead,7.369306330782685,0,0,0,0,0,1,0,1,0,1,0,1,0,0,0,0,0,0,0,0,0,1,0,0,1
C0634,Mumbai,mid,4.763662376538173,0,0,1,1,0,0,0,0,1,0,1,0,0,0,0,0,0,0,0,0,0,1,0,0,0
C0635,Mumbai,mid,3.4656895995410997,0,1,0,0,0,0,0,0,0,1,0,0,1,0,0,0,0,1,0,1,0,0,0,0,1
C0636,Bengaluru,junior,4.587455163644384,1,0,1,0,0,0,1,1,1,0,0,0,0,1,0,0,0,0,0,0,0,1,0,0,1
C0637,Hyderabad,senior,6.481757953421507,0,0,0,0,0,1,0,0,0,0,0,1,1,0,0,0,1,1,1,0,0,0,0,0,0
C0638,Bengaluru,senior,6.342043269777332,0,0,0,0,0,0,0,0,1,0,0,0,1,0,0,0,1,1,0,0,0,0,0,1,0
C0639,Hyderabad,intern,0.0,0,0,0,0,0,0,0,1,1,0,1,0,0,1,1,1,0,0,0,0,0,0,0,0,0
C0640,Bengaluru,junior,0.18714148778332262,0,0,0,0,1,0,0,0,0,0,0,0,0,0,0,0,0,0,1,0,0,0,1,0,0
C0641,Pune,intern,1.198178642061209,0,0,0,0,0,0,0,1,1,0,1,0,0,0,0,0,0,0,0,0,0,1,0,0,0
C0642,Bengaluru,senior,2.721095235958596,1,0,0,0,0,0,0,0,0,0,0,0,0,0,1,1,0,1,0,0,0,0,0,0,1
C0643,Delhi-NCR,intern,7.485599082590643,0,0,0,0,0,0,0,0,0,0,0,1,0,0,1,0,0,1,0,0,0,0,1,0,0
C0644,Pune,lead,0.6275784455069182,1,1,1,0,1,0,0,0,1,0,1,0,0,0,0,0,0,0,0,0,0,0,0,0,0
C0645,Chennai,junior,8.117162302430728,0,0,1,0,0,0,0,0,0,0,1,1,0,0,0,0,0,0,0,0,1,0,0,0,0
C0646,Delhi-NCR,intern,4.444669288550435,0,0,1,0,0,0,0,1,0,0,0,0,0,0,0,0,1,0,0,0,1,0,0,0,0
C0647,Pune,mid,6.405387729701342,1,0,0,0,1,0,0,0,0,0,0,0,1,1,0,0,1,0,0,0,1,0,1,1,0
C0648,Hyderabad,mid,6.6727294447883745,1,0,0,0,0,0,0,1,0,0,0,0,0,0,0,0,0,0,0,1,0,0,0,0,0
C0649,Chennai,mid,4.209875768234124,0,0,1,1,0,0,0,0,0,0,0,0,1,0,1,1,0,0,0,0,0,1,1,1,0
C0650,Bengaluru,intern,1.7981536251582022,0,0,0,1,1,0,1,0,1,0,1,0,0,0,0,0,1,0,0,0,1,0,0,0,0
C0651,Remote,mid,0.0,0,0,0,1,0,1,0,0,0,0,0,0,0,0,0,0,0,0,0,1,0,0,0,0,0
C0652,Hyderabad,mid,0.9337382620699097,1,0,0,0,0,0,0,0,1,0,0,0,0,0,1,0,0,0,0,0,0,0,0,0,1
C0653,Hyderabad,junior,4.109678993202623,0,0,1,0,0,0,0,0,0,1,1,0,0,0,0,0,0,0,0,0,0,0,0,0,0
C0654,Mumbai,mid,4.0317256165872255,0,0,1,0,1,1,0,0,0,0,0,0,0,0,0,0,0,0,0,0,1,0,0,1,0
C0655,Pune,junior,5.961958696705345,0,0,1,0,1,0,0,0,0,1,0,0,0,0,0,1,0,1,0,0,0,0,0,0,0
C0656,Delhi-NCR,junior,1.1902065471692524,0,1,0,0,1,0,0,0,0,1,1,0,1,0,1,0,0,0,1,0,1,0,0,0,0
C0657,Delhi-NCR,mid,3.030152204450913,0,0,0,0,0,0,0,0,0,0,1,0,0,0,1,0,0,0,1,0,0,0,0,0,0
C0658,Bengaluru,junior,0.0,0,0,0,1,0,0,0,1,0,0,1,0,0,0,1,0,0,0,0,0,1,0,0,1,0
C0659,Remote,senior,0.08795122831623647,0,0,1,1,0,0,0,0,0,0,0,0,0,0,0,0,0,0,0,0,0,0,1,0,0
C0660,Mumbai,lead,3.8402776040827664,0,0,0,0,0,0,0,1,0,0,0,0,0,1,0,1,1,0,0,1,1,1,0,1,0
C0661,Hyderabad,junior,0.0,0,0,1,0,1,0,0,0,0,0,0,0,0,0,0,0,0,0,1,0,1,0,0,0,0
C0662,Delhi-NCR,junior,10.346889490187513,0,0,0,0,0,0,1,0,0,1,0,1,1,0,0,0,1,0,0,1,0,0,0,1,0
C0663,Mumbai,intern,3.8190572406587395,0,1,0,0,0,0,0,0,0,0,0,0,1,0,0,1,1,0,0,0,0,0,0,0,0
C0664,Remote,mid,3.9952839865924115,0,0,0,0,0,0,0,1,0,0,0,0,0,0,1,0,0,0,0,0,0,0,1,0,0
C0665,Pune,senior,5.710602711736274,0,0,0,0,0,0,1,0,1,0,0,0,0,0,1,0,1,0,0,0,0,0,0,0,0
C0666,Remote,senior,0.4354039326389887,0,1,0,0,0,0,1,0,0,1,0,0,0,0,1,0,0,1,0,0,1,1,0,0,0
C0667,Mumbai,senior,6.220669190817062,0,0,1,0,0,0,1,1,0,0,0,0,1,0,0,0,0,1,1,0,0,0,0,0,0
C0668,Chennai,intern,0.0,0,0,0,0,0,1,1,0,1,0,0,0,1,0,0,0,0,1,0,0,1,1,0,0,0
C0669,Remote,senior,3.1740723629138365,0,0,0,1,0,0,0,0,0,0,0,0,0,0,0,0,1,1,0,0,0,0,0,0,1
C0670,Mumbai,mid,1.3522571999497712,0,0,0,0,0,0,1,0,0,0,0,0,0,1,0,1,1,0,0,1,0,0,1,0,0
C0671,Chennai,junior,4.421622984754121,0,0,1,0,0,0,0,0,0,0,1,1,0,0,0,0,1,0,0,1,1,1,0,0,0
C0672,Mumbai,mid,9.128603846878807,1,0,0,0,0,0,0,0,0,0,0,0,0,0,1,0,0,0,1,0,1,0,0,0,1
C0673,Chennai,junior,0.0,0,0,0,0,1,1,0,0,0,0,0,0,1,0,0,0,0,0,0,1,0,0,0,0,0
C0674,Mumbai,senior,1.0460422450228708,0,0,1,0,0,0,0,0,0,0,0,0,0,0,0,1,0,1,0,0,0,0,0,0,0
C0675,Mumbai,junior,7.325042733640116,1,0,0,0,0,0,0,0,1,1,0,0,0,0,0,0,0,0,1,0,0,0,0,1,0
C0676,Chennai,mid,9.926029353536576,1,0,1,0,0,0,0,0,0,0,0,0,1,0,1,0,0,1,0,0,0,0,0,0,0
C0677,Bengaluru,senior,4.895293708525197,0,0,0,1,0,0,0,0,1,0,0,1,0,0,0,0,0,0,0,0,0,0,0,0,0
C0678,Delhi-NCR,mid,5.440923451672561,0,0,0,0,0,0,0,0,1,0,0,0,0,0,0,0,1,1,0,0,0,0,0,0,0
C0679,Pune,senior,5.191984924788592,0,1,1,1,0,0,0,0,1,1,0,0,0,0,0,0,0,0,0,1,0,0,0,0,1
C0680,Mumbai,intern,1.0526342239972255,1,0,0,1,0,1,0,0,0,0,0,0,0,1,1,0,1,1,0,0,1,0,0,0,0
C0681,Chennai,lead,4.760193751663603,1,1,0,1,1,0,0,0,0,1,0,0,0,0,0,0,0,1,0,0,1,0,0,0,0
C0682,Pune,mid,10.067768213994702,0,0,0,0,0,0,0,0,1,1,0,0,0,0,0,0,0,0,1,0,0,0,0,0,1
C0683,Hyderabad,junior,5.196938904217702,0,0,0,0,1,0,0,0,0,0,0,0,0,0,0,0,0,0,0,0,1,0,0,1,0
C0684,Chennai,intern,7.394273111508188,0,1,1,0,1,0,0,0,0,0,0,0,0,0,0,1,0,1,0,0,0,0,0,0,0
C0685,Remote,junior,5.512622555603373,0,0,1,1,0,0,0,0,0,1,0,0,1,0,0,1,1,0,0,0,0,1,0,0,0
C0686,Hyderabad,lead,3.401375334032337,0,0,1,0,0,1,0,0,0,0,0,0,0,0,0,0,0,0,0,0,0,0,1,0,0
C0687,Remote,junior,4.412873815621887,1,1,0,0,0,0,0,0,1,1,0,0,0,0,0,0,0,0,0,0,0,0,1,1,0
C0688,Mumbai,lead,6.250603374838957,0,0,0,0,0,0,1,0,0,0,1,0,0,0,1,1,0,0,0,0,0,1,1,0,0
C0689,Hyderabad,junior,3.9606657070099884,1,0,0,0,0,1,1,0,0,0,0,0,0,1,0,0,0,0,0,0,0,0,0,0,0
C0690,Bengaluru,junior,1.9942364276575306,1,0,0,0,1,0,0,0,1,0,0,1,0,0,0,0,0,0,1,0,0,0,0,0,0
C0691,Bengaluru,junior,8.813229988106063,0,1,1,0,0,0,0,1,1,1,0,0,0,0,0,0,1,0,0,0,0,0,0,0,0
C0692,Remote,junior,5.754753999240113,0,0,0,0,1,1,1,0,1,0,1,1,0,0,0,0,0,0,0,0,0,0,0,0,0
C0693,Hyderabad,junior,0.02972371971038701,0,0,0,0,0,0,0,0,1,0,0,0,0,0,0,0,0,1,1,1,0,0,0,0,0
C0694,Pune,mid,6.3316496093683785,0,0,0,0,0,1,1,0,0,1,0,0,0,0,0,1,0,0,0,0,0,0,0,0,1
C0695,Mumbai,intern,6.82886726832899,1,1,0,0,0,0,1,1,0,0,0,1,1,0,0,0,0,0,0,0,1,0,0,0,1
C0696,Mumbai,senior,10.862350001959442,0,0,0,1,1,0,1,0,0,0,0,0,0,0,1,0,0,0,0,0,0,1,0,0,1
C0697,Remote,junior,1.184366358072301,0,0,1,0,0,0,1,0,0,0,0,0,0,0,1,0,0,0,0,0,0,0,0,0,0
C0698,Pune,lead,1.8767836615601898,0,1,1,1,0,0,0,0,0,0,0,1,0,1,0,0,0,0,0,1,1,0,0,1,0
C0699,Delhi-NCR,junior,3.4009906024814303,0,0,0,0,0,1,0,0,0,0,0,0,0,0,0,0,0,0,1,0,1,0,0,0,0
C0700,Delhi-NCR,mid,3.5166294476308897,0,1,0,0,1,0,0,0,0,1,0,0,1,1,1,0,0,0,0,1,1,0,0,0,0
C0701,Hyderabad,intern,3.1085657883095736,1,0,0,0,0,1,0,0,0,0,0,1,0,1,0,1,0,1,0,0,0,1,0,0,0
C0702,Hyderabad,mid,6.660070226218288,0,0,0,0,0,0,0,0,0,0,1,1,1,1,0,0,0,0,0,1,0,0,0,0,0
C0703,Bengaluru,mid,6.387615964066578,0,0,0,0,0,0,1,0,0,1,0,0,0,0,0,1,0,0,1,0,0,0,0,1,0
C0704,Mumbai,senior,2.197910116691989,0,1,0,0,0,0,1,1,0,1,1,0,0,1,0,0,0,0,1,0,0,0,0,0,1
C0705,Delhi-NCR,junior,1.163851961920554,0,0,0,0,1,1,1,0,0,1,0,0,1,0,0,0,1,0,0,0,0,0,0,0,1
C0706,Pune,mid,7.913215290801698,0,1,0,1,1,0,0,0,0,1,0,0,1,0,0,0,0,0,0,0,0,0,0,0,0
C0707,Remote,mid,6.436288638053799,0,1,0,0,0,0,0,0,0,0,0,0,1,0,0,0,1,0,1,0,0,0,0,0,1
C0708,Chennai,junior,0.0,0,0,0,0,0,0,1,1,1,0,0,0,0,0,0,0,0,0,0,0,0,0,0,0,1
C0709,Bengaluru,senior,5.0714257732866175,1,0,0,1,0,0,1,0,1,0,1,0,1,0,1,0,0,0,0,0,0,0,0,0,0
C0710,Delhi-NCR,mid,3.804515145577927,0,0,0,0,0,0,0,0,0,1,0,0,1,0,0,1,1,0,0,1,0,1,1,0,0
C0711,Mumbai,junior,0.9846808334638677,0,0,0,0,0,0,0,0,1,0,0,0,0,0,0,0,0,0,0,0,1,0,0,1,0
C0712,Bengaluru,senior,8.874355119699384,1,1,0,0,1,0,0,1,0,0,0,0,0,0,1,1,0,0,0,0,1,0,0,0,1
C0713,Pune,intern,3.6270015374532965,0,0,1,1,0,0,0,0,0,0,0,0,1,0,0,0,1,0,0,0,1,1,0,0,0
C0714,Hyderabad,mid,2.576526311718788,0,1,0,0,0,0,0,0,0,1,1,1,0,0,0,0,0,0,1,0,0,1,0,0,0
C0715,Pune,senior,2.3070602867162746,0,0,1,0,1,0,0,0,0,1,0,0,1,1,0,0,0,0,1,0,1,0,0,0,0
C0716,Chennai,junior,5.179422709442273,0,1,0,0,0,0,0,0,0,0,0,0,0,0,0,1,0,0,0,0,0,1,0,0,1
C0717,Bengaluru,lead,8.026546884319657,0,0,0,1,0,0,1,0,0,0,0,0,0,0,1,0,0,0,0,0,1,0,1,0,1
C0718,Hyderabad,junior,1.950773178372966,1,1,0,1,0,1,0,0,1,0,0,0,1,0,0,0,0,1,1,0,0,0,0,0,0
C0719,Pune,junior,3.6918581599753044,0,1,0,0,0,0,0,0,0,1,0,0,0,0,0,0,0,0,0,0,0,0,0,1,0
C0720,Chennai,junior,2.545300021663495,0,0,1,0,1,0,0,0,1,0,0,0,0,0,0,0,1,0,0,0,0,0,0,0,0
C0721,Hyderabad,mid,9.754493183886307,0,1,0,0,0,1,0,0,1,0,0,0,0,0,1,0,0,0,0,0,0,1,0,0,0
C0722,Mumbai,mid,2.764971662982815,0,0,0,1,0,0,0,1,0,0,0,1,1,0,0,0,1,1,1,1,0,0,0,0,0
C0723,Remote,lead,0.0,0,0,0,0,0,0,0,0,1,0,0,0,0,0,0,0,0,1,0,0,0,1,0,0,0
C0724,Chennai,senior,0.0,0,0,0,0,0,0,1,0,0,0,0,0,1,0,0,0,0,0,0,1,0,0,0,0,0
C0725,Hyderabad,senior,4.732725229691717,0,0,1,1,0,0,0,0,1,0,0,0,0,0,0,1,0,1,0,0,1,0,1,1,0
C0726,Mumbai,mid,2.3343221674893844,0,0,0,0,0,0,0,1,0,1,0,0,0,0,1,0,0,1,1,0,0,0,1,0,0
C0727,Hyderabad,senior,6.549010757345481,0,1,0,0,0,0,1,1,0,0,0,0,1,0,0,0,1,0,1,1,0,0,0,0,0
C0728,Hyderabad,junior,8.113202172305986,0,0,0,0,1,0,0,1,1,0,1,0,0,0,0,0,0,0,0,0,0,0,0,1,0
C0729,Mumbai,junior,4.746166780957059,0,0,0,1,0,1,0,0,1,1,0,0,0,0,0,1,1,0,0,0,1,0,0,0,0
C0730,Bengaluru,junior,4.680619054038212,0,0,1,0,1,0,0,0,0,0,1,0,0,0,0,0,0,0,0,0,1,0,1,1,0
C0731,Bengaluru,junior,5.148537126595436,0,0,1,1,0,0,0,0,0,0,0,1,1,1,0,0,0,0,0,0,0,0,0,0,0
C0732,Delhi-NCR,mid,4.050252127215226,1,0,1,0,0,0,1,0,0,0,0,0,0,0,0,0,1,0,1,0,1,0,0,1,0
C0733,Mumbai,senior,0.0,1,0,0,0,0,0,1,0,0,1,0,0,1,0,0,0,1,0,0,0,0,1,0,0,0
C0734,Hyderabad,junior,5.35676236810658,0,0,1,0,1,1,0,0,0,0,0,0,0,0,0,0,0,0,0,0,0,0,0,0,0
C0735,Bengaluru,mid,5.750575275500026,0,1,1,1,0,0,0,0,0,0,0,1,0,0,0,0,0,0,0,0,0,0,0,0,0
C0736,Mumbai,intern,3.6105394849823402,0,0,0,0,1,1,1,0,0,0,0,0,1,0,0,0,0,0,0,0,0,0,0,0,0
C0737,Delhi-NCR,mid,1.4565053568344855,0,0,0,1,0,0,0,0,0,0,1,0,0,0,0,0,0,1,0,0,1,0,0,0,1
C0738,Bengaluru,intern,4.397558157484173,1,0,1,1,0,0,1,0,0,0,0,0,0,0,1,0,0,1,0,0,0,0,0,0,0
C0739,Pune,lead,11.615449688283856,0,0,0,0,0,0,1,0,0,0,1,0,0,1,1,1,0,1,0,0,0,1,0,0,0
C0740,Chennai,junior,2.446599991906089,0,0,0,0,0,1,1,0,0,0,1,1,0,1,1,0,0,0,0,0,0,0,0,0,0
C0741,Remote,intern,7.374798507113929,1,0,1,0,0,0,1,1,0,0,0,0,1,0,1,1,0,0,1,0,0,0,0,0,0
C0742,Hyderabad,mid,0.0,0,0,1,0,1,1,1,0,0,0,0,0,0,1,0,0,0,1,0,0,0,0,0,0,0
C0743,Pune,junior,2.3128948512304275,0,0,0,0,1,0,0,0,0,0,0,0,0,0,1,1,0,0,0,1,0,0,0,1,0
C0744,Chennai,mid,3.1929085472180194,0,0,0,0,0,0,0,0,1,0,0,1,0,1,0,1,0,1,0,0,0,0,1,0,0
C0745,Delhi-NCR,junior,4.438711170896523,0,0,1,0,0,0,0,0,0,0,0,0,0,1,0,0,0,0,1,0,0,0,0,0,0
C0746,Remote,junior,2.826407490038017,0,0,0,1,0,0,0,0,0,0,0,0,1,0,0,0,0,0,0,0,0,0,0,1,0
C0747,Remote,lead,1.6879622209834997,0,0,1,0,0,1,0,1,0,0,0,0,0,1,0,0,0,0,0,1,0,0,1,0,1
C0748,Delhi-NCR,mid,8.338312329829414,1,0,0,1,0,0,0,1,0,0,0,0,0,0,1,0,1,0,1,0,1,0,0,0,0
C0749,Pune,mid,1.4756195407160577,1,0,0,0,0,0,0,0,0,1,0,1,0,1,0,0,0,0,0,0,0,0,0,1,0
C0750,Pune,senior,0.8890182860238456,0,0,1,0,0,0,0,0,0,1,0,0,0,1,0,0,0,0,0,1,0,1,0,0,0
C0751,Chennai,senior,4.531690435804334,0,1,1,1,0,0,0,0,0,0,0,1,1,0,0,0,0,0,0,0,1,0,0,1,1
C0752,Delhi-NCR,lead,2.9134265978350564,1,0,1,1,0,0,0,0,0,0,0,0,1,1,0,0,0,1,0,0,0,0,1,0,1
C0753,Bengaluru,junior,9.11782083612632,0,0,1,0,0,0,0,0,0,0,0,0,1,1,0,0,0,0,1,1,0,1,0,1,1
C0754,Hyderabad,junior,9.021923485813138,1,0,1,0,0,0,1,0,0,0,0,0,0,0,0,0,0,0,0,0,0,0,1,0,0
C0755,Mumbai,intern,3.2808586644075945,1,0,0,0,0,0,0,0,1,1,0,0,0,0,1,0,0,1,1,1,0,0,0,0,1
C0756,Bengaluru,intern,3.539349033489886,0,0,0,1,0,0,0,0,0,1,1,0,0,1,0,1,0,0,0,0,0,0,0,0,0
C0757,Remote,mid,5.355766850180946,0,0,0,0,0,1,0,0,0,0,0,0,0,1,0,1,0,0,0,0,0,0,0,0,0
C0758,Mumbai,junior,1.1285415165755506,0,0,0,1,0,0,0,0,0,1,0,0,0,0,0,0,0,0,0,0,1,1,0,0,0
C0759,Bengaluru,senior,3.267631684742143,0,1,0,1,0,0,0,1,0,0,0,0,1,0,0,0,0,0,0,0,0,0,1,0,0
C0760,Delhi-NCR,intern,5.989646320769486,0,1,1,0,0,0,0,1,0,0,0,1,0,1,0,0,0,0,0,1,0,1,0,0,0
C0761,Mumbai,mid,1.3342461257291118,0,0,1,0,0,0,0,0,0,0,0,1,0,0,0,0,0,0,0,0,0,0,0,1,0
C0762,Bengaluru,junior,2.152208017774548,0,1,1,0,0,0,0,0,0,0,0,0,0,0,0,1,0,0,0,0,0,0,0,0,0
C0763,Hyderabad,lead,8.784810470022094,1,0,0,1,0,0,0,0,1,0,1,0,1,1,0,0,0,0,0,1,0,0,0,0,1
C0764,Delhi-NCR,junior,4.363113818990723,0,1,1,0,0,0,0,0,0,1,0,0,0,0,0,0,0,0,0,0,0,0,0,0,0
C0765,Chennai,junior,3.848328892436083,0,0,0,0,1,0,0,0,0,0,0,0,0,1,0,0,0,0,0,0,0,0,1,0,0
C0766,Remote,junior,3.3802022182975104,1,1,0,0,0,1,0,0,0,1,0,0,1,0,0,0,0,1,0,0,0,0,0,0,0
C0767,Mumbai,mid,2.5556799313284735,1,0,0,0,0,0,0,0,0,0,0,0,1,0,0,0,0,0,0,0,0,1,0,0,0
C0768,Delhi-NCR,junior,1.1014438837826876,0,0,0,0,0,1,1,1,0,0,0,0,0,0,0,0,0,0,0,0,1,0,0,0,0
C0769,Delhi-NCR,mid,4.675350181115208,0,0,0,1,1,0,0,0,0,0,0,0,0,0,0,1,0,0,1,0,0,0,0,0,0
C0770,Mumbai,junior,3.434579768879309,0,0,0,0,0,0,0,1,0,0,0,0,0,0,0,0,1,1,0,0,0,1,1,0,0
C0771,Delhi-NCR,mid,0.0,0,0,1,0,1,0,0,0,1,0,1,0,1,0,0,0,1,0,0,0,0,0,0,0,1
C0772,Chennai,junior,5.840756548034127,0,0,0,0,0,0,1,0,0,0,0,0,1,0,0,0,0,0,0,0,0,1,0,0,1
C0773,Mumbai,lead,5.040042246231128,0,0,0,0,0,0,0,0,0,1,1,0,0,1,1,0,0,0,0,0,0,1,0,0,0
C0774,Delhi-NCR,junior,6.272271454151143,1,0,0,0,0,0,0,1,1,0,1,0,0,0,0,0,0,0,0,0,1,0,1,0,0
C0775,Pune,junior,2.399097252521951,1,0,1,0,0,0,1,0,0,0,0,0,0,0,0,1,1,0,0,0,0,0,0,0,1
C0776,Mumbai,mid,5.933542266046588,1,0,1,1,0,0,0,0,1,0,1,0,0,0,1,0,0,0,1,0,0,0,0,0,0
C0777,Pune,senior,4.466392733107431,0,0,0,1,0,0,1,0,0,1,0,0,0,0,0,0,1,0,0,1,0,0,0,0,0
C0778,Delhi-NCR,mid,0.5409538542021091,0,0,0,0,0,0,0,1,1,0,0,0,0,0,1,1,0,0,0,0,0,0,0,1,0
C0779,Hyderabad,junior,10.166430575855856,0,0,0,0,0,1,0,0,1,1,1,0,0,0,0,0,0,0,0,0,0,1,1,0,0
C0780,Hyderabad,mid,5.086374927828093,0,0,0,0,0,1,0,1,0,0,0,1,0,0,0,0,0,0,0,0,0,0,0,0,0
C0781,Delhi-NCR,junior,2.994882931794046,0,1,1,0,1,0,0,1,1,0,1,0,0,0,1,0,0,0,0,0,0,0,0,1,0
C0782,Delhi-NCR,mid,3.867744588676609,0,0,0,1,1,0,0,0,0,0,0,0,1,0,0,0,0,1,0,0,0,0,0,0,0
C0783,Pune,mid,1.8368136556036219,0,0,0,1,1,0,0,1,1,1,1,0,0,0,0,1,0,0,0,1,0,0,0,0,0
C0784,Hyderabad,mid,8.356264396117943,0,0,0,1,0,0,0,0,0,0,1,0,0,0,0,0,0,0,0,0,1,0,0,0,0
C0785,Delhi-NCR,intern,3.1410597796395576,1,1,0,1,1,0,0,0,0,0,1,0,0,0,0,0,0,1,0,0,1,0,0,0,0
C0786,Mumbai,junior,4.510136585681908,0,0,0,0,1,0,0,0,0,0,0,0,0,0,1,1,1,0,0,0,0,0,0,1,0
C0787,Remote,mid,9.024054000224185,0,1,0,0,1,0,0,0,1,0,0,0,0,1,0,0,0,0,1,1,1,0,0,0,0
C0788,Chennai,mid,3.1031343082667426,0,0,1,0,0,0,0,1,0,0,0,0,0,1,0,0,1,0,1,1,0,0,1,1,0
C0789,Delhi-NCR,senior,10.281336552468153,0,0,0,1,0,0,0,0,1,0,0,0,0,1,0,0,0,0,1,0,0,0,0,0,0
C0790,Pune,junior,2.090292017860495,0,0,0,1,0,0,0,0,0,0,0,0,0,0,0,0,1,0,0,0,1,0,0,0,0
C0791,Remote,junior,0.0,1,1,0,0,0,0,0,1,0,1,0,1,1,0,0,0,1,0,0,0,0,1,0,0,0
C0792,Hyderabad,lead,4.102473830622367,0,0,0,1,0,0,0,0,0,0,0,0,0,0,1,0,0,1,1,1,0,0,0,0,0
C0793,Mumbai,junior,7.029057215556465,0,0,0,0,0,0,0,0,0,1,1,0,0,0,0,0,0,1,0,1,0,1,0,0,0
C0794,Remote,mid,3.337350380347424,0,0,1,0,0,0,0,0,1,0,0,0,0,0,0,0,0,1,0,1,1,1,0,0,0
C0795,Hyderabad,mid,1.5059029036080842,0,0,1,0,0,0,1,0,1,1,0,1,0,0,0,0,1,1,1,0,0,0,0,0,0
C0796,Remote,junior,1.6769442973354503,0,0,0,0,0,0,0,0,0,0,0,0,0,1,1,0,0,0,0,0,0,0,1,0,0
C0797,Bengaluru,junior,3.1343416592308,0,0,1,1,1,0,0,1,0,0,1,1,0,0,0,0,1,0,0,0,0,0,1,0,0
C0798,Delhi-NCR,senior,3.106275057144069,0,0,0,0,0,1,1,0,0,0,1,0,1,0,0,0,1,1,1,0,0,0,0,0,0
C0799,Pune,mid,6.593755586582969,0,0,1,1,0,0,0,0,0,0,0,0,0,0,0,0,0,0,0,0,0,0,1,0,1
