student_id,job_id,college_tier,region,match_score,match_score_biased,skill_only_recommended,production_recommended,is_biased_outcome
S0000,J005,3,urban,0.5545,0.3811,0,0,0
S0000,J006,3,urban,0.5899,0.4001,0,0,0
S0000,J007,3,urban,0.3026,0.1012,0,0,0
S0000,J010,3,urban,0.4163,0.2591,0,0,0
S0000,J011,3,urban,0.7177,0.529,1,0,1
S0000,J014,3,urban,0.2905,0.0721,0,0,0
S0000,J026,3,urban,0.2837,0.0702,0,0,0
S0000,J027,3,urban,0.4365,0.2264,0,0,0
S0001,J005,2,rural,0.7013,0.6276,1,1,0
S0001,J006,2,rural,0.5767,0.5052,0,0,0
S0001,J008,2,rural,0.6619,0.6001,1,0,1
S0001,J018,2,rural,0.6492,0.5817,1,0,1
S0001,J019,2,rural,0.4505,0.36,0,0,0
S0001,J021,2,rural,0.5051,0.4166,0,0,0
S0001,J023,2,rural,0.6302,0.5617,1,0,1
S0002,J005,3,semi_urban,0.5475,0.3581,0,0,0
S0002,J009,3,semi_urban,0.364,0.2068,0,0,0
S0002,J016,3,semi_urban,0.5917,0.4059,0,0,0
S0002,J029,3,semi_urban,0.383,0.2461,0,0,0
S0003,J001,2,urban,0.7881,0.7881,1,1,0
S0003,J009,2,urban,0.3314,0.3314,0,0,0
S0003,J011,2,urban,0.8469,0.8469,1,1,0
S0003,J029,2,urban,0.5956,0.5956,0,0,0
S0004,J003,1,rural,0.6424,0.5435,1,0,1
S0004,J004,1,rural,0.5329,0.4466,0,0,0
S0004,J013,1,rural,0.6163,0.5491,0,0,0
S0004,J020,1,rural,0.5904,0.5007,0,0,0
S0004,J024,1,rural,0.5619,0.4929,0,0,0
S0004,J026,1,rural,0.5454,0.4609,0,0,0
S0005,J012,3,rural,0.4438,0.1511,0,0,0
S0005,J015,3,rural,0.363,0.072,0,0,0
S0005,J018,3,rural,0.532,0.2353,0,0,0
S0005,J021,3,rural,0.2878,0.0,0,0,0
S0005,J022,3,rural,0.2774,0.0,0,0,0
S0005,J027,3,rural,0.2047,0.0,0,0,0
S0006,J002,3,urban,0.3382,0.169,0,0,0
S0006,J007,3,urban,0.1505,0.0005,0,0,0
S0006,J020,3,urban,0.2642,0.1103,0,0,0
S0006,J022,3,urban,0.2221,0.0896,0,0,0
S0006,J029,3,urban,0.2258,0.0178,0,0,0
S0007,J001,3,rural,0.5318,0.276,0,0,0
S0007,J009,3,rural,0.2292,0.0,0,0,0
S0007,J010,3,rural,0.2791,0.072,0,0,0
S0007,J011,3,rural,0.6824,0.3852,1,0,1
S0007,J015,3,rural,0.4911,0.2629,0,0,0
S0007,J018,3,rural,0.6125,0.3268,0,0,0
S0007,J025,3,rural,0.3123,0.0088,0,0,0
S0007,J026,3,rural,0.2246,0.0311,0,0,0
S0007,J028,3,rural,0.6053,0.3555,0,0,0
S0008,J000,1,urban,0.6255,0.6255,1,1,0
S0008,J011,1,urban,0.8675,0.8675,1,1,0
S0008,J015,1,urban,0.6603,0.6603,1,1,0
S0008,J016,1,urban,0.8096,0.8096,1,1,0
S0008,J018,1,urban,0.7877,0.7877,1,1,0
S0008,J029,1,urban,0.5893,0.5893,0,0,0
S0009,J004,2,rural,0.2874,0.1976,0,0,0
S0009,J007,2,rural,0.2459,0.1517,0,0,0
S0009,J023,2,rural,0.3182,0.2361,0,0,0
S0010,J002,2,semi_urban,0.5395,0.5395,0,0,0
S0010,J003,2,semi_urban,0.552,0.552,0,0,0
S0010,J014,2,semi_urban,0.299,0.299,0,0,0
S0010,J020,2,semi_urban,0.5956,0.5956,0,0,0
S0010,J025,2,semi_urban,0.3649,0.3649,0,0,0
S0010,J026,2,semi_urban,0.2463,0.2463,0,0,0
S0010,J027,2,semi_urban,0.3521,0.3521,0,0,0
S0011,J000,3,semi_urban,0.3728,0.2317,0,0,0
S0011,J009,3,semi_urban,0.2149,0.0146,0,0,0
S0011,J017,3,semi_urban,0.3631,0.2219,0,0,0
S0011,J020,3,semi_urban,0.3366,0.1334,0,0,0
S0011,J026,3,semi_urban,0.2578,0.1174,0,0,0
S0011,J027,3,semi_urban,0.2458,0.0344,0,0,0
S0012,J003,2,urban,0.6203,0.6203,1,1,0
S0012,J016,2,urban,0.8702,0.8702,1,1,0
S0013,J000,3,rural,0.4655,0.2284,0,0,0
S0013,J001,3,rural,0.4884,0.1941,0,0,0
S0013,J013,3,rural,0.4055,0.2102,0,0,0
S0013,J015,3,rural,0.5062,0.1953,0,0,0
S0013,J018,3,rural,0.7134,0.4158,1,0,1
S0013,J019,3,rural,0.3485,0.0463,0,0,0
S0013,J027,3,rural,0.3834,0.0928,0,0,0
S0014,J001,2,urban,0.5704,0.5704,0,0,0
S0014,J007,2,urban,0.3028,0.3028,0,0,0
S0014,J008,2,urban,0.4725,0.4725,0,0,0
S0014,J014,2,urban,0.2508,0.2508,0,0,0
S0015,J008,1,urban,0.6367,0.6367,1,1,0
S0015,J028,1,urban,0.8368,0.8368,1,1,0
S0015,J029,1,urban,0.6316,0.6316,1,1,0
S0016,J000,2,urban,0.3065,0.3065,0,0,0
S0016,J012,2,urban,0.4853,0.4853,0,0,0
S0016,J026,2,urban,0.3365,0.3365,0,0,0
S0017,J000,1,semi_urban,0.5242,0.5242,0,0,0
S0017,J001,1,semi_urban,0.7669,0.7669,1,1,0
S0017,J013,1,semi_urban,0.5376,0.5376,0,0,0
S0017,J014,1,semi_urban,0.3543,0.3543,0,0,0
S0017,J020,1,semi_urban,0.6066,0.6066,0,0,0
S0018,J010,3,urban,0.1456,0.0,0,0,0
S0018,J014,3,urban,0.0457,0.0,0,0,0
S0018,J019,3,urban,0.1873,0.0504,0,0,0
S0018,J020,3,urban,0.292,0.138,0,0,0
S0018,J021,3,urban,0.176,0.0,0,0,0
S0018,J024,3,urban,0.2534,0.0383,0,0,0
S0019,J010,2,rural,0.2638,0.1896,0,0,0
S0019,J013,2,rural,0.3819,0.3172,0,0,0
S0019,J014,2,rural,0.2514,0.1814,0,0,0
S0019,J015,2,rural,0.5006,0.4109,0,0,0
S0019,J018,2,rural,0.6388,0.571,1,0,1
S0019,J024,2,rural,0.4645,0.3776,0,0,0
S0019,J026,2,rural,0.29,0.1962,0,0,0
S0019,J027,2,rural,0.3241,0.2619,0,0,0
S0019,J029,2,rural,0.5597,0.489,0,0,0
S0020,J000,3,semi_urban,0.3676,0.2319,0,0,0
S0020,J003,3,semi_urban,0.2796,0.1072,0,0,0
S0020,J007,3,semi_urban,0.1521,0.0,0,0,0
S0020,J013,3,semi_urban,0.245,0.1068,0,0,0
S0020,J016,3,semi_urban,0.56,0.4014,0,0,0
S0020,J028,3,semi_urban,0.6202,0.4294,1,0,1
S0020,J029,3,semi_urban,0.3043,0.1155,0,0,0
S0021,J013,2,urban,0.2224,0.2224,0,0,0
S0021,J018,2,urban,0.4545,0.4545,0,0,0
S0021,J019,2,urban,0.2125,0.2125,0,0,0
S0021,J021,2,urban,0.255,0.255,0,0,0
S0021,J023,2,urban,0.3479,0.3479,0,0,0
S0022,J000,3,urban,0.3919,0.2051,0,0,0
S0022,J004,3,urban,0.3519,0.1494,0,0,0
S0022,J006,3,urban,0.3696,0.1532,0,0,0
S0022,J011,3,urban,0.6117,0.4285,0,0,0
S0023,J000,3,urban,0.4655,0.3238,0,0,0
S0023,J002,3,urban,0.5456,0.4045,0,0,0
S0023,J004,3,urban,0.3312,0.1331,0,0,0
S0023,J006,3,urban,0.3598,0.1681,0,0,0
S0023,J009,3,urban,0.288,0.1398,0,0,0
S0023,J016,3,urban,0.6788,0.4751,1,0,1
S0023,J022,3,urban,0.2285,0.0608,0,0,0
S0024,J000,3,semi_urban,0.1989,0.0496,0,0,0
S0024,J007,3,semi_urban,0.0,0.0,0,0,0
S0024,J010,3,semi_urban,0.1115,0.0,0,0,0
S0024,J012,3,semi_urban,0.3653,0.2079,0,0,0
S0024,J014,3,semi_urban,0.0144,0.0,0,0,0
S0024,J029,3,semi_urban,0.1746,0.0184,0,0,0
S0025,J012,1,rural,0.7024,0.6195,1,0,1
S0025,J024,1,rural,0.5956,0.5124,0,0,0
S0025,J025,1,rural,0.5875,0.4917,0,0,0
S0026,J002,2,urban,0.699,0.699,1,1,0
S0026,J014,2,urban,0.4491,0.4491,0,0,0
S0026,J018,2,urban,0.7707,0.7707,1,1,0
S0026,J028,2,urban,0.8303,0.8303,1,1,0
S0027,J002,1,rural,0.7718,0.7068,1,1,0
S0027,J005,1,rural,0.7309,0.6367,1,1,0
S0027,J008,1,rural,0.6847,0.5876,1,0,1
S0027,J014,1,rural,0.4407,0.3653,0,0,0
S0027,J017,1,rural,0.6628,0.5805,1,0,1
S0027,J020,1,rural,0.6797,0.6129,1,0,1
S0028,J001,1,urban,0.8576,0.8576,1,1,0
S0028,J002,1,urban,0.7295,0.7295,1,1,0
S0028,J009,1,urban,0.5194,0.5194,0,0,0
S0028,J022,1,urban,0.5863,0.5863,0,0,0
S0028,J025,1,urban,0.6387,0.6387,1,1,0
S0028,J027,1,urban,0.6291,0.6291,1,1,0
S0029,J001,2,rural,0.6583,0.5614,1,0,1
S0029,J006,2,rural,0.5202,0.4556,0,0,0
S0029,J014,2,rural,0.3484,0.266,0,0,0
S0029,J015,2,rural,0.6204,0.5294,1,0,1
S0029,J019,2,rural,0.3623,0.2671,0,0,0
S0029,J020,2,rural,0.4959,0.4342,0,0,0
S0029,J023,2,rural,0.4663,0.3974,0,0,0
S0029,J024,2,rural,0.4769,0.4008,0,0,0
S0029,J026,2,rural,0.3869,0.2912,0,0,0
S0029,J029,2,rural,0.4835,0.4107,0,0,0
S0030,J001,3,rural,0.3341,0.128,0,0,0
S0030,J005,3,rural,0.391,0.1239,0,0,0
S0030,J006,3,rural,0.2492,0.0411,0,0,0
S0030,J011,3,rural,0.5593,0.3222,0,0,0
S0030,J024,3,rural,0.235,0.0,0,0,0
S0031,J002,3,semi_urban,0.3319,0.1712,0,0,0
S0031,J008,3,semi_urban,0.3118,0.1562,0,0,0
S0031,J015,3,semi_urban,0.3796,0.2101,0,0,0
S0031,J021,3,semi_urban,0.2362,0.0594,0,0,0
S0031,J024,3,semi_urban,0.1839,0.0,0,0,0
S0031,J026,3,semi_urban,0.179,0.0,0,0,0
S0032,J002,2,semi_urban,0.5345,0.5345,0,0,0
S0032,J007,2,semi_urban,0.3268,0.3268,0,0,0
S0032,J013,2,semi_urban,0.4299,0.4299,0,0,0
S0033,J000,2,rural,0.5406,0.4596,0,0,0
S0033,J016,2,rural,0.7757,0.7114,1,1,0
S0033,J019,2,rural,0.4811,0.4171,0,0,0
S0034,J008,2,urban,0.6323,0.6323,1,1,0
S0034,J011,2,urban,0.7874,0.7874,1,1,0
S0034,J012,2,urban,0.6343,0.6343,1,1,0
S0034,J015,2,urban,0.6677,0.6677,1,1,0
S0034,J016,2,urban,0.8938,0.8938,1,1,0
S0034,J018,2,urban,0.815,0.815,1,1,0
S0034,J020,2,urban,0.6133,0.6133,0,0,0
S0034,J021,2,urban,0.5095,0.5095,0,0,0
S0034,J027,2,urban,0.3574,0.3574,0,0,0
S0034,J029,2,urban,0.6453,0.6453,1,1,0
S0035,J010,1,urban,0.6347,0.6347,1,1,0
S0036,J000,1,urban,0.5766,0.5766,0,0,0
S0036,J017,1,urban,0.6229,0.6229,1,1,0
S0036,J022,1,urban,0.4203,0.4203,0,0,0
S0036,J023,1,urban,0.5423,0.5423,0,0,0
S0036,J024,1,urban,0.5577,0.5577,0,0,0
S0037,J005,2,semi_urban,0.5448,0.5448,0,0,0
S0037,J009,2,semi_urban,0.2212,0.2212,0,0,0
S0038,J001,1,semi_urban,0.6484,0.6484,1,1,0
S0038,J005,1,semi_urban,0.5773,0.5773,0,0,0
S0038,J006,1,semi_urban,0.514,0.514,0,0,0
S0038,J012,1,semi_urban,0.6013,0.6013,0,0,0
S0038,J025,1,semi_urban,0.4314,0.4314,0,0,0
S0039,J001,2,semi_urban,0.4809,0.4809,0,0,0
S0039,J005,2,semi_urban,0.5561,0.5561,0,0,0
S0039,J006,2,semi_urban,0.5364,0.5364,0,0,0
S0039,J013,2,semi_urban,0.338,0.338,0,0,0
S0039,J021,2,semi_urban,0.4366,0.4366,0,0,0
S0039,J024,2,semi_urban,0.478,0.478,0,0,0
S0039,J026,2,semi_urban,0.3269,0.3269,0,0,0
S0040,J000,2,rural,0.4543,0.3547,0,0,0
S0040,J003,2,rural,0.4017,0.3409,0,0,0
S0040,J005,2,rural,0.537,0.4572,0,0,0
S0040,J010,2,rural,0.361,0.2877,0,0,0
S0040,J015,2,rural,0.5212,0.4235,0,0,0
S0040,J020,2,rural,0.5309,0.4422,0,0,0
S0041,J008,3,urban,0.443,0.2426,0,0,0
S0041,J010,3,urban,0.119,0.0,0,0,0
S0041,J018,3,urban,0.5503,0.3641,0,0,0
S0041,J021,3,urban,0.3067,0.1115,0,0,0
S0041,J028,3,urban,0.6099,0.4133,0,0,0
S0042,J002,3,semi_urban,0.4755,0.2823,0,0,0
S0042,J016,3,semi_urban,0.5539,0.3847,0,0,0
S0042,J021,3,semi_urban,0.3527,0.1589,0,0,0
S0042,J022,3,semi_urban,0.2016,0.0,0,0,0
S0043,J003,2,urban,0.4186,0.4186,0,0,0
S0043,J015,2,urban,0.5563,0.5563,0,0,0
S0043,J016,2,urban,0.6706,0.6706,1,1,0
S0043,J020,2,urban,0.4383,0.4383,0,0,0
S0043,J021,2,urban,0.4082,0.4082,0,0,0
S0044,J002,3,urban,0.4366,0.2614,0,0,0
S0044,J008,3,urban,0.3236,0.1915,0,0,0
S0044,J020,3,urban,0.2767,0.1256,0,0,0
S0044,J022,3,urban,0.2167,0.0056,0,0,0
S0044,J028,3,urban,0.4573,0.2494,0,0,0
S0044,J029,3,urban,0.3352,0.1308,0,0,0
S0045,J004,3,semi_urban,0.4155,0.2398,0,0,0
S0045,J005,3,semi_urban,0.4967,0.3578,0,0,0
S0045,J006,3,semi_urban,0.3817,0.1656,0,0,0
S0045,J009,3,semi_urban,0.1896,0.0,0,0,0
S0045,J015,3,semi_urban,0.5468,0.3927,0,0,0
S0045,J017,3,semi_urban,0.384,0.2314,0,0,0
S0045,J029,3,semi_urban,0.3204,0.1251,0,0,0
S0046,J001,2,rural,0.5573,0.486,0,0,0
S0046,J007,2,rural,0.1734,0.0995,0,0,0
S0046,J008,2,rural,0.5071,0.4151,0,0,0
S0046,J010,2,rural,0.3029,0.2335,0,0,0
S0046,J012,2,rural,0.4867,0.4021,0,0,0
S0046,J013,2,rural,0.4084,0.3365,0,0,0
S0046,J016,2,rural,0.7146,0.6364,1,1,0
S0046,J023,2,rural,0.4463,0.385,0,0,0
S0047,J005,1,semi_urban,0.6971,0.6971,1,1,0
S0047,J009,1,semi_urban,0.5208,0.5208,0,0,0
S0047,J023,1,semi_urban,0.5763,0.5763,0,0,0
S0048,J000,2,urban,0.4162,0.4162,0,0,0
S0048,J001,2,urban,0.4925,0.4925,0,0,0
S0048,J005,2,urban,0.6256,0.6256,1,1,0
S0048,J006,2,urban,0.3926,0.3926,0,0,0
S0048,J010,2,urban,0.4297,0.4297,0,0,0
S0048,J014,2,urban,0.3373,0.3373,0,0,0
S0048,J017,2,urban,0.4547,0.4547,0,0,0
S0048,J018,2,urban,0.7186,0.7186,1,1,0
S0048,J023,2,urban,0.5071,0.5071,0,0,0
S0049,J000,1,semi_urban,0.4431,0.4431,0,0,0
S0049,J004,1,semi_urban,0.3528,0.3528,0,0,0
S0049,J005,1,semi_urban,0.5403,0.5403,0,0,0
S0049,J008,1,semi_urban,0.4938,0.4938,0,0,0
S0049,J012,1,semi_urban,0.5275,0.5275,0,0,0
S0049,J015,1,semi_urban,0.534,0.534,0,0,0
S0049,J026,1,semi_urban,0.407,0.407,0,0,0
S0050,J000,1,urban,0.5424,0.5424,0,0,0
S0050,J026,1,urban,0.4587,0.4587,0,0,0
S0050,J027,1,urban,0.3914,0.3914,0,0,0
S0050,J028,1,urban,0.756,0.756,1,1,0
S0051,J003,1,rural,0.7154,0.6217,1,1,0
S0051,J005,1,rural,0.8248,0.7332,1,1,0
S0051,J008,1,rural,0.7961,0.7196,1,1,0
S0051,J009,1,rural,0.6038,0.5356,0,0,0
S0051,J015,1,rural,0.7946,0.7334,1,1,0
S0051,J017,1,rural,0.7741,0.6894,1,1,0
S0051,J024,1,rural,0.609,0.5144,0,0,0
S0052,J003,3,semi_urban,0.2638,0.0833,0,0,0
S0052,J006,3,semi_urban,0.2877,0.0681,0,0,0
S0052,J007,3,semi_urban,0.0157,0.0,0,0,0
S0052,J016,3,semi_urban,0.5007,0.3259,0,0,0
S0052,J022,3,semi_urban,0.1458,0.0,0,0,0
S0052,J023,3,semi_urban,0.247,0.0991,0,0,0
S0052,J028,3,semi_urban,0.467,0.3285,0,0,0
S0053,J002,2,urban,0.3662,0.3662,0,0,0
S0053,J007,2,urban,0.0947,0.0947,0,0,0
S0053,J008,2,urban,0.2964,0.2964,0,0,0
S0053,J011,2,urban,0.537,0.537,0,0,0
S0053,J014,2,urban,0.2004,0.2004,0,0,0
S0053,J028,2,urban,0.4085,0.4085,0,0,0
S0054,J004,3,urban,0.0795,0.0,0,0,0
S0054,J006,3,urban,0.1712,0.0,0,0,0
S0054,J014,3,urban,0.0443,0.0,0,0,0
S0054,J027,3,urban,0.0,0.0,0,0,0
S0055,J013,3,urban,0.261,0.0807,0,0,0
S0055,J014,3,urban,0.1071,0.0,0,0,0
S0055,J020,3,urban,0.4833,0.345,0,0,0
S0055,J022,3,urban,0.2479,0.0442,0,0,0
S0055,J025,3,urban,0.2097,0.0372,0,0,0
S0056,J000,2,rural,0.3972,0.3337,0,0,0
S0056,J003,2,rural,0.5712,0.508,0,0,0
S0056,J005,2,rural,0.5518,0.4534,0,0,0
S0056,J007,2,rural,0.1938,0.0958,0,0,0
S0056,J009,2,rural,0.3078,0.2212,0,0,0
S0056,J010,2,rural,0.345,0.278,0,0,0
S0056,J024,2,rural,0.5054,0.4131,0,0,0
S0056,J026,2,rural,0.4146,0.3358,0,0,0
S0057,J003,2,urban,0.495,0.495,0,0,0
S0057,J004,2,urban,0.366,0.366,0,0,0
S0057,J009,2,urban,0.3746,0.3746,0,0,0
S0057,J014,2,urban,0.3924,0.3924,0,0,0
S0057,J016,2,urban,0.6668,0.6668,1,1,0
S0057,J021,2,urban,0.3678,0.3678,0,0,0
S0057,J028,2,urban,0.665,0.665,1,1,0
S0058,J005,1,semi_urban,0.8015,0.8015,1,1,0
S0058,J014,1,semi_urban,0.489,0.489,0,0,0
S0058,J021,1,semi_urban,0.6876,0.6876,1,1,0
S0058,J027,1,semi_urban,0.5859,0.5859,0,0,0
S0058,J029,1,semi_urban,0.7504,0.7504,1,1,0
S0059,J007,1,semi_urban,0.2403,0.2403,0,0,0
S0059,J009,1,semi_urban,0.1709,0.1709,0,0,0
S0059,J010,1,semi_urban,0.2643,0.2643,0,0,0
S0059,J016,1,semi_urban,0.6509,0.6509,1,1,0
S0059,J022,1,semi_urban,0.2051,0.2051,0,0,0
S0060,J009,2,semi_urban,0.4659,0.4659,0,0,0
S0060,J012,2,semi_urban,0.5633,0.5633,0,0,0
S0060,J019,2,semi_urban,0.4197,0.4197,0,0,0
S0061,J005,2,urban,0.6798,0.6798,1,1,0
S0061,J008,2,urban,0.6612,0.6612,1,1,0
S0061,J010,2,urban,0.5107,0.5107,0,0,0
S0061,J015,2,urban,0.6684,0.6684,1,1,0
S0061,J018,2,urban,0.7792,0.7792,1,1,0
S0061,J027,2,urban,0.5297,0.5297,0,0,0
S0062,J000,2,rural,0.2594,0.1626,0,0,0
S0062,J007,2,rural,0.2288,0.161,0,0,0
S0062,J009,2,rural,0.2467,0.1687,0,0,0
S0062,J015,2,rural,0.3963,0.3281,0,0,0
S0062,J017,2,rural,0.3636,0.2997,0,0,0
S0062,J024,2,rural,0.3911,0.2952,0,0,0
S0062,J025,2,rural,0.2591,0.1933,0,0,0
S0063,J002,3,urban,0.3931,0.2368,0,0,0
S0063,J006,3,urban,0.3396,0.1242,0,0,0
S0063,J010,3,urban,0.2166,0.0425,0,0,0
S0063,J016,3,urban,0.5522,0.401,0,0,0
S0063,J025,3,urban,0.2641,0.0838,0,0,0
S0063,J027,3,urban,0.2668,0.1252,0,0,0
S0064,J001,2,semi_urban,0.4798,0.4798,0,0,0
S0064,J003,2,semi_urban,0.4118,0.4118,0,0,0
S0064,J007,2,semi_urban,0.1993,0.1993,0,0,0
S0064,J012,2,semi_urban,0.4904,0.4904,0,0,0
S0064,J014,2,semi_urban,0.1492,0.1492,0,0,0
S0064,J022,2,semi_urban,0.2948,0.2948,0,0,0
S0064,J025,2,semi_urban,0.3273,0.3273,0,0,0
S0064,J029,2,semi_urban,0.4341,0.4341,0,0,0
S0065,J009,2,semi_urban,0.259,0.259,0,0,0
S0065,J013,2,semi_urban,0.3972,0.3972,0,0,0
S0065,J014,2,semi_urban,0.2441,0.2441,0,0,0
S0065,J023,2,semi_urban,0.3245,0.3245,0,0,0
S0065,J024,2,semi_urban,0.2835,0.2835,0,0,0
S0065,J027,2,semi_urban,0.3265,0.3265,0,0,0
S0066,J006,2,semi_urban,0.4285,0.4285,0,0,0
S0066,J011,2,semi_urban,0.7732,0.7732,1,1,0
S0066,J014,2,semi_urban,0.2823,0.2823,0,0,0
S0066,J025,2,semi_urban,0.3152,0.3152,0,0,0
S0067,J013,2,rural,0.5424,0.4691,0,0,0
S0067,J016,2,rural,0.734,0.6695,1,1,0
S0067,J023,2,rural,0.5884,0.5137,0,0,0
S0067,J029,2,rural,0.5698,0.4846,0,0,0
S0068,J000,1,urban,0.7367,0.7367,1,1,0
S0068,J002,1,urban,0.8364,0.8364,1,1,0
S0068,J006,1,urban,0.8298,0.8298,1,1,0
S0068,J008,1,urban,0.7543,0.7543,1,1,0
S0068,J021,1,urban,0.6771,0.6771,1,1,0
S0068,J022,1,urban,0.6323,0.6323,1,1,0
S0068,J024,1,urban,0.6589,0.6589,1,1,0
S0068,J027,1,urban,0.6153,0.6153,0,0,0
S0069,J005,2,semi_urban,0.5053,0.5053,0,0,0
S0069,J006,2,semi_urban,0.4037,0.4037,0,0,0
S0069,J008,2,semi_urban,0.4694,0.4694,0,0,0
S0069,J016,2,semi_urban,0.6797,0.6797,1,1,0
S0069,J023,2,semi_urban,0.3796,0.3796,0,0,0
S0070,J000,1,urban,0.7486,0.7486,1,1,0
S0070,J005,1,urban,0.9274,0.9274,1,1,0
S0070,J008,1,urban,0.7363,0.7363,1,1,0
S0070,J011,1,urban,0.9965,0.9965,1,1,0
S0070,J015,1,urban,0.8109,0.8109,1,1,0
S0070,J016,1,urban,0.9528,0.9528,1,1,0
S0070,J021,1,urban,0.7094,0.7094,1,1,0
S0070,J022,1,urban,0.643,0.643,1,1,0
S0070,J023,1,urban,0.715,0.715,1,1,0
S0071,J004,2,urban,0.4125,0.4125,0,0,0
S0071,J014,2,urban,0.2581,0.2581,0,0,0
S0071,J017,2,urban,0.5294,0.5294,0,0,0
S0071,J019,2,urban,0.3199,0.3199,0,0,0
S0071,J023,2,urban,0.5468,0.5468,0,0,0
S0071,J025,2,urban,0.4193,0.4193,0,0,0
S0072,J002,3,urban,0.7023,0.4984,1,0,1
S0072,J004,3,urban,0.5064,0.3175,0,0,0
S0072,J005,3,urban,0.5686,0.3586,0,0,0
S0072,J008,3,urban,0.5629,0.3796,0,0,0
S0072,J020,3,urban,0.5626,0.3843,0,0,0
S0072,J028,3,urban,0.7231,0.5038,1,0,1
S0072,J029,3,urban,0.5942,0.451,0,0,0
S0073,J000,1,urban,0.5606,0.5606,0,0,0
S0073,J011,1,urban,0.8056,0.8056,1,1,0
S0073,J019,1,urban,0.4699,0.4699,0,0,0
S0073,J022,1,urban,0.3889,0.3889,0,0,0
S0073,J028,1,urban,0.7611,0.7611,1,1,0
S0074,J005,1,urban,0.6254,0.6254,1,1,0
S0074,J007,1,urban,0.4521,0.4521,0,0,0
S0074,J009,1,urban,0.4095,0.4095,0,0,0
S0074,J013,1,urban,0.5677,0.5677,0,0,0
S0074,J014,1,urban,0.4019,0.4019,0,0,0
S0074,J015,1,urban,0.7109,0.7109,1,1,0
S0074,J016,1,urban,0.7878,0.7878,1,1,0
S0075,J005,1,urban,0.734,0.734,1,1,0
S0075,J006,1,urban,0.6159,0.6159,0,0,0
S0075,J010,1,urban,0.4619,0.4619,0,0,0
S0075,J011,1,urban,0.8778,0.8778,1,1,0
S0075,J015,1,urban,0.6396,0.6396,1,1,0
S0075,J023,1,urban,0.512,0.512,0,0,0
S0075,J025,1,urban,0.467,0.467,0,0,0
S0076,J011,1,urban,1.0,1.0,1,1,0
S0076,J012,1,urban,0.7551,0.7551,1,1,0
S0076,J017,1,urban,0.84,0.84,1,1,0
S0077,J000,2,semi_urban,0.5384,0.5384,0,0,0
S0077,J005,2,semi_urban,0.5568,0.5568,0,0,0
S0077,J010,2,semi_urban,0.5135,0.5135,0,0,0
S0077,J022,2,semi_urban,0.3526,0.3526,0,0,0
S0077,J023,2,semi_urban,0.5556,0.5556,0,0,0
S0077,J024,2,semi_urban,0.5047,0.5047,0,0,0
S0077,J026,2,semi_urban,0.422,0.422,0,0,0
S0077,J027,2,semi_urban,0.4405,0.4405,0,0,0
S0077,J028,2,semi_urban,0.7993,0.7993,1,1,0
S0077,J029,2,semi_urban,0.4057,0.4057,0,0,0
S0078,J003,2,semi_urban,0.4319,0.4319,0,0,0
S0078,J006,2,semi_urban,0.4229,0.4229,0,0,0
S0078,J012,2,semi_urban,0.511,0.511,0,0,0
S0078,J013,2,semi_urban,0.3473,0.3473,0,0,0
S0078,J019,2,semi_urban,0.3543,0.3543,0,0,0
S0078,J021,2,semi_urban,0.2617,0.2617,0,0,0
S0078,J024,2,semi_urban,0.4783,0.4783,0,0,0
S0078,J025,2,semi_urban,0.341,0.341,0,0,0
S0078,J028,2,semi_urban,0.6964,0.6964,1,1,0
S0078,J029,2,semi_urban,0.401,0.401,0,0,0
S0079,J007,3,urban,0.2746,0.087,0,0,0
S0079,J008,3,urban,0.4879,0.3434,0,0,0
S0079,J011,3,urban,0.6374,0.4378,1,0,1
S0079,J026,3,urban,0.3767,0.237,0,0,0
S0080,J000,2,urban,0.453,0.453,0,0,0
S0080,J010,2,urban,0.2894,0.2894,0,0,0
S0080,J011,2,urban,0.66,0.66,1,1,0
S0080,J017,2,urban,0.4475,0.4475,0,0,0
S0080,J019,2,urban,0.3567,0.3567,0,0,0
S0080,J026,2,urban,0.3012,0.3012,0,0,0
S0081,J004,2,urban,0.3309,0.3309,0,0,0
S0081,J011,2,urban,0.7654,0.7654,1,1,0
S0081,J017,2,urban,0.4526,0.4526,0,0,0
S0082,J000,3,semi_urban,0.344,0.199,0,0,0
S0082,J001,3,semi_urban,0.5172,0.3724,0,0,0
S0082,J015,3,semi_urban,0.4184,0.2254,0,0,0
S0082,J020,3,semi_urban,0.4556,0.2422,0,0,0
S0082,J021,3,semi_urban,0.3427,0.1752,0,0,0
S0082,J022,3,semi_urban,0.3386,0.1671,0,0,0
S0082,J024,3,semi_urban,0.409,0.2645,0,0,0
S0082,J025,3,semi_urban,0.4205,0.2173,0,0,0
S0082,J026,3,semi_urban,0.2849,0.103,0,0,0
S0083,J006,1,urban,0.5578,0.5578,0,0,0
S0083,J009,1,urban,0.4155,0.4155,0,0,0
S0083,J015,1,urban,0.7597,0.7597,1,1,0
S0083,J017,1,urban,0.5742,0.5742,0,0,0
S0083,J020,1,urban,0.6566,0.6566,1,1,0
S0083,J024,1,urban,0.57,0.57,0,0,0
S0083,J025,1,urban,0.4984,0.4984,0,0,0
S0083,J026,1,urban,0.4637,0.4637,0,0,0
S0083,J028,1,urban,0.8402,0.8402,1,1,0
S0083,J029,1,urban,0.6313,0.6313,1,1,0
S0084,J004,1,urban,0.5377,0.5377,0,0,0
S0084,J009,1,urban,0.4616,0.4616,0,0,0
S0084,J011,1,urban,0.7999,0.7999,1,1,0
S0084,J016,1,urban,0.9115,0.9115,1,1,0
S0084,J020,1,urban,0.6862,0.6862,1,1,0
S0085,J002,1,urban,0.6834,0.6834,1,1,0
S0085,J020,1,urban,0.6521,0.6521,1,1,0
S0085,J025,1,urban,0.5011,0.5011,0,0,0
S0085,J029,1,urban,0.6906,0.6906,1,1,0
S0086,J007,3,urban,0.2333,0.0381,0,0,0
S0086,J008,3,urban,0.3047,0.1111,0,0,0
S0086,J014,3,urban,0.173,0.0,0,0,0
S0086,J016,3,urban,0.5913,0.4366,0,0,0
S0086,J019,3,urban,0.292,0.1066,0,0,0
S0086,J023,3,urban,0.3028,0.1069,0,0,0
S0086,J025,3,urban,0.2602,0.0544,0,0,0
S0087,J000,2,urban,0.4329,0.4329,0,0,0
S0087,J004,2,urban,0.3797,0.3797,0,0,0
S0087,J018,2,urban,0.7784,0.7784,1,1,0
S0087,J023,2,urban,0.404,0.404,0,0,0
S0087,J027,2,urban,0.3323,0.3323,0,0,0
S0088,J000,1,semi_urban,0.3628,0.3628,0,0,0
S0088,J003,1,semi_urban,0.374,0.374,0,0,0
S0088,J005,1,semi_urban,0.4378,0.4378,0,0,0
S0088,J016,1,semi_urban,0.6175,0.6175,0,0,0
S0088,J017,1,semi_urban,0.4375,0.4375,0,0,0
S0088,J018,1,semi_urban,0.596,0.596,0,0,0
S0088,J019,1,semi_urban,0.3367,0.3367,0,0,0
S0088,J023,1,semi_urban,0.4074,0.4074,0,0,0
S0088,J025,1,semi_urban,0.2703,0.2703,0,0,0
S0088,J026,1,semi_urban,0.2477,0.2477,0,0,0
S0088,J028,1,semi_urban,0.6449,0.6449,1,1,0
S0089,J002,2,semi_urban,0.6091,0.6091,0,0,0
S0089,J009,2,semi_urban,0.4187,0.4187,0,0,0
S0089,J012,2,semi_urban,0.5907,0.5907,0,0,0
S0089,J013,2,semi_urban,0.4486,0.4486,0,0,0
S0089,J025,2,semi_urban,0.4608,0.4608,0,0,0
S0090,J003,1,semi_urban,0.554,0.554,0,0,0
S0090,J014,1,semi_urban,0.2777,0.2777,0,0,0
S0090,J016,1,semi_urban,0.68,0.68,1,1,0
S0090,J018,1,semi_urban,0.7943,0.7943,1,1,0
S0090,J023,1,semi_urban,0.5223,0.5223,0,0,0
S0090,J024,1,semi_urban,0.4423,0.4423,0,0,0
S0090,J026,1,semi_urban,0.2847,0.2847,0,0,0
S0090,J027,1,semi_urban,0.414,0.414,0,0,0
S0091,J000,2,semi_urban,0.2101,0.2101,0,0,0
S0091,J002,2,semi_urban,0.3972,0.3972,0,0,0
S0091,J004,2,semi_urban,0.2937,0.2937,0,0,0
S0091,J008,2,semi_urban,0.3767,0.3767,0,0,0
S0091,J022,2,semi_urban,0.1728,0.1728,0,0,0
S0091,J029,2,semi_urban,0.3719,0.3719,0,0,0
S0092,J001,2,semi_urban,0.5239,0.5239,0,0,0
S0092,J002,2,semi_urban,0.608,0.608,0,0,0
S0092,J012,2,semi_urban,0.486,0.486,0,0,0
S0092,J014,2,semi_urban,0.2636,0.2636,0,0,0
S0092,J028,2,semi_urban,0.6896,0.6896,1,1,0
S0093,J000,2,urban,0.4277,0.4277,0,0,0
S0093,J002,2,urban,0.6234,0.6234,1,1,0
S0093,J022,2,urban,0.289,0.289,0,0,0
S0094,J003,2,semi_urban,0.458,0.458,0,0,0
S0094,J004,2,semi_urban,0.3364,0.3364,0,0,0
S0094,J013,2,semi_urban,0.3126,0.3126,0,0,0
S0094,J016,2,semi_urban,0.6241,0.6241,1,1,0
S0094,J023,2,semi_urban,0.3591,0.3591,0,0,0
S0094,J028,2,semi_urban,0.655,0.655,1,1,0
S0095,J003,2,semi_urban,0.5264,0.5264,0,0,0
S0095,J016,2,semi_urban,0.7735,0.7735,1,1,0
S0095,J017,2,semi_urban,0.5831,0.5831,0,0,0
S0095,J026,2,semi_urban,0.4248,0.4248,0,0,0
S0096,J002,2,urban,0.4818,0.4818,0,0,0
S0096,J006,2,urban,0.3832,0.3832,0,0,0
S0096,J015,2,urban,0.399,0.399,0,0,0
S0096,J020,2,urban,0.4481,0.4481,0,0,0
S0096,J021,2,urban,0.3026,0.3026,0,0,0
S0097,J002,1,semi_urban,0.6674,0.6674,1,1,0
S0097,J004,1,semi_urban,0.3205,0.3205,0,0,0
S0097,J009,1,semi_urban,0.4713,0.4713,0,0,0
S0097,J011,1,semi_urban,0.7881,0.7881,1,1,0
S0097,J017,1,semi_urban,0.5871,0.5871,0,0,0
S0097,J023,1,semi_urban,0.5153,0.5153,0,0,0
S0097,J027,1,semi_urban,0.3647,0.3647,0,0,0
S0098,J000,1,urban,0.4468,0.4468,0,0,0
S0098,J001,1,urban,0.6606,0.6606,1,1,0
S0098,J014,1,urban,0.3358,0.3358,0,0,0
S0098,J016,1,urban,0.9036,0.9036,1,1,0
S0098,J020,1,urban,0.5557,0.5557,0,0,0
S0099,J001,3,semi_urban,0.4124,0.2327,0,0,0
S0099,J004,3,semi_urban,0.2565,0.1127,0,0,0
S0099,J005,3,semi_urban,0.4136,0.2497,0,0,0
S0099,J017,3,semi_urban,0.3973,0.2113,0,0,0
S0099,J025,3,semi_urban,0.3481,0.1643,0,0,0
S0100,J001,3,semi_urban,0.4896,0.3033,0,0,0
S0100,J021,3,semi_urban,0.3434,0.1989,0,0,0
S0100,J025,3,semi_urban,0.3947,0.2471,0,0,0
S0101,J000,2,rural,0.2939,0.2288,0,0,0
S0101,J002,2,rural,0.494,0.4175,0,0,0
S0101,J009,2,rural,0.1546,0.0579,0,0,0
S0101,J010,2,rural,0.1838,0.114,0,0,0
S0101,J014,2,rural,0.2494,0.1817,0,0,0
S0101,J018,2,rural,0.4977,0.4093,0,0,0
S0101,J020,2,rural,0.3865,0.2908,0,0,0
S0102,J011,1,rural,0.9198,0.8425,1,1,0
S0102,J023,1,rural,0.5697,0.4956,0,0,0
S0102,J025,1,rural,0.5894,0.524,0,0,0
S0103,J013,3,semi_urban,0.3448,0.1311,0,0,0
S0103,J018,3,semi_urban,0.5244,0.3529,0,0,0
S0103,J019,3,semi_urban,0.3292,0.1741,0,0,0
S0103,J023,3,semi_urban,0.3528,0.2203,0,0,0
S0103,J025,3,semi_urban,0.2955,0.0774,0,0,0
S0103,J026,3,semi_urban,0.1525,0.0,0,0,0
S0103,J027,3,semi_urban,0.2314,0.0564,0,0,0
S0103,J029,3,semi_urban,0.3201,0.1572,0,0,0
S0104,J019,3,semi_urban,0.0855,0.0,0,0,0
S0104,J025,3,semi_urban,0.1097,0.0,0,0,0
S0104,J029,3,semi_urban,0.2023,0.0514,0,0,0
S0105,J007,3,semi_urban,0.094,0.0,0,0,0
S0105,J010,3,semi_urban,0.0764,0.0,0,0,0
S0105,J020,3,semi_urban,0.2744,0.0775,0,0,0
S0105,J024,3,semi_urban,0.2162,0.0541,0,0,0
S0106,J000,2,urban,0.4457,0.4457,0,0,0
S0106,J003,2,urban,0.5371,0.5371,0,0,0
S0106,J004,2,urban,0.4546,0.4546,0,0,0
S0106,J006,2,urban,0.5086,0.5086,0,0,0
S0106,J011,2,urban,0.7013,0.7013,1,1,0
S0106,J014,2,urban,0.2222,0.2222,0,0,0
S0106,J022,2,urban,0.4506,0.4506,0,0,0
S0106,J026,2,urban,0.4051,0.4051,0,0,0
S0107,J027,1,rural,0.3774,0.284,0,0,0
S0108,J003,1,urban,0.5841,0.5841,0,0,0
S0108,J008,1,urban,0.5459,0.5459,0,0,0
S0108,J013,1,urban,0.5605,0.5605,0,0,0
S0108,J022,1,urban,0.4009,0.4009,0,0,0
S0108,J023,1,urban,0.5323,0.5323,0,0,0
S0109,J001,3,urban,0.4804,0.3404,0,0,0
S0109,J003,3,urban,0.3655,0.1921,0,0,0
S0109,J013,3,urban,0.3383,0.1289,0,0,0
S0109,J020,3,urban,0.4615,0.3124,0,0,0
S0110,J002,2,urban,0.5899,0.5899,0,0,0
S0110,J004,2,urban,0.4423,0.4423,0,0,0
S0110,J006,2,urban,0.4921,0.4921,0,0,0
S0110,J009,2,urban,0.2951,0.2951,0,0,0
S0110,J025,2,urban,0.4398,0.4398,0,0,0
S0110,J028,2,urban,0.744,0.744,1,1,0
S0111,J001,1,rural,0.7176,0.6275,1,1,0
S0111,J003,1,rural,0.7738,0.6836,1,1,0
S0111,J006,1,rural,0.5904,0.4907,0,0,0
S0111,J013,1,rural,0.6638,0.5942,1,0,1
S0111,J019,1,rural,0.6049,0.5294,0,0,0
S0111,J024,1,rural,0.6811,0.6048,1,0,1
S0111,J027,1,rural,0.503,0.4339,0,0,0
S0112,J003,2,urban,0.4025,0.4025,0,0,0
S0112,J010,2,urban,0.2374,0.2374,0,0,0
S0112,J011,2,urban,0.6296,0.6296,1,1,0
S0112,J014,2,urban,0.2503,0.2503,0,0,0
S0112,J015,2,urban,0.4668,0.4668,0,0,0
S0112,J021,2,urban,0.3207,0.3207,0,0,0
S0112,J024,2,urban,0.3286,0.3286,0,0,0
S0112,J026,2,urban,0.3277,0.3277,0,0,0
S0113,J005,2,urban,0.4989,0.4989,0,0,0
S0113,J007,2,urban,0.1716,0.1716,0,0,0
S0113,J008,2,urban,0.4552,0.4552,0,0,0
S0113,J011,2,urban,0.6435,0.6435,1,1,0
S0113,J012,2,urban,0.5257,0.5257,0,0,0
S0113,J015,2,urban,0.2912,0.2912,0,0,0
S0113,J018,2,urban,0.4563,0.4563,0,0,0
S0114,J002,1,urban,0.5832,0.5832,0,0,0
S0114,J006,1,urban,0.5031,0.5031,0,0,0
S0114,J007,1,urban,0.2836,0.2836,0,0,0
S0114,J009,1,urban,0.2315,0.2315,0,0,0
S0114,J016,1,urban,0.7213,0.7213,1,1,0
S0114,J020,1,urban,0.4997,0.4997,0,0,0
S0114,J025,1,urban,0.4024,0.4024,0,0,0
S0114,J027,1,urban,0.3306,0.3306,0,0,0
S0115,J007,3,urban,0.1695,0.0001,0,0,0
S0115,J009,3,urban,0.3138,0.134,0,0,0
S0115,J015,3,urban,0.4397,0.2579,0,0,0
S0115,J017,3,urban,0.4321,0.221,0,0,0
S0115,J019,3,urban,0.3216,0.181,0,0,0
S0115,J021,3,urban,0.2966,0.1096,0,0,0
S0116,J008,3,urban,0.4915,0.2955,0,0,0
S0116,J011,3,urban,0.7714,0.5579,1,0,1
S0116,J013,3,urban,0.4392,0.2443,0,0,0
S0116,J014,3,urban,0.3275,0.1112,0,0,0
S0116,J015,3,urban,0.5404,0.3767,0,0,0
S0116,J016,3,urban,0.8606,0.6945,1,1,0
S0116,J019,3,urban,0.3101,0.1394,0,0,0
S0116,J022,3,urban,0.2748,0.0558,0,0,0
S0116,J024,3,urban,0.4692,0.2844,0,0,0
S0116,J028,3,urban,0.6267,0.4805,1,0,1
S0116,J029,3,urban,0.5082,0.3564,0,0,0
S0117,J001,3,semi_urban,0.3173,0.1484,0,0,0
S0117,J005,3,semi_urban,0.4536,0.2913,0,0,0
S0117,J011,3,semi_urban,0.5316,0.3308,0,0,0
S0117,J019,3,semi_urban,0.202,0.0601,0,0,0
S0117,J025,3,semi_urban,0.2146,0.0228,0,0,0
S0117,J028,3,semi_urban,0.575,0.438,0,0,0
S0117,J029,3,semi_urban,0.31,0.1536,0,0,0
S0118,J000,2,urban,0.3036,0.3036,0,0,0
S0118,J001,2,urban,0.3238,0.3238,0,0,0
S0118,J008,2,urban,0.2909,0.2909,0,0,0
S0119,J005,2,rural,0.4541,0.392,0,0,0
S0119,J007,2,rural,0.1335,0.0537,0,0,0
S0119,J009,2,rural,0.1189,0.0292,0,0,0
S0119,J010,2,rural,0.2135,0.1246,0,0,0
S0119,J015,2,rural,0.4116,0.3121,0,0,0
S0119,J017,2,rural,0.3676,0.2963,0,0,0
S0119,J019,2,rural,0.2526,0.1539,0,0,0
S0119,J020,2,rural,0.3335,0.2449,0,0,0
S0120,J001,2,rural,0.4588,0.3654,0,0,0
S0120,J009,2,rural,0.2907,0.2162,0,0,0
S0120,J014,2,rural,0.1944,0.1304,0,0,0
S0120,J017,2,rural,0.4784,0.4065,0,0,0
S0120,J026,2,rural,0.2077,0.1437,0,0,0
S0121,J010,2,urban,0.3898,0.3898,0,0,0
S0121,J011,2,urban,0.6886,0.6886,1,1,0
S0121,J025,2,urban,0.3391,0.3391,0,0,0
S0121,J028,2,urban,0.7433,0.7433,1,1,0
S0122,J003,1,urban,0.6134,0.6134,0,0,0
S0122,J004,1,urban,0.5493,0.5493,0,0,0
S0122,J008,1,urban,0.5612,0.5612,0,0,0
S0122,J015,1,urban,0.5999,0.5999,0,0,0
S0122,J017,1,urban,0.6399,0.6399,1,1,0
S0122,J020,1,urban,0.5287,0.5287,0,0,0
S0122,J028,1,urban,0.8037,0.8037,1,1,0
S0123,J003,2,semi_urban,0.4915,0.4915,0,0,0
S0123,J016,2,semi_urban,0.7006,0.7006,1,1,0
S0123,J017,2,semi_urban,0.4064,0.4064,0,0,0
S0123,J018,2,semi_urban,0.6255,0.6255,1,1,0
S0123,J019,2,semi_urban,0.3395,0.3395,0,0,0
S0123,J022,2,semi_urban,0.3722,0.3722,0,0,0
S0123,J028,2,semi_urban,0.6284,0.6284,1,1,0
S0124,J002,1,urban,0.8116,0.8116,1,1,0
S0124,J008,1,urban,0.5857,0.5857,0,0,0
S0124,J011,1,urban,0.7228,0.7228,1,1,0
S0124,J012,1,urban,0.6773,0.6773,1,1,0
S0124,J017,1,urban,0.6566,0.6566,1,1,0
S0124,J019,1,urban,0.4313,0.4313,0,0,0
S0124,J025,1,urban,0.4612,0.4612,0,0,0
S0124,J026,1,urban,0.4327,0.4327,0,0,0
S0124,J027,1,urban,0.4824,0.4824,0,0,0
S0125,J004,2,urban,0.5605,0.5605,0,0,0
S0125,J016,2,urban,0.7759,0.7759,1,1,0
S0125,J023,2,urban,0.5509,0.5509,0,0,0
S0126,J000,2,rural,0.3137,0.2441,0,0,0
S0126,J004,2,rural,0.366,0.2818,0,0,0
S0126,J014,2,rural,0.1374,0.0684,0,0,0
S0126,J017,2,rural,0.354,0.2932,0,0,0
S0126,J021,2,rural,0.3915,0.2944,0,0,0
S0127,J002,1,rural,0.6405,0.5472,1,0,1
S0127,J005,1,rural,0.5354,0.4668,0,0,0
S0127,J008,1,rural,0.5276,0.4341,0,0,0
S0127,J010,1,rural,0.3779,0.2996,0,0,0
S0127,J011,1,rural,0.7881,0.692,1,1,0
S0127,J018,1,rural,0.7428,0.6539,1,1,0
S0127,J019,1,rural,0.3958,0.3209,0,0,0
S0127,J022,1,rural,0.4237,0.3388,0,0,0
S0127,J025,1,rural,0.4304,0.331,0,0,0
S0128,J000,1,semi_urban,0.6332,0.6332,1,1,0
S0128,J001,1,semi_urban,0.6475,0.6475,1,1,0
S0128,J006,1,semi_urban,0.6297,0.6297,1,1,0
S0128,J007,1,semi_urban,0.4572,0.4572,0,0,0
S0128,J025,1,semi_urban,0.5264,0.5264,0,0,0
S0129,J011,2,urban,0.6427,0.6427,1,1,0
S0129,J015,2,urban,0.4047,0.4047,0,0,0
S0129,J022,2,urban,0.1776,0.1776,0,0,0
S0129,J023,2,urban,0.4073,0.4073,0,0,0
S0130,J000,1,semi_urban,0.6128,0.6128,0,0,0
S0130,J028,1,semi_urban,0.9629,0.9629,1,1,0
S0131,J000,3,semi_urban,0.3293,0.1695,0,0,0
S0131,J013,3,semi_urban,0.3953,0.2283,0,0,0
S0131,J017,3,semi_urban,0.4686,0.2886,0,0,0
S0131,J028,3,semi_urban,0.5444,0.4065,0,0,0
S0132,J000,2,urban,0.4367,0.4367,0,0,0
S0132,J019,2,urban,0.4499,0.4499,0,0,0
S0132,J022,2,urban,0.2943,0.2943,0,0,0
S0133,J005,2,semi_urban,0.7152,0.7152,1,1,0
S0133,J018,2,semi_urban,0.8103,0.8103,1,1,0
S0133,J026,2,semi_urban,0.5595,0.5595,0,0,0
S0133,J028,2,semi_urban,0.921,0.921,1,1,0
S0134,J000,2,urban,0.3654,0.3654,0,0,0
S0134,J003,2,urban,0.4308,0.4308,0,0,0
S0134,J006,2,urban,0.3796,0.3796,0,0,0
S0134,J012,2,urban,0.431,0.431,0,0,0
S0134,J018,2,urban,0.5669,0.5669,0,0,0
S0134,J022,2,urban,0.2721,0.2721,0,0,0
S0134,J023,2,urban,0.4089,0.4089,0,0,0
S0134,J029,2,urban,0.4634,0.4634,0,0,0
S0135,J010,1,urban,0.6196,0.6196,0,0,0
S0135,J014,1,urban,0.6517,0.6517,1,1,0
S0135,J017,1,urban,0.7181,0.7181,1,1,0
S0136,J000,3,semi_urban,0.3009,0.1629,0,0,0
S0136,J002,3,semi_urban,0.3719,0.1937,0,0,0
S0136,J010,3,semi_urban,0.2196,0.011,0,0,0
S0136,J011,3,semi_urban,0.5422,0.3575,0,0,0
S0136,J016,3,semi_urban,0.545,0.3565,0,0,0
S0136,J023,3,semi_urban,0.3902,0.1757,0,0,0
S0136,J029,3,semi_urban,0.3732,0.2339,0,0,0
S0137,J005,2,urban,0.4879,0.4879,0,0,0
S0137,J006,2,urban,0.3086,0.3086,0,0,0
S0137,J008,2,urban,0.4442,0.4442,0,0,0
S0137,J015,2,urban,0.5243,0.5243,0,0,0
S0137,J017,2,urban,0.4446,0.4446,0,0,0
S0137,J023,2,urban,0.3846,0.3846,0,0,0
S0137,J027,2,urban,0.1966,0.1966,0,0,0
S0137,J028,2,urban,0.5835,0.5835,0,0,0
S0138,J001,3,urban,0.4043,0.2565,0,0,0
S0138,J004,3,urban,0.3954,0.1936,0,0,0
S0138,J015,3,urban,0.4698,0.2593,0,0,0
S0138,J017,3,urban,0.405,0.1917,0,0,0
S0138,J021,3,urban,0.2806,0.1203,0,0,0
S0138,J023,3,urban,0.3399,0.1408,0,0,0
S0138,J024,3,urban,0.2914,0.1569,0,0,0
S0138,J026,3,urban,0.2529,0.0375,0,0,0
S0138,J027,3,urban,0.3311,0.1604,0,0,0
S0139,J007,1,rural,0.3037,0.2398,0,0,0
S0139,J008,1,rural,0.5526,0.4669,0,0,0
S0139,J009,1,rural,0.3091,0.2297,0,0,0
S0139,J016,1,rural,0.6931,0.6211,1,1,0
S0139,J021,1,rural,0.5153,0.428,0,0,0
S0139,J022,1,rural,0.344,0.2492,0,0,0
S0139,J025,1,rural,0.2692,0.1997,0,0,0
S0139,J029,1,rural,0.541,0.4752,0,0,0
S0140,J002,2,rural,0.4905,0.4177,0,0,0
S0140,J009,2,rural,0.2966,0.2088,0,0,0
S0140,J016,2,rural,0.6251,0.5253,1,0,1
S0140,J025,2,rural,0.3075,0.2415,0,0,0
S0141,J017,2,semi_urban,0.4311,0.4311,0,0,0
S0141,J021,2,semi_urban,0.4188,0.4188,0,0,0
S0141,J024,2,semi_urban,0.4669,0.4669,0,0,0
S0142,J000,3,rural,0.387,0.1288,0,0,0
S0142,J004,3,rural,0.3134,0.0677,0,0,0
S0142,J008,3,rural,0.3438,0.0949,0,0,0
S0142,J009,3,rural,0.2604,0.0,0,0,0
S0142,J010,3,rural,0.3598,0.0529,0,0,0
S0142,J017,3,rural,0.4326,0.14,0,0,0
S0142,J023,3,rural,0.3558,0.0727,0,0,0
S0143,J015,2,rural,0.5378,0.4623,0,0,0
S0143,J020,2,rural,0.3871,0.3207,0,0,0
S0143,J026,2,rural,0.3529,0.2883,0,0,0
S0143,J028,2,rural,0.6582,0.5816,1,0,1
S0144,J008,2,urban,0.5914,0.5914,0,0,0
S0144,J009,2,urban,0.4396,0.4396,0,0,0
S0144,J016,2,urban,0.7636,0.7636,1,1,0
S0144,J024,2,urban,0.6148,0.6148,0,0,0
S0145,J012,1,urban,0.7503,0.7503,1,1,0
S0145,J016,1,urban,0.9711,0.9711,1,1,0
S0145,J018,1,urban,0.8662,0.8662,1,1,0
S0146,J003,2,urban,0.5046,0.5046,0,0,0
S0146,J004,2,urban,0.4675,0.4675,0,0,0
S0146,J010,2,urban,0.502,0.502,0,0,0
S0146,J020,2,urban,0.6171,0.6171,0,0,0
S0146,J023,2,urban,0.5925,0.5925,0,0,0
S0146,J026,2,urban,0.4188,0.4188,0,0,0
S0146,J028,2,urban,0.8365,0.8365,1,1,0
S0147,J007,2,urban,0.3191,0.3191,0,0,0
S0147,J025,2,urban,0.3035,0.3035,0,0,0
S0147,J026,2,urban,0.3979,0.3979,0,0,0
S0147,J028,2,urban,0.7496,0.7496,1,1,0
S0147,J029,2,urban,0.5079,0.5079,0,0,0
S0148,J002,2,semi_urban,0.6489,0.6489,1,1,0
S0148,J011,2,semi_urban,0.8658,0.8658,1,1,0
S0148,J018,2,semi_urban,0.7163,0.7163,1,1,0
S0148,J019,2,semi_urban,0.5554,0.5554,0,0,0
S0148,J020,2,semi_urban,0.5681,0.5681,0,0,0
S0148,J022,2,semi_urban,0.5514,0.5514,0,0,0
S0148,J025,2,semi_urban,0.4528,0.4528,0,0,0
S0148,J028,2,semi_urban,0.784,0.784,1,1,0
S0148,J029,2,semi_urban,0.5899,0.5899,0,0,0
S0149,J003,1,urban,0.3995,0.3995,0,0,0
S0149,J016,1,urban,0.5977,0.5977,0,0,0
S0149,J025,1,urban,0.3015,0.3015,0,0,0
S0150,J006,3,urban,0.2587,0.1065,0,0,0
S0150,J019,3,urban,0.2399,0.0667,0,0,0
S0150,J026,3,urban,0.2492,0.0596,0,0,0
S0151,J000,3,urban,0.2001,0.0214,0,0,0
S0151,J001,3,urban,0.4554,0.2501,0,0,0
S0151,J002,3,urban,0.4639,0.3138,0,0,0
S0151,J004,3,urban,0.1872,0.0233,0,0,0
S0151,J010,3,urban,0.1862,0.0281,0,0,0
S0151,J013,3,urban,0.2685,0.1088,0,0,0
S0151,J015,3,urban,0.3521,0.1335,0,0,0
S0151,J021,3,urban,0.1629,0.0078,0,0,0
S0151,J023,3,urban,0.3183,0.1501,0,0,0
S0151,J024,3,urban,0.277,0.071,0,0,0
S0151,J029,3,urban,0.2085,0.0003,0,0,0
S0152,J003,1,urban,0.656,0.656,1,1,0
S0152,J004,1,urban,0.492,0.492,0,0,0
S0152,J005,1,urban,0.7086,0.7086,1,1,0
S0152,J006,1,urban,0.5466,0.5466,0,0,0
S0152,J010,1,urban,0.512,0.512,0,0,0
S0152,J014,1,urban,0.4553,0.4553,0,0,0
S0152,J015,1,urban,0.6486,0.6486,1,1,0
S0152,J016,1,urban,0.8474,0.8474,1,1,0
S0152,J018,1,urban,0.7762,0.7762,1,1,0
S0152,J022,1,urban,0.4373,0.4373,0,0,0
S0152,J026,1,urban,0.4211,0.4211,0,0,0
S0152,J027,1,urban,0.4692,0.4692,0,0,0
S0153,J000,2,rural,0.391,0.3117,0,0,0
S0153,J004,2,rural,0.2895,0.2007,0,0,0
S0153,J012,2,rural,0.4149,0.346,0,0,0
S0153,J019,2,rural,0.3572,0.2575,0,0,0
S0154,J004,1,urban,0.58,0.58,0,0,0
S0154,J008,1,urban,0.5942,0.5942,0,0,0
S0154,J009,1,urban,0.3632,0.3632,0,0,0
S0154,J010,1,urban,0.55,0.55,0,0,0
S0154,J011,1,urban,0.9216,0.9216,1,1,0
S0154,J012,1,urban,0.6535,0.6535,1,1,0
S0155,J000,2,urban,0.5909,0.5909,0,0,0
S0155,J001,2,urban,0.7233,0.7233,1,1,0
S0155,J014,2,urban,0.4345,0.4345,0,0,0
S0155,J015,2,urban,0.6361,0.6361,1,1,0
S0156,J022,1,urban,0.4419,0.4419,0,0,0
S0157,J008,2,urban,0.5978,0.5978,0,0,0
S0157,J009,2,urban,0.4556,0.4556,0,0,0
S0157,J012,2,urban,0.6121,0.6121,0,0,0
S0157,J013,2,urban,0.5513,0.5513,0,0,0
S0157,J020,2,urban,0.5689,0.5689,0,0,0
S0157,J021,2,urban,0.4118,0.4118,0,0,0
S0158,J002,3,semi_urban,0.4968,0.3375,0,0,0
S0158,J020,3,semi_urban,0.4074,0.1927,0,0,0
S0158,J027,3,semi_urban,0.2432,0.0542,0,0,0
S0158,J028,3,semi_urban,0.6405,0.4702,1,0,1
S0159,J002,3,urban,0.4947,0.2914,0,0,0
S0159,J012,3,urban,0.4264,0.2435,0,0,0
S0159,J013,3,urban,0.2545,0.0478,0,0,0
S0159,J015,3,urban,0.4151,0.2294,0,0,0
S0159,J020,3,urban,0.4236,0.213,0,0,0
S0159,J022,3,urban,0.2419,0.0547,0,0,0
S0160,J003,1,urban,0.599,0.599,0,0,0
S0160,J018,1,urban,0.7951,0.7951,1,1,0
S0160,J020,1,urban,0.6443,0.6443,1,1,0
S0160,J024,1,urban,0.66,0.66,1,1,0
S0160,J026,1,urban,0.5622,0.5622,0,0,0
S0160,J028,1,urban,0.7337,0.7337,1,1,0
S0161,J000,3,urban,0.3489,0.2012,0,0,0
S0161,J004,3,urban,0.2892,0.1462,0,0,0
S0161,J006,3,urban,0.3829,0.2053,0,0,0
S0161,J008,3,urban,0.4535,0.2617,0,0,0
S0161,J018,3,urban,0.4977,0.3572,0,0,0
S0161,J026,3,urban,0.3314,0.1962,0,0,0
S0162,J005,1,rural,0.826,0.7525,1,1,0
S0162,J007,1,rural,0.5309,0.4657,0,0,0
S0162,J021,1,rural,0.6515,0.5632,1,0,1
S0162,J024,1,rural,0.7259,0.6333,1,1,0
S0163,J003,1,semi_urban,0.786,0.786,1,1,0
S0163,J005,1,semi_urban,0.7453,0.7453,1,1,0
S0163,J007,1,semi_urban,0.5548,0.5548,0,0,0
S0163,J008,1,semi_urban,0.7814,0.7814,1,1,0
S0164,J007,2,semi_urban,0.4191,0.4191,0,0,0
S0165,J001,2,semi_urban,0.6372,0.6372,1,1,0
S0165,J004,2,semi_urban,0.4611,0.4611,0,0,0
S0165,J007,2,semi_urban,0.3644,0.3644,0,0,0
S0165,J011,2,semi_urban,0.7229,0.7229,1,1,0
S0165,J012,2,semi_urban,0.5596,0.5596,0,0,0
S0165,J017,2,semi_urban,0.4993,0.4993,0,0,0
S0165,J018,2,semi_urban,0.795,0.795,1,1,0
S0165,J021,2,semi_urban,0.4116,0.4116,0,0,0
S0165,J024,2,semi_urban,0.5531,0.5531,0,0,0
S0166,J002,3,semi_urban,0.3616,0.2268,0,0,0
S0166,J009,3,semi_urban,0.0294,0.0,0,0,0
S0166,J011,3,semi_urban,0.4993,0.2831,0,0,0
S0166,J014,3,semi_urban,0.0683,0.0,0,0,0
S0166,J017,3,semi_urban,0.2302,0.0219,0,0,0
S0166,J020,3,semi_urban,0.3146,0.1273,0,0,0
S0166,J022,3,semi_urban,0.1715,0.0138,0,0,0
S0166,J023,3,semi_urban,0.2167,0.0657,0,0,0
S0166,J025,3,semi_urban,0.1235,0.0,0,0,0
S0166,J028,3,semi_urban,0.5621,0.3773,0,0,0
S0167,J004,3,urban,0.2297,0.0098,0,0,0
S0167,J005,3,urban,0.4778,0.3194,0,0,0
S0167,J007,3,urban,0.1307,0.0,0,0,0
S0167,J011,3,urban,0.6461,0.4643,1,0,1
S0167,J014,3,urban,0.1451,0.0,0,0,0
S0167,J016,3,urban,0.5777,0.3962,0,0,0
S0167,J019,3,urban,0.3605,0.1447,0,0,0
S0167,J029,3,urban,0.3398,0.1301,0,0,0
S0168,J001,2,urban,0.7317,0.7317,1,1,0
S0168,J003,2,urban,0.6129,0.6129,0,0,0
S0168,J004,2,urban,0.5102,0.5102,0,0,0
S0168,J011,2,urban,0.7636,0.7636,1,1,0
S0168,J014,2,urban,0.3462,0.3462,0,0,0
S0168,J015,2,urban,0.6831,0.6831,1,1,0
S0168,J023,2,urban,0.6194,0.6194,0,0,0
S0168,J026,2,urban,0.46,0.46,0,0,0
S0169,J006,3,semi_urban,0.4275,0.2156,0,0,0
S0169,J008,3,semi_urban,0.4475,0.2561,0,0,0
S0169,J009,3,semi_urban,0.3056,0.1115,0,0,0
S0169,J011,3,semi_urban,0.6489,0.4864,1,0,1
S0169,J012,3,semi_urban,0.4914,0.3494,0,0,0
S0169,J013,3,semi_urban,0.3546,0.1838,0,0,0
S0169,J015,3,semi_urban,0.5063,0.332,0,0,0
S0169,J025,3,semi_urban,0.4346,0.2233,0,0,0
S0169,J029,3,semi_urban,0.485,0.2991,0,0,0
S0170,J005,1,urban,0.6815,0.6815,1,1,0
S0170,J016,1,urban,0.8284,0.8284,1,1,0
S0170,J019,1,urban,0.5841,0.5841,0,0,0
S0170,J022,1,urban,0.4968,0.4968,0,0,0
S0170,J026,1,urban,0.4867,0.4867,0,0,0
S0171,J001,2,rural,0.5661,0.4929,0,0,0
S0171,J007,2,rural,0.3792,0.3142,0,0,0
S0171,J008,2,rural,0.5832,0.5129,0,0,0
S0171,J013,2,rural,0.5415,0.4633,0,0,0
S0171,J021,2,rural,0.4219,0.3609,0,0,0
S0171,J025,2,rural,0.4751,0.4025,0,0,0
S0171,J027,2,rural,0.4717,0.3865,0,0,0
S0172,J003,1,urban,0.5912,0.5912,0,0,0
S0172,J017,1,urban,0.7752,0.7752,1,1,0
S0172,J024,1,urban,0.5714,0.5714,0,0,0
S0173,J003,3,semi_urban,0.5107,0.3635,0,0,0
S0173,J004,3,semi_urban,0.3845,0.2462,0,0,0
S0173,J020,3,semi_urban,0.5056,0.294,0,0,0
S0173,J022,3,semi_urban,0.3967,0.2225,0,0,0
S0173,J029,3,semi_urban,0.4926,0.2989,0,0,0
S0174,J000,1,rural,0.6416,0.5742,1,0,1
S0174,J008,1,rural,0.6501,0.562,1,0,1
S0174,J018,1,rural,0.8355,0.7677,1,1,0
S0174,J019,1,rural,0.5052,0.4338,0,0,0
S0174,J020,1,rural,0.6752,0.6001,1,0,1
S0174,J024,1,rural,0.616,0.5492,0,0,0
S0174,J029,1,rural,0.5641,0.465,0,0,0
S0175,J000,1,semi_urban,0.5306,0.5306,0,0,0
S0175,J008,1,semi_urban,0.5925,0.5925,0,0,0
S0175,J014,1,semi_urban,0.3494,0.3494,0,0,0
S0175,J018,1,semi_urban,0.831,0.831,1,1,0
S0175,J023,1,semi_urban,0.5684,0.5684,0,0,0
S0175,J027,1,semi_urban,0.4251,0.4251,0,0,0
S0175,J028,1,semi_urban,0.7553,0.7553,1,1,0
S0175,J029,1,semi_urban,0.4657,0.4657,0,0,0
S0176,J003,2,rural,0.5791,0.5169,0,0,0
S0176,J007,2,rural,0.3806,0.2863,0,0,0
S0176,J016,2,rural,0.7524,0.6828,1,1,0
S0176,J017,2,rural,0.4864,0.4223,0,0,0
S0177,J008,3,semi_urban,0.207,0.0017,0,0,0
S0177,J018,3,semi_urban,0.3155,0.0963,0,0,0
S0177,J019,3,semi_urban,0.0084,0.0,0,0,0
S0177,J023,3,semi_urban,0.0941,0.0,0,0,0
S0178,J004,3,rural,0.3503,0.0466,0,0,0
S0178,J013,3,rural,0.4085,0.0891,0,0,0
S0178,J015,3,rural,0.4956,0.2918,0,0,0
S0178,J025,3,rural,0.3241,0.117,0,0,0
S0178,J026,3,rural,0.2612,0.0261,0,0,0
S0179,J003,3,urban,0.0771,0.0,0,0,0
S0179,J005,3,urban,0.179,0.0044,0,0,0
S0179,J006,3,urban,0.028,0.0,0,0,0
S0179,J008,3,urban,0.1017,0.0,0,0,0
S0179,J022,3,urban,0.0,0.0,0,0,0
S0179,J026,3,urban,0.0,0.0,0,0,0
S0179,J027,3,urban,0.0,0.0,0,0,0
S0180,J009,3,urban,0.147,0.0,0,0,0
S0180,J023,3,urban,0.0331,0.0,0,0,0
S0180,J028,3,urban,0.4257,0.2572,0,0,0
S0181,J001,3,semi_urban,0.4891,0.2878,0,0,0
S0181,J005,3,semi_urban,0.4743,0.3104,0,0,0
S0181,J007,3,semi_urban,0.2083,0.0744,0,0,0
S0181,J018,3,semi_urban,0.5493,0.3883,0,0,0
S0181,J023,3,semi_urban,0.365,0.2174,0,0,0
S0182,J003,2,urban,0.5555,0.5555,0,0,0
S0182,J009,2,urban,0.3328,0.3328,0,0,0
S0182,J010,2,urban,0.4762,0.4762,0,0,0
S0182,J011,2,urban,0.7345,0.7345,1,1,0
S0182,J014,2,urban,0.316,0.316,0,0,0
S0182,J017,2,urban,0.5298,0.5298,0,0,0
S0182,J018,2,urban,0.7027,0.7027,1,1,0
S0182,J024,2,urban,0.5588,0.5588,0,0,0
S0182,J028,2,urban,0.7013,0.7013,1,1,0
S0183,J006,2,urban,0.2563,0.2563,0,0,0
S0183,J010,2,urban,0.3441,0.3441,0,0,0
S0183,J015,2,urban,0.384,0.384,0,0,0
S0183,J019,2,urban,0.3415,0.3415,0,0,0
S0183,J022,2,urban,0.2617,0.2617,0,0,0
S0184,J000,3,rural,0.3043,0.0752,0,0,0
S0184,J001,3,rural,0.3163,0.1092,0,0,0
S0184,J003,3,rural,0.2928,0.0909,0,0,0
S0184,J004,3,rural,0.2285,0.0,0,0,0
S0184,J013,3,rural,0.2619,0.0,0,0,0
S0184,J015,3,rural,0.3343,0.0971,0,0,0
S0184,J023,3,rural,0.3347,0.0332,0,0,0
S0185,J003,2,semi_urban,0.6376,0.6376,1,1,0
S0185,J005,2,semi_urban,0.687,0.687,1,1,0
S0185,J006,2,semi_urban,0.5765,0.5765,0,0,0
S0185,J015,2,semi_urban,0.6522,0.6522,1,1,0
S0185,J026,2,semi_urban,0.4114,0.4114,0,0,0
S0185,J029,2,semi_urban,0.5432,0.5432,0,0,0
S0186,J000,2,urban,0.4224,0.4224,0,0,0
S0186,J002,2,urban,0.5477,0.5477,0,0,0
S0186,J020,2,urban,0.4473,0.4473,0,0,0
S0186,J021,2,urban,0.4244,0.4244,0,0,0
S0187,J006,1,urban,0.7323,0.7323,1,1,0
S0187,J008,1,urban,0.8558,0.8558,1,1,0
S0187,J015,1,urban,0.9479,0.9479,1,1,0
S0187,J016,1,urban,0.9194,0.9194,1,1,0
S0187,J019,1,urban,0.7066,0.7066,1,1,0
S0187,J021,1,urban,0.7043,0.7043,1,1,0
S0187,J026,1,urban,0.644,0.644,1,1,0
S0188,J007,3,urban,0.1936,0.0,0,0,0
S0188,J008,3,urban,0.4276,0.2227,0,0,0
S0188,J011,3,urban,0.5674,0.4093,0,0,0
S0188,J012,3,urban,0.466,0.2982,0,0,0
S0188,J013,3,urban,0.291,0.1489,0,0,0
S0188,J014,3,urban,0.2186,0.0135,0,0,0
S0188,J016,3,urban,0.666,0.4801,1,0,1
S0188,J021,3,urban,0.2329,0.0249,0,0,0
S0188,J022,3,urban,0.2611,0.0828,0,0,0
S0188,J023,3,urban,0.3378,0.1347,0,0,0
S0188,J026,3,urban,0.2181,0.0306,0,0,0
S0189,J000,1,urban,0.6298,0.6298,1,1,0
S0189,J003,1,urban,0.6177,0.6177,0,0,0
S0189,J017,1,urban,0.5711,0.5711,0,0,0
S0189,J020,1,urban,0.6499,0.6499,1,1,0
S0189,J021,1,urban,0.5832,0.5832,0,0,0
S0189,J022,1,urban,0.5955,0.5955,0,0,0
S0190,J008,3,rural,0.5011,0.2663,0,0,0
S0190,J011,3,rural,0.7835,0.4899,1,0,1
S0190,J013,3,rural,0.4613,0.164,0,0,0
S0190,J014,3,rural,0.3482,0.0756,0,0,0
S0190,J017,3,rural,0.5127,0.3121,0,0,0
S0190,J018,3,rural,0.6455,0.4213,1,0,1
S0190,J022,3,rural,0.4397,0.2293,0,0,0
S0190,J023,3,rural,0.4124,0.0997,0,0,0
S0190,J024,3,rural,0.584,0.3016,0,0,0
S0190,J025,3,rural,0.4287,0.1729,0,0,0
S0191,J005,1,urban,0.7952,0.7952,1,1,0
S0191,J010,1,urban,0.5259,0.5259,0,0,0
S0191,J014,1,urban,0.4276,0.4276,0,0,0
S0191,J016,1,urban,0.8515,0.8515,1,1,0
S0191,J017,1,urban,0.6815,0.6815,1,1,0
S0191,J019,1,urban,0.5991,0.5991,0,0,0
S0191,J020,1,urban,0.59,0.59,0,0,0
S0191,J023,1,urban,0.5132,0.5132,0,0,0
S0192,J002,1,urban,0.5716,0.5716,0,0,0
S0192,J004,1,urban,0.3778,0.3778,0,0,0
S0192,J007,1,urban,0.2908,0.2908,0,0,0
S0192,J009,1,urban,0.44,0.44,0,0,0
S0192,J017,1,urban,0.5097,0.5097,0,0,0
S0192,J019,1,urban,0.415,0.415,0,0,0
S0192,J021,1,urban,0.4187,0.4187,0,0,0
S0192,J028,1,urban,0.7917,0.7917,1,1,0
S0193,J000,3,semi_urban,0.3865,0.2498,0,0,0
S0193,J002,3,semi_urban,0.4164,0.2488,0,0,0
S0193,J007,3,semi_urban,0.1385,0.0,0,0,0
S0193,J008,3,semi_urban,0.4137,0.2559,0,0,0
S0193,J011,3,semi_urban,0.6097,0.4292,0,0,0
S0193,J012,3,semi_urban,0.4256,0.2532,0,0,0
S0193,J016,3,semi_urban,0.5912,0.3842,0,0,0
S0193,J022,3,semi_urban,0.3031,0.1248,0,0,0
S0194,J000,1,urban,0.5016,0.5016,0,0,0
S0194,J014,1,urban,0.3407,0.3407,0,0,0
S0194,J027,1,urban,0.5494,0.5494,0,0,0
S0194,J028,1,urban,0.777,0.777,1,1,0
S0194,J029,1,urban,0.5834,0.5834,0,0,0
S0195,J000,1,urban,0.5023,0.5023,0,0,0
S0195,J004,1,urban,0.3281,0.3281,0,0,0
S0195,J009,1,urban,0.3574,0.3574,0,0,0
S0195,J011,1,urban,0.7245,0.7245,1,1,0
S0195,J015,1,urban,0.5562,0.5562,0,0,0
S0195,J017,1,urban,0.4027,0.4027,0,0,0
S0195,J018,1,urban,0.6337,0.6337,1,1,0
S0195,J019,1,urban,0.3669,0.3669,0,0,0
S0195,J020,1,urban,0.4589,0.4589,0,0,0
S0195,J022,1,urban,0.4125,0.4125,0,0,0
S0195,J025,1,urban,0.3172,0.3172,0,0,0
S0196,J010,2,semi_urban,0.295,0.295,0,0,0
S0196,J011,2,semi_urban,0.625,0.625,1,1,0
S0196,J021,2,semi_urban,0.4296,0.4296,0,0,0
S0196,J023,2,semi_urban,0.3818,0.3818,0,0,0
S0197,J004,3,semi_urban,0.2703,0.0871,0,0,0
S0197,J006,3,semi_urban,0.3384,0.1235,0,0,0
S0197,J010,3,semi_urban,0.1872,0.0,0,0,0
S0198,J007,1,rural,0.5171,0.4379,0,0,0
S0198,J008,1,rural,0.6289,0.5373,1,0,1
S0198,J009,1,rural,0.4767,0.3829,0,0,0
S0198,J011,1,rural,0.897,0.8214,1,1,0
S0198,J014,1,rural,0.3941,0.3223,0,0,0
S0198,J017,1,rural,0.6665,0.5886,1,0,1
S0198,J024,1,rural,0.7401,0.6653,1,1,0
S0198,J029,1,rural,0.681,0.5968,1,0,1
S0199,J004,2,semi_urban,0.3105,0.3105,0,0,0
S0199,J010,2,semi_urban,0.3814,0.3814,0,0,0
S0199,J014,2,semi_urban,0.28,0.28,0,0,0
S0199,J018,2,semi_urban,0.704,0.704,1,1,0
S0199,J021,2,semi_urban,0.4554,0.4554,0,0,0
S0199,J027,2,semi_urban,0.3869,0.3869,0,0,0
S0199,J029,2,semi_urban,0.5144,0.5144,0,0,0
S0200,J000,3,urban,0.245,0.053,0,0,0
S0200,J001,3,urban,0.3872,0.2476,0,0,0
S0200,J007,3,urban,0.1606,0.0,0,0,0
S0200,J011,3,urban,0.6033,0.4675,0,0,0
S0200,J012,3,urban,0.4127,0.2778,0,0,0
S0200,J028,3,urban,0.5906,0.4052,0,0,0
S0201,J005,3,semi_urban,0.4527,0.2951,0,0,0
S0201,J016,3,semi_urban,0.6117,0.4195,0,0,0
S0201,J018,3,semi_urban,0.5476,0.4132,0,0,0
S0201,J027,3,semi_urban,0.2572,0.0999,0,0,0
S0202,J003,2,rural,0.5102,0.4164,0,0,0
S0202,J006,2,rural,0.4927,0.4114,0,0,0
S0202,J007,2,rural,0.3521,0.2606,0,0,0
S0202,J009,2,rural,0.3362,0.2438,0,0,0
S0202,J018,2,rural,0.7258,0.6463,1,1,0
S0203,J001,1,semi_urban,0.8186,0.8186,1,1,0
S0203,J005,1,semi_urban,0.643,0.643,1,1,0
S0203,J007,1,semi_urban,0.4375,0.4375,0,0,0
S0203,J010,1,semi_urban,0.5497,0.5497,0,0,0
S0203,J011,1,semi_urban,0.8411,0.8411,1,1,0
S0203,J017,1,semi_urban,0.7096,0.7096,1,1,0
S0203,J019,1,semi_urban,0.6141,0.6141,0,0,0
S0203,J023,1,semi_urban,0.6662,0.6662,1,1,0
S0203,J025,1,semi_urban,0.4945,0.4945,0,0,0
S0204,J009,1,rural,0.2288,0.1424,0,0,0
S0204,J013,1,rural,0.4048,0.31,0,0,0
S0204,J015,1,rural,0.5977,0.5187,0,0,0
S0205,J006,1,semi_urban,0.4391,0.4391,0,0,0
S0205,J013,1,semi_urban,0.4244,0.4244,0,0,0
S0206,J003,1,rural,0.7465,0.6822,1,1,0
S0206,J006,1,rural,0.6253,0.529,1,0,1
S0206,J014,1,rural,0.4723,0.4018,0,0,0
S0206,J024,1,rural,0.6817,0.5987,1,0,1
S0207,J003,2,urban,0.4129,0.4129,0,0,0
S0207,J004,2,urban,0.421,0.421,0,0,0
S0207,J008,2,urban,0.5006,0.5006,0,0,0
S0207,J021,2,urban,0.3164,0.3164,0,0,0
S0207,J026,2,urban,0.3056,0.3056,0,0,0
S0208,J000,1,semi_urban,0.3678,0.3678,0,0,0
S0208,J027,1,semi_urban,0.2975,0.2975,0,0,0
S0209,J000,2,urban,0.586,0.586,0,0,0
S0209,J001,2,urban,0.668,0.668,1,1,0
S0209,J006,2,urban,0.4312,0.4312,0,0,0
S0209,J011,2,urban,0.7537,0.7537,1,1,0
S0209,J020,2,urban,0.5398,0.5398,0,0,0
S0209,J026,2,urban,0.3735,0.3735,0,0,0
S0209,J027,2,urban,0.4552,0.4552,0,0,0
S0210,J008,2,semi_urban,0.5126,0.5126,0,0,0
S0210,J011,2,semi_urban,0.8179,0.8179,1,1,0
S0210,J013,2,semi_urban,0.5122,0.5122,0,0,0
S0210,J015,2,semi_urban,0.5644,0.5644,0,0,0
S0210,J018,2,semi_urban,0.6829,0.6829,1,1,0
S0210,J022,2,semi_urban,0.4706,0.4706,0,0,0
S0210,J027,2,semi_urban,0.4473,0.4473,0,0,0
S0211,J010,2,semi_urban,0.237,0.237,0,0,0
S0211,J020,2,semi_urban,0.363,0.363,0,0,0
S0211,J029,2,semi_urban,0.3734,0.3734,0,0,0
S0212,J008,1,rural,0.6191,0.5372,0,0,0
S0212,J013,1,rural,0.5759,0.4766,0,0,0
S0212,J018,1,rural,0.7527,0.6566,1,1,0
S0212,J023,1,rural,0.6832,0.6025,1,0,1
S0212,J024,1,rural,0.5666,0.495,0,0,0
S0212,J027,1,rural,0.4706,0.3814,0,0,0
S0212,J028,1,rural,0.8274,0.7427,1,1,0
S0213,J001,3,rural,0.5155,0.2858,0,0,0
S0213,J005,3,rural,0.5212,0.2657,0,0,0
S0213,J010,3,rural,0.2734,0.0036,0,0,0
S0213,J011,3,rural,0.6653,0.4113,1,0,1
S0213,J012,3,rural,0.5646,0.2711,0,0,0
S0213,J013,3,rural,0.3957,0.076,0,0,0
S0213,J017,3,rural,0.408,0.1682,0,0,0
S0213,J023,3,rural,0.4486,0.2289,0,0,0
S0213,J024,3,rural,0.5092,0.2043,0,0,0
S0214,J000,3,urban,0.4,0.1993,0,0,0
S0214,J001,3,urban,0.4574,0.2527,0,0,0
S0214,J003,3,urban,0.4212,0.2574,0,0,0
S0214,J008,3,urban,0.4332,0.2808,0,0,0
S0214,J010,3,urban,0.2221,0.0072,0,0,0
S0214,J017,3,urban,0.4384,0.2285,0,0,0
S0214,J024,3,urban,0.3942,0.1742,0,0,0
S0215,J003,3,semi_urban,0.4572,0.2385,0,0,0
S0215,J007,3,semi_urban,0.3656,0.1764,0,0,0
S0215,J015,3,semi_urban,0.4775,0.2684,0,0,0
S0215,J017,3,semi_urban,0.4722,0.2723,0,0,0
S0215,J019,3,semi_urban,0.3999,0.2285,0,0,0
S0215,J023,3,semi_urban,0.3262,0.1474,0,0,0
S0215,J026,3,semi_urban,0.3657,0.1795,0,0,0
S0215,J028,3,semi_urban,0.6418,0.4783,1,0,1
S0216,J001,1,semi_urban,0.5121,0.5121,0,0,0
S0216,J003,1,semi_urban,0.4147,0.4147,0,0,0
S0216,J008,1,semi_urban,0.5438,0.5438,0,0,0
S0216,J010,1,semi_urban,0.427,0.427,0,0,0
S0216,J012,1,semi_urban,0.5208,0.5208,0,0,0
S0216,J013,1,semi_urban,0.3351,0.3351,0,0,0
S0216,J014,1,semi_urban,0.3805,0.3805,0,0,0
S0216,J024,1,semi_urban,0.4449,0.4449,0,0,0
S0216,J029,1,semi_urban,0.5035,0.5035,0,0,0
S0217,J004,1,urban,0.531,0.531,0,0,0
S0217,J007,1,urban,0.4016,0.4016,0,0,0
S0217,J012,1,urban,0.5651,0.5651,0,0,0
S0217,J015,1,urban,0.7731,0.7731,1,1,0
S0217,J017,1,urban,0.6638,0.6638,1,1,0
S0217,J019,1,urban,0.5334,0.5334,0,0,0
S0217,J022,1,urban,0.4421,0.4421,0,0,0
S0217,J027,1,urban,0.5469,0.5469,0,0,0
S0218,J001,3,urban,0.3937,0.2406,0,0,0
S0218,J005,3,urban,0.4268,0.2481,0,0,0
S0218,J011,3,urban,0.596,0.4263,0,0,0
S0218,J018,3,urban,0.5663,0.3883,0,0,0
S0219,J001,2,urban,0.5336,0.5336,0,0,0
S0219,J007,2,urban,0.3155,0.3155,0,0,0
S0219,J008,2,urban,0.54,0.54,0,0,0
S0219,J011,2,urban,0.6903,0.6903,1,1,0
S0219,J012,2,urban,0.5171,0.5171,0,0,0
S0219,J018,2,urban,0.6143,0.6143,0,0,0
S0219,J024,2,urban,0.4418,0.4418,0,0,0
S0220,J001,2,semi_urban,0.5441,0.5441,0,0,0
S0220,J003,2,semi_urban,0.4955,0.4955,0,0,0
S0220,J004,2,semi_urban,0.4653,0.4653,0,0,0
S0220,J005,2,semi_urban,0.593,0.593,0,0,0
S0220,J008,2,semi_urban,0.4967,0.4967,0,0,0
S0220,J009,2,semi_urban,0.4059,0.4059,0,0,0
S0220,J011,2,semi_urban,0.72,0.72,1,1,0
S0220,J014,2,semi_urban,0.3114,0.3114,0,0,0
S0220,J015,2,semi_urban,0.5864,0.5864,0,0,0
S0220,J016,2,semi_urban,0.8173,0.8173,1,1,0
S0220,J027,2,semi_urban,0.5139,0.5139,0,0,0
S0220,J028,2,semi_urban,0.7244,0.7244,1,1,0
S0221,J000,2,urban,0.6263,0.6263,1,1,0
S0221,J003,2,urban,0.7096,0.7096,1,1,0
S0221,J015,2,urban,0.5754,0.5754,0,0,0
S0221,J022,2,urban,0.4313,0.4313,0,0,0
S0221,J023,2,urban,0.5542,0.5542,0,0,0
S0221,J029,2,urban,0.6072,0.6072,0,0,0
S0222,J011,2,rural,0.8725,0.8022,1,1,0
S0222,J015,2,rural,0.6267,0.5328,1,0,1
S0222,J020,2,rural,0.5622,0.4627,0,0,0
S0222,J026,2,rural,0.5437,0.4758,0,0,0
S0222,J027,2,rural,0.5531,0.4734,0,0,0
S0222,J029,2,rural,0.6725,0.5806,1,0,1
S0223,J006,3,urban,0.4904,0.3305,0,0,0
S0223,J013,3,urban,0.4832,0.3015,0,0,0
S0223,J022,3,urban,0.2901,0.1103,0,0,0
S0223,J029,3,urban,0.3814,0.214,0,0,0
S0224,J004,1,rural,0.5387,0.4623,0,0,0
S0224,J009,1,rural,0.3156,0.2223,0,0,0
S0224,J018,1,rural,0.8292,0.7403,1,1,0
S0224,J024,1,rural,0.4965,0.4194,0,0,0
S0224,J028,1,rural,0.8973,0.8056,1,1,0
S0225,J014,3,urban,0.0726,0.0,0,0,0
S0225,J015,3,urban,0.438,0.2286,0,0,0
S0225,J022,3,urban,0.2675,0.1161,0,0,0
S0225,J025,3,urban,0.3214,0.1356,0,0,0
S0226,J002,1,semi_urban,0.6642,0.6642,1,1,0
S0226,J005,1,semi_urban,0.7299,0.7299,1,1,0
S0226,J006,1,semi_urban,0.6732,0.6732,1,1,0
S0226,J012,1,semi_urban,0.6837,0.6837,1,1,0
S0226,J021,1,semi_urban,0.6062,0.6062,0,0,0
S0226,J023,1,semi_urban,0.6249,0.6249,1,1,0
S0226,J026,1,semi_urban,0.5913,0.5913,0,0,0
S0227,J007,2,urban,0.3177,0.3177,0,0,0
S0227,J011,2,urban,0.7478,0.7478,1,1,0
S0227,J012,2,urban,0.51,0.51,0,0,0
S0227,J013,2,urban,0.374,0.374,0,0,0
S0227,J017,2,urban,0.5154,0.5154,0,0,0
S0227,J020,2,urban,0.474,0.474,0,0,0
S0228,J009,2,semi_urban,0.2789,0.2789,0,0,0
S0228,J012,2,semi_urban,0.5145,0.5145,0,0,0
S0228,J013,2,semi_urban,0.4037,0.4037,0,0,0
S0228,J020,2,semi_urban,0.4831,0.4831,0,0,0
S0228,J028,2,semi_urban,0.6603,0.6603,1,1,0
S0229,J001,1,rural,0.7135,0.6223,1,1,0
S0229,J004,1,rural,0.5967,0.5327,0,0,0
S0229,J006,1,rural,0.6537,0.5738,1,0,1
S0229,J007,1,rural,0.4424,0.3452,0,0,0
S0229,J009,1,rural,0.5276,0.4387,0,0,0
S0229,J011,1,rural,0.9066,0.8188,1,1,0
S0229,J015,1,rural,0.7417,0.6673,1,1,0
S0229,J017,1,rural,0.7105,0.6458,1,1,0
S0229,J027,1,rural,0.4683,0.3843,0,0,0
S0230,J000,1,rural,0.547,0.4819,0,0,0
S0230,J007,1,rural,0.3535,0.2697,0,0,0
S0230,J009,1,rural,0.4033,0.3145,0,0,0
S0230,J011,1,rural,0.7681,0.7011,1,1,0
S0230,J014,1,rural,0.4348,0.3522,0,0,0
S0230,J018,1,rural,0.8124,0.7429,1,1,0
S0230,J019,1,rural,0.4738,0.3897,0,0,0
S0231,J004,2,rural,0.3826,0.3014,0,0,0
S0231,J017,2,rural,0.5351,0.4437,0,0,0
S0231,J023,2,rural,0.2978,0.1979,0,0,0
S0231,J025,2,rural,0.3797,0.294,0,0,0
S0232,J002,3,urban,0.47,0.3345,0,0,0
S0232,J005,3,urban,0.3611,0.2272,0,0,0
S0232,J016,3,urban,0.6424,0.4989,1,0,1
S0232,J024,3,urban,0.2851,0.0807,0,0,0
S0232,J029,3,urban,0.265,0.0802,0,0,0
S0233,J000,2,urban,0.568,0.568,0,0,0
S0233,J001,2,urban,0.6191,0.6191,0,0,0
S0233,J009,2,urban,0.3168,0.3168,0,0,0
S0233,J012,2,urban,0.5726,0.5726,0,0,0
S0233,J016,2,urban,0.6451,0.6451,1,1,0
S0233,J023,2,urban,0.4664,0.4664,0,0,0
S0233,J025,2,urban,0.3557,0.3557,0,0,0
S0234,J012,3,urban,0.392,0.2178,0,0,0
S0234,J019,3,urban,0.1825,0.0487,0,0,0
S0234,J020,3,urban,0.3891,0.2153,0,0,0
S0234,J023,3,urban,0.3343,0.134,0,0,0
S0234,J026,3,urban,0.2696,0.0553,0,0,0
S0234,J027,3,urban,0.2141,0.001,0,0,0
S0235,J002,3,urban,0.486,0.3437,0,0,0
S0235,J004,3,urban,0.2471,0.1036,0,0,0
S0235,J009,3,urban,0.2404,0.0975,0,0,0
S0235,J011,3,urban,0.6768,0.4668,1,0,1
S0235,J016,3,urban,0.5388,0.3683,0,0,0
S0235,J025,3,urban,0.3339,0.1868,0,0,0
S0235,J026,3,urban,0.2753,0.0686,0,0,0
S0235,J028,3,urban,0.6407,0.4843,1,0,1
S0236,J000,2,semi_urban,0.4995,0.4995,0,0,0
S0236,J007,2,semi_urban,0.3999,0.3999,0,0,0
S0236,J009,2,semi_urban,0.3546,0.3546,0,0,0
S0236,J015,2,semi_urban,0.5264,0.5264,0,0,0
S0236,J017,2,semi_urban,0.6517,0.6517,1,1,0
S0236,J024,2,semi_urban,0.4844,0.4844,0,0,0
S0236,J026,2,semi_urban,0.3936,0.3936,0,0,0
S0236,J027,2,semi_urban,0.4427,0.4427,0,0,0
S0237,J009,3,semi_urban,0.1394,0.0,0,0,0
S0237,J018,3,semi_urban,0.516,0.3628,0,0,0
S0237,J021,3,semi_urban,0.2872,0.1396,0,0,0
S0237,J023,3,semi_urban,0.286,0.0846,0,0,0
S0237,J026,3,semi_urban,0.1807,0.0177,0,0,0
S0238,J006,1,semi_urban,0.6494,0.6494,1,1,0
S0238,J013,1,semi_urban,0.6479,0.6479,1,1,0
S0238,J023,1,semi_urban,0.607,0.607,0,0,0
S0238,J024,1,semi_urban,0.7743,0.7743,1,1,0
S0239,J004,1,rural,0.5784,0.4986,0,0,0
S0239,J013,1,rural,0.5183,0.4449,0,0,0
S0239,J019,1,rural,0.5244,0.4502,0,0,0
S0239,J022,1,rural,0.5033,0.4204,0,0,0
S0240,J003,3,semi_urban,0.2367,0.0591,0,0,0
S0240,J005,3,semi_urban,0.3317,0.1533,0,0,0
S0240,J010,3,semi_urban,0.1348,0.0,0,0,0
S0240,J016,3,semi_urban,0.4145,0.1952,0,0,0
S0240,J021,3,semi_urban,0.1491,0.0043,0,0,0
S0240,J027,3,semi_urban,0.1839,0.0328,0,0,0
S0241,J001,3,rural,0.5582,0.2963,0,0,0
S0241,J002,3,rural,0.6751,0.4397,1,0,1
S0241,J006,3,rural,0.5726,0.2979,0,0,0
S0241,J022,3,rural,0.3985,0.1485,0,0,0
S0241,J027,3,rural,0.3386,0.0904,0,0,0
S0241,J029,3,rural,0.4559,0.1909,0,0,0
S0242,J000,1,urban,0.4611,0.4611,0,0,0
S0242,J001,1,urban,0.6355,0.6355,1,1,0
S0242,J002,1,urban,0.5766,0.5766,0,0,0
S0242,J005,1,urban,0.5436,0.5436,0,0,0
S0242,J011,1,urban,0.8326,0.8326,1,1,0
S0242,J015,1,urban,0.5379,0.5379,0,0,0
S0242,J018,1,urban,0.7897,0.7897,1,1,0
S0242,J023,1,urban,0.5246,0.5246,0,0,0
S0242,J025,1,urban,0.5361,0.5361,0,0,0
S0242,J028,1,urban,0.6375,0.6375,1,1,0
S0242,J029,1,urban,0.5767,0.5767,0,0,0
S0243,J003,2,urban,0.3218,0.3218,0,0,0
S0243,J006,2,urban,0.3466,0.3466,0,0,0
S0243,J010,2,urban,0.1994,0.1994,0,0,0
S0243,J011,2,urban,0.5765,0.5765,0,0,0
S0243,J022,2,urban,0.2088,0.2088,0,0,0
S0243,J023,2,urban,0.2583,0.2583,0,0,0
S0243,J029,2,urban,0.3839,0.3839,0,0,0
S0244,J001,2,semi_urban,0.4195,0.4195,0,0,0
S0244,J003,2,semi_urban,0.4364,0.4364,0,0,0
S0244,J004,2,semi_urban,0.3556,0.3556,0,0,0
S0244,J006,2,semi_urban,0.3471,0.3471,0,0,0
S0244,J007,2,semi_urban,0.1876,0.1876,0,0,0
S0244,J013,2,semi_urban,0.3406,0.3406,0,0,0
S0244,J023,2,semi_urban,0.3985,0.3985,0,0,0
S0244,J028,2,semi_urban,0.656,0.656,1,1,0
S0245,J002,3,rural,0.439,0.1596,0,0,0
S0245,J006,3,rural,0.189,0.0,0,0,0
S0245,J008,3,rural,0.3053,0.0102,0,0,0
S0245,J020,3,rural,0.278,0.0168,0,0,0
S0245,J023,3,rural,0.2441,0.0274,0,0,0
S0245,J027,3,rural,0.186,0.0,0,0,0
S0246,J003,2,urban,0.439,0.439,0,0,0
S0246,J009,2,urban,0.3564,0.3564,0,0,0
S0246,J015,2,urban,0.5441,0.5441,0,0,0
S0246,J023,2,urban,0.488,0.488,0,0,0
S0247,J007,2,semi_urban,0.3158,0.3158,0,0,0
S0247,J012,2,semi_urban,0.5382,0.5382,0,0,0
S0247,J019,2,semi_urban,0.3436,0.3436,0,0,0
S0247,J023,2,semi_urban,0.4188,0.4188,0,0,0
S0247,J026,2,semi_urban,0.3047,0.3047,0,0,0
S0247,J028,2,semi_urban,0.7044,0.7044,1,1,0
S0248,J000,2,semi_urban,0.4631,0.4631,0,0,0
S0248,J007,2,semi_urban,0.3347,0.3347,0,0,0
S0248,J014,2,semi_urban,0.2489,0.2489,0,0,0
S0248,J016,2,semi_urban,0.7246,0.7246,1,1,0
S0248,J023,2,semi_urban,0.4444,0.4444,0,0,0
S0248,J029,2,semi_urban,0.4295,0.4295,0,0,0
S0249,J001,2,urban,0.6067,0.6067,0,0,0
S0249,J002,2,urban,0.7137,0.7137,1,1,0
S0249,J005,2,urban,0.6575,0.6575,1,1,0
S0249,J007,2,urban,0.3849,0.3849,0,0,0
S0249,J012,2,urban,0.575,0.575,0,0,0
S0249,J014,2,urban,0.3819,0.3819,0,0,0
S0249,J016,2,urban,0.7429,0.7429,1,1,0
S0249,J017,2,urban,0.5702,0.5702,0,0,0
S0249,J018,2,urban,0.7778,0.7778,1,1,0
S0250,J003,2,urban,0.4887,0.4887,0,0,0
S0250,J005,2,urban,0.5416,0.5416,0,0,0
S0250,J006,2,urban,0.4967,0.4967,0,0,0
S0250,J007,2,urban,0.3259,0.3259,0,0,0
S0250,J018,2,urban,0.7557,0.7557,1,1,0
S0250,J021,2,urban,0.4404,0.4404,0,0,0
S0250,J024,2,urban,0.5706,0.5706,0,0,0
S0250,J026,2,urban,0.4188,0.4188,0,0,0
S0250,J029,2,urban,0.4724,0.4724,0,0,0
S0251,J000,3,rural,0.4537,0.2541,0,0,0
S0251,J002,3,rural,0.5184,0.2255,0,0,0
S0251,J003,3,rural,0.4724,0.2187,0,0,0
S0251,J005,3,rural,0.483,0.2859,0,0,0
S0251,J010,3,rural,0.168,0.0,0,0,0
S0251,J011,3,rural,0.6574,0.3596,1,0,1
S0251,J014,3,rural,0.2639,0.0,0,0,0
S0251,J016,3,rural,0.6449,0.4416,1,0,1
S0251,J023,3,rural,0.3607,0.0519,0,0,0
S0252,J000,2,semi_urban,0.4919,0.4919,0,0,0
S0252,J002,2,semi_urban,0.6368,0.6368,1,1,0
S0252,J004,2,semi_urban,0.4648,0.4648,0,0,0
S0252,J011,2,semi_urban,0.7811,0.7811,1,1,0
S0253,J001,1,urban,0.7041,0.7041,1,1,0
S0253,J005,1,urban,0.6935,0.6935,1,1,0
S0253,J006,1,urban,0.6322,0.6322,1,1,0
S0254,J000,1,rural,0.3556,0.2901,0,0,0
S0254,J002,1,rural,0.4902,0.3975,0,0,0
S0254,J003,1,rural,0.4364,0.344,0,0,0
S0254,J007,1,rural,0.2459,0.181,0,0,0
S0254,J014,1,rural,0.1086,0.0149,0,0,0
S0255,J000,3,urban,0.2024,0.0073,0,0,0
S0255,J012,3,urban,0.3581,0.2159,0,0,0
S0255,J018,3,urban,0.6377,0.4832,1,0,1
S0255,J024,3,urban,0.3361,0.1301,0,0,0
S0255,J025,3,urban,0.3054,0.1153,0,0,0
S0255,J027,3,urban,0.1927,0.0029,0,0,0
S0255,J029,3,urban,0.3387,0.1518,0,0,0
S0256,J000,3,rural,0.2035,0.0,0,0,0
S0256,J007,3,rural,0.0194,0.0,0,0,0
S0256,J011,3,rural,0.3865,0.1306,0,0,0
S0256,J025,3,rural,0.0748,0.0,0,0,0
S0257,J004,1,urban,0.4631,0.4631,0,0,0
S0257,J006,1,urban,0.5245,0.5245,0,0,0
S0257,J008,1,urban,0.6068,0.6068,0,0,0
S0257,J011,1,urban,0.8861,0.8861,1,1,0
S0257,J012,1,urban,0.625,0.625,1,1,0
S0257,J013,1,urban,0.5313,0.5313,0,0,0
S0257,J019,1,urban,0.5354,0.5354,0,0,0
S0257,J022,1,urban,0.3614,0.3614,0,0,0
S0257,J026,1,urban,0.5213,0.5213,0,0,0
S0257,J028,1,urban,0.8156,0.8156,1,1,0
S0258,J000,1,semi_urban,0.5412,0.5412,0,0,0
S0258,J020,1,semi_urban,0.6231,0.6231,1,1,0
S0258,J022,1,semi_urban,0.5147,0.5147,0,0,0
S0258,J027,1,semi_urban,0.4146,0.4146,0,0,0
S0259,J001,2,urban,0.7038,0.7038,1,1,0
S0259,J009,2,urban,0.487,0.487,0,0,0
S0259,J020,2,urban,0.6388,0.6388,1,1,0
S0260,J000,1,urban,0.5806,0.5806,0,0,0
S0260,J001,1,urban,0.7325,0.7325,1,1,0
S0260,J002,1,urban,0.812,0.812,1,1,0
S0260,J003,1,urban,0.7302,0.7302,1,1,0
S0260,J005,1,urban,0.8137,0.8137,1,1,0
S0260,J009,1,urban,0.4817,0.4817,0,0,0
S0260,J014,1,urban,0.5752,0.5752,0,0,0
S0260,J020,1,urban,0.6223,0.6223,1,1,0
S0260,J023,1,urban,0.6551,0.6551,1,1,0
S0260,J025,1,urban,0.5472,0.5472,0,0,0
S0261,J014,3,rural,0.2008,0.0,0,0,0
S0261,J029,3,rural,0.461,0.2274,0,0,0
S0262,J005,2,urban,0.5374,0.5374,0,0,0
S0262,J015,2,urban,0.4805,0.4805,0,0,0
S0262,J017,2,urban,0.4517,0.4517,0,0,0
S0262,J018,2,urban,0.5397,0.5397,0,0,0
S0262,J020,2,urban,0.3874,0.3874,0,0,0
S0262,J021,2,urban,0.3459,0.3459,0,0,0
S0262,J029,2,urban,0.4782,0.4782,0,0,0
S0263,J004,1,urban,0.5249,0.5249,0,0,0
S0263,J005,1,urban,0.6831,0.6831,1,1,0
S0263,J007,1,urban,0.3713,0.3713,0,0,0
S0263,J018,1,urban,0.853,0.853,1,1,0
S0263,J026,1,urban,0.4851,0.4851,0,0,0
S0263,J029,1,urban,0.6234,0.6234,1,1,0
S0264,J000,3,urban,0.4221,0.2306,0,0,0
S0264,J001,3,urban,0.4083,0.2221,0,0,0
S0264,J002,3,urban,0.4397,0.278,0,0,0
S0264,J005,3,urban,0.4552,0.3155,0,0,0
S0264,J011,3,urban,0.5555,0.3584,0,0,0
S0264,J018,3,urban,0.4771,0.3244,0,0,0
S0264,J022,3,urban,0.166,0.0003,0,0,0
S0264,J025,3,urban,0.2148,0.0262,0,0,0
S0265,J005,1,semi_urban,0.7335,0.7335,1,1,0
S0265,J008,1,semi_urban,0.5836,0.5836,0,0,0
S0265,J012,1,semi_urban,0.6435,0.6435,1,1,0
S0265,J013,1,semi_urban,0.5167,0.5167,0,0,0
S0265,J026,1,semi_urban,0.3433,0.3433,0,0,0
S0265,J028,1,semi_urban,0.7839,0.7839,1,1,0
S0266,J000,1,rural,0.7242,0.6264,1,1,0
S0266,J006,1,rural,0.6783,0.6131,1,0,1
S0266,J015,1,rural,0.6851,0.6196,1,0,1
S0267,J000,1,rural,0.564,0.4822,0,0,0
S0267,J002,1,rural,0.667,0.5882,1,0,1
S0267,J010,1,rural,0.4276,0.3307,0,0,0
S0267,J011,1,rural,0.705,0.6227,1,1,0
S0267,J015,1,rural,0.686,0.6095,1,0,1
S0267,J016,1,rural,0.8061,0.721,1,1,0
S0267,J017,1,rural,0.5683,0.4982,0,0,0
S0267,J020,1,rural,0.6576,0.5609,1,0,1
S0267,J021,1,rural,0.5077,0.4273,0,0,0
S0267,J022,1,rural,0.3581,0.2887,0,0,0
S0267,J026,1,rural,0.3422,0.2476,0,0,0
S0267,J029,1,rural,0.5661,0.4873,0,0,0
S0268,J002,1,urban,0.7836,0.7836,1,1,0
S0268,J019,1,urban,0.6362,0.6362,1,1,0
S0268,J020,1,urban,0.7047,0.7047,1,1,0
S0268,J025,1,urban,0.6218,0.6218,1,1,0
S0269,J005,1,urban,0.6734,0.6734,1,1,0
S0269,J008,1,urban,0.7089,0.7089,1,1,0
S0269,J011,1,urban,0.8146,0.8146,1,1,0
S0269,J019,1,urban,0.6238,0.6238,1,1,0
S0269,J021,1,urban,0.6127,0.6127,0,0,0
S0269,J027,1,urban,0.5614,0.5614,0,0,0
S0270,J001,1,urban,0.5378,0.5378,0,0,0
S0270,J003,1,urban,0.5632,0.5632,0,0,0
S0270,J005,1,urban,0.5808,0.5808,0,0,0
S0270,J008,1,urban,0.493,0.493,0,0,0
S0270,J016,1,urban,0.6495,0.6495,1,1,0
S0270,J022,1,urban,0.3668,0.3668,0,0,0
S0270,J025,1,urban,0.3275,0.3275,0,0,0
S0270,J029,1,urban,0.39,0.39,0,0,0
S0271,J007,1,semi_urban,0.4372,0.4372,0,0,0
S0271,J012,1,semi_urban,0.7314,0.7314,1,1,0
S0271,J013,1,semi_urban,0.6442,0.6442,1,1,0
S0271,J018,1,semi_urban,0.9079,0.9079,1,1,0
S0271,J021,1,semi_urban,0.6518,0.6518,1,1,0
S0271,J023,1,semi_urban,0.5638,0.5638,0,0,0
S0272,J015,1,rural,0.6935,0.6205,1,1,0
S0272,J021,1,rural,0.6325,0.5514,1,0,1
S0272,J025,1,rural,0.5995,0.5068,0,0,0
S0273,J012,2,semi_urban,0.6046,0.6046,0,0,0
S0273,J021,2,semi_urban,0.371,0.371,0,0,0
S0274,J001,2,semi_urban,0.5214,0.5214,0,0,0
S0274,J004,2,semi_urban,0.2828,0.2828,0,0,0
S0274,J012,2,semi_urban,0.5344,0.5344,0,0,0
S0274,J013,2,semi_urban,0.3825,0.3825,0,0,0
S0274,J018,2,semi_urban,0.6271,0.6271,1,1,0
S0274,J021,2,semi_urban,0.3366,0.3366,0,0,0
S0274,J023,2,semi_urban,0.3923,0.3923,0,0,0
S0275,J001,2,urban,0.4495,0.4495,0,0,0
S0275,J002,2,urban,0.543,0.543,0,0,0
S0275,J003,2,urban,0.4364,0.4364,0,0,0
S0275,J005,2,urban,0.4887,0.4887,0,0,0
S0275,J006,2,urban,0.3472,0.3472,0,0,0
S0275,J011,2,urban,0.7078,0.7078,1,1,0
S0275,J013,2,urban,0.3718,0.3718,0,0,0
S0275,J023,2,urban,0.3937,0.3937,0,0,0
S0275,J029,2,urban,0.4139,0.4139,0,0,0
S0276,J002,2,rural,0.5642,0.4907,0,0,0
S0276,J003,2,rural,0.4241,0.3263,0,0,0
S0276,J005,2,rural,0.5484,0.4541,0,0,0
S0276,J008,2,rural,0.3503,0.272,0,0,0
S0276,J026,2,rural,0.2012,0.1317,0,0,0
S0276,J029,2,rural,0.3889,0.3209,0,0,0
S0277,J003,2,urban,0.5608,0.5608,0,0,0
S0277,J007,2,urban,0.3398,0.3398,0,0,0
S0277,J015,2,urban,0.5984,0.5984,0,0,0
S0277,J017,2,urban,0.5143,0.5143,0,0,0
S0277,J022,2,urban,0.3091,0.3091,0,0,0
S0277,J027,2,urban,0.27,0.27,0,0,0
S0277,J029,2,urban,0.522,0.522,0,0,0
S0278,J002,3,urban,0.4111,0.2639,0,0,0
S0278,J003,3,urban,0.3584,0.1443,0,0,0
S0278,J008,3,urban,0.2828,0.1186,0,0,0
S0278,J015,3,urban,0.3138,0.1209,0,0,0
S0278,J024,3,urban,0.2943,0.1596,0,0,0
S0279,J001,3,urban,0.5078,0.3233,0,0,0
S0279,J006,3,urban,0.3774,0.168,0,0,0
S0279,J010,3,urban,0.3755,0.226,0,0,0
S0279,J011,3,urban,0.6689,0.5052,1,0,1
S0279,J016,3,urban,0.6135,0.4674,0,0,0
S0279,J022,3,urban,0.2841,0.1129,0,0,0
S0280,J000,1,urban,0.4348,0.4348,0,0,0
S0280,J010,1,urban,0.459,0.459,0,0,0
S0280,J015,1,urban,0.49,0.49,0,0,0
S0280,J023,1,urban,0.3264,0.3264,0,0,0
S0280,J024,1,urban,0.502,0.502,0,0,0
S0281,J000,1,urban,0.6324,0.6324,1,1,0
S0281,J002,1,urban,0.6771,0.6771,1,1,0
S0281,J003,1,urban,0.602,0.602,0,0,0
S0281,J005,1,urban,0.7098,0.7098,1,1,0
S0281,J017,1,urban,0.5595,0.5595,0,0,0
S0281,J022,1,urban,0.4243,0.4243,0,0,0
S0281,J023,1,urban,0.5174,0.5174,0,0,0
S0282,J006,1,urban,0.6569,0.6569,1,1,0
S0282,J013,1,urban,0.5131,0.5131,0,0,0
S0282,J014,1,urban,0.353,0.353,0,0,0
S0282,J015,1,urban,0.6021,0.6021,0,0,0
S0282,J017,1,urban,0.6555,0.6555,1,1,0
S0282,J022,1,urban,0.4517,0.4517,0,0,0
S0282,J025,1,urban,0.5597,0.5597,0,0,0
S0283,J011,1,urban,0.9658,0.9658,1,1,0
S0283,J017,1,urban,0.8778,0.8778,1,1,0
S0283,J023,1,urban,0.7407,0.7407,1,1,0
S0283,J028,1,urban,1.0,1.0,1,1,0
S0284,J004,2,semi_urban,0.1742,0.1742,0,0,0
S0284,J007,2,semi_urban,0.2608,0.2608,0,0,0
S0284,J015,2,semi_urban,0.4299,0.4299,0,0,0
S0284,J017,2,semi_urban,0.3855,0.3855,0,0,0
S0284,J019,2,semi_urban,0.2853,0.2853,0,0,0
S0284,J020,2,semi_urban,0.4218,0.4218,0,0,0
S0284,J022,2,semi_urban,0.2312,0.2312,0,0,0
S0285,J000,2,urban,0.5124,0.5124,0,0,0
S0285,J001,2,urban,0.7119,0.7119,1,1,0
S0285,J005,2,urban,0.7768,0.7768,1,1,0
S0285,J010,2,urban,0.5992,0.5992,0,0,0
S0285,J019,2,urban,0.5061,0.5061,0,0,0
S0285,J024,2,urban,0.5694,0.5694,0,0,0
S0286,J000,1,urban,0.5486,0.5486,0,0,0
S0286,J006,1,urban,0.6925,0.6925,1,1,0
S0286,J011,1,urban,0.8895,0.8895,1,1,0
S0286,J012,1,urban,0.6367,0.6367,1,1,0
S0286,J019,1,urban,0.5656,0.5656,0,0,0
S0286,J021,1,urban,0.5976,0.5976,0,0,0
S0286,J022,1,urban,0.4292,0.4292,0,0,0
S0286,J026,1,urban,0.4553,0.4553,0,0,0
S0287,J000,2,rural,0.5233,0.4321,0,0,0
S0287,J009,2,rural,0.2837,0.2112,0,0,0
S0287,J017,2,rural,0.4548,0.3609,0,0,0
S0287,J018,2,rural,0.7526,0.6692,1,1,0
S0287,J019,2,rural,0.4357,0.3564,0,0,0
S0287,J020,2,rural,0.5704,0.4768,0,0,0
S0287,J026,2,rural,0.4533,0.3812,0,0,0
S0287,J028,2,rural,0.6983,0.6051,1,0,1
S0288,J001,2,semi_urban,0.5982,0.5982,0,0,0
S0288,J002,2,semi_urban,0.4893,0.4893,0,0,0
S0288,J007,2,semi_urban,0.2199,0.2199,0,0,0
S0288,J016,2,semi_urban,0.6629,0.6629,1,1,0
S0288,J018,2,semi_urban,0.679,0.679,1,1,0
S0288,J026,2,semi_urban,0.4777,0.4777,0,0,0
S0288,J029,2,semi_urban,0.4629,0.4629,0,0,0
S0289,J001,1,semi_urban,0.7022,0.7022,1,1,0
S0289,J003,1,semi_urban,0.6374,0.6374,1,1,0
S0289,J007,1,semi_urban,0.485,0.485,0,0,0
S0289,J012,1,semi_urban,0.5832,0.5832,0,0,0
S0289,J015,1,semi_urban,0.7709,0.7709,1,1,0
S0289,J019,1,semi_urban,0.5333,0.5333,0,0,0
S0289,J022,1,semi_urban,0.5339,0.5339,0,0,0
S0289,J023,1,semi_urban,0.6303,0.6303,1,1,0
S0289,J026,1,semi_urban,0.4543,0.4543,0,0,0
S0289,J029,1,semi_urban,0.6466,0.6466,1,1,0
S0290,J004,3,urban,0.3063,0.1377,0,0,0
S0290,J008,3,urban,0.2902,0.1429,0,0,0
S0290,J009,3,urban,0.1814,0.0456,0,0,0
S0290,J011,3,urban,0.6182,0.4651,0,0,0
S0290,J018,3,urban,0.6074,0.4086,0,0,0
S0290,J027,3,urban,0.1835,0.0377,0,0,0
S0290,J029,3,urban,0.3619,0.1826,0,0,0
S0291,J008,1,rural,0.782,0.7029,1,1,0
S0291,J017,1,rural,0.8044,0.7284,1,1,0
S0291,J021,1,rural,0.5456,0.4794,0,0,0
S0291,J023,1,rural,0.7165,0.6513,1,1,0
S0291,J025,1,rural,0.6224,0.5355,1,0,1
S0292,J000,3,urban,0.2965,0.1594,0,0,0
S0292,J002,3,urban,0.3736,0.1688,0,0,0
S0292,J004,3,urban,0.3306,0.1938,0,0,0
S0292,J011,3,urban,0.5549,0.4167,0,0,0
S0292,J019,3,urban,0.2194,0.0317,0,0,0
S0292,J022,3,urban,0.2043,0.0393,0,0,0
S0292,J028,3,urban,0.5584,0.3534,0,0,0
S0293,J007,1,urban,0.5554,0.5554,0,0,0
S0293,J011,1,urban,0.9971,0.9971,1,1,0
S0293,J012,1,urban,0.8205,0.8205,1,1,0
S0293,J014,1,urban,0.5237,0.5237,0,0,0
S0293,J021,1,urban,0.6146,0.6146,0,0,0
S0293,J023,1,urban,0.6037,0.6037,0,0,0
S0293,J024,1,urban,0.6902,0.6902,1,1,0
S0294,J001,3,rural,0.4439,0.2031,0,0,0
S0294,J008,3,rural,0.4231,0.1844,0,0,0
S0294,J014,3,rural,0.1153,0.0,0,0,0
S0294,J017,3,rural,0.2732,0.0,0,0,0
S0294,J019,3,rural,0.2005,0.0027,0,0,0
S0294,J026,3,rural,0.2675,0.0114,0,0,0
S0295,J001,3,semi_urban,0.4578,0.2867,0,0,0
S0295,J010,3,semi_urban,0.2242,0.0611,0,0,0
S0295,J014,3,semi_urban,0.1519,0.0,0,0,0
S0295,J018,3,semi_urban,0.5781,0.4145,0,0,0
S0296,J004,3,semi_urban,0.1852,0.0,0,0,0
S0296,J005,3,semi_urban,0.3251,0.168,0,0,0
S0296,J011,3,semi_urban,0.4856,0.2873,0,0,0
S0296,J015,3,semi_urban,0.3154,0.0962,0,0,0
S0296,J019,3,semi_urban,0.1444,0.003,0,0,0
S0296,J022,3,semi_urban,0.0947,0.0,0,0,0
S0296,J028,3,semi_urban,0.594,0.4154,0,0,0
S0297,J001,3,semi_urban,0.594,0.411,0,0,0
S0297,J004,3,semi_urban,0.3176,0.159,0,0,0
S0297,J007,3,semi_urban,0.2089,0.0678,0,0,0
S0297,J008,3,semi_urban,0.3955,0.2582,0,0,0
S0297,J015,3,semi_urban,0.444,0.3115,0,0,0
S0297,J018,3,semi_urban,0.62,0.4198,1,0,1
S0297,J024,3,semi_urban,0.5573,0.3628,0,0,0
S0297,J025,3,semi_urban,0.2796,0.1074,0,0,0
S0298,J000,3,semi_urban,0.4805,0.3464,0,0,0
S0298,J002,3,semi_urban,0.5782,0.3936,0,0,0
S0298,J006,3,semi_urban,0.5266,0.3489,0,0,0
S0298,J010,3,semi_urban,0.4271,0.2615,0,0,0
S0298,J018,3,semi_urban,0.6969,0.4954,1,0,1
S0299,J002,2,urban,0.5697,0.5697,0,0,0
S0299,J016,2,urban,0.6757,0.6757,1,1,0
S0299,J028,2,urban,0.7244,0.7244,1,1,0
S0299,J029,2,urban,0.4975,0.4975,0,0,0
S0300,J001,3,urban,0.4513,0.2928,0,0,0
S0300,J009,3,urban,0.1664,0.017,0,0,0
S0300,J016,3,urban,0.5573,0.3782,0,0,0
S0300,J018,3,urban,0.4462,0.296,0,0,0
S0300,J024,3,urban,0.3956,0.2062,0,0,0
S0301,J001,1,urban,0.55,0.55,0,0,0
S0301,J010,1,urban,0.3005,0.3005,0,0,0
S0301,J011,1,urban,0.609,0.609,0,0,0
S0301,J017,1,urban,0.4831,0.4831,0,0,0
S0301,J020,1,urban,0.5469,0.5469,0,0,0
S0301,J025,1,urban,0.3927,0.3927,0,0,0
S0301,J029,1,urban,0.5405,0.5405,0,0,0
S0302,J001,2,urban,0.6057,0.6057,0,0,0
S0302,J002,2,urban,0.4707,0.4707,0,0,0
S0302,J014,2,urban,0.3318,0.3318,0,0,0
S0302,J019,2,urban,0.3537,0.3537,0,0,0
S0302,J020,2,urban,0.4523,0.4523,0,0,0
S0302,J027,2,urban,0.2513,0.2513,0,0,0
S0303,J002,2,rural,0.5468,0.4748,0,0,0
S0303,J006,2,rural,0.4085,0.3097,0,0,0
S0303,J013,2,rural,0.3202,0.2229,0,0,0
S0303,J015,2,rural,0.4365,0.3549,0,0,0
S0303,J019,2,rural,0.199,0.1006,0,0,0
S0303,J021,2,rural,0.2556,0.1586,0,0,0
S0303,J029,2,rural,0.2928,0.2102,0,0,0
S0304,J006,3,urban,0.3272,0.1688,0,0,0
S0304,J008,3,urban,0.3419,0.141,0,0,0
S0304,J010,3,urban,0.1577,0.0112,0,0,0
S0304,J011,3,urban,0.4643,0.2576,0,0,0
S0304,J014,3,urban,0.1195,0.0,0,0,0
S0304,J017,3,urban,0.2174,0.0605,0,0,0
S0304,J018,3,urban,0.4775,0.3394,0,0,0
S0304,J023,3,urban,0.2223,0.0433,0,0,0
S0305,J003,2,semi_urban,0.477,0.477,0,0,0
S0305,J006,2,semi_urban,0.5063,0.5063,0,0,0
S0305,J009,2,semi_urban,0.3983,0.3983,0,0,0
S0305,J017,2,semi_urban,0.5131,0.5131,0,0,0
S0306,J006,2,semi_urban,0.5391,0.5391,0,0,0
S0306,J008,2,semi_urban,0.6688,0.6688,1,1,0
S0306,J010,2,semi_urban,0.4509,0.4509,0,0,0
S0306,J011,2,semi_urban,0.8408,0.8408,1,1,0
S0306,J015,2,semi_urban,0.7313,0.7313,1,1,0
S0306,J017,2,semi_urban,0.6141,0.6141,0,0,0
S0307,J002,2,semi_urban,0.8637,0.8637,1,1,0
S0307,J008,2,semi_urban,0.7961,0.7961,1,1,0
S0307,J011,2,semi_urban,0.8682,0.8682,1,1,0
S0307,J013,2,semi_urban,0.7839,0.7839,1,1,0
S0307,J016,2,semi_urban,0.9001,0.9001,1,1,0
S0307,J017,2,semi_urban,0.7947,0.7947,1,1,0
S0307,J019,2,semi_urban,0.6127,0.6127,0,0,0
S0307,J022,2,semi_urban,0.544,0.544,0,0,0
S0307,J023,2,semi_urban,0.6368,0.6368,1,1,0
S0308,J008,1,urban,0.5439,0.5439,0,0,0
S0308,J022,1,urban,0.4189,0.4189,0,0,0
S0308,J027,1,urban,0.4345,0.4345,0,0,0
S0309,J001,1,urban,0.8712,0.8712,1,1,0
S0309,J008,1,urban,0.7357,0.7357,1,1,0
S0309,J011,1,urban,0.9238,0.9238,1,1,0
S0309,J017,1,urban,0.7146,0.7146,1,1,0
S0309,J025,1,urban,0.6691,0.6691,1,1,0
S0309,J026,1,urban,0.5539,0.5539,0,0,0
S0309,J029,1,urban,0.7825,0.7825,1,1,0
S0310,J004,2,rural,0.3856,0.3209,0,0,0
S0310,J010,2,rural,0.3409,0.2666,0,0,0
S0310,J018,2,rural,0.7181,0.6377,1,1,0
S0310,J019,2,rural,0.4406,0.3416,0,0,0
S0310,J023,2,rural,0.5405,0.4779,0,0,0
S0310,J025,2,rural,0.3979,0.329,0,0,0
S0311,J006,2,semi_urban,0.3906,0.3906,0,0,0
S0311,J007,2,semi_urban,0.2703,0.2703,0,0,0
S0311,J009,2,semi_urban,0.315,0.315,0,0,0
S0311,J011,2,semi_urban,0.7122,0.7122,1,1,0
S0311,J014,2,semi_urban,0.2921,0.2921,0,0,0
S0311,J017,2,semi_urban,0.4534,0.4534,0,0,0
S0311,J019,2,semi_urban,0.4059,0.4059,0,0,0
S0311,J026,2,semi_urban,0.4292,0.4292,0,0,0
S0312,J001,1,rural,0.7711,0.6812,1,1,0
S0312,J008,1,rural,0.5925,0.5283,0,0,0
S0312,J009,1,rural,0.4071,0.3389,0,0,0
S0312,J023,1,rural,0.5289,0.461,0,0,0
S0312,J025,1,rural,0.6324,0.5466,1,0,1
S0312,J027,1,rural,0.5069,0.4232,0,0,0
S0313,J007,2,rural,0.3607,0.2666,0,0,0
S0313,J020,2,rural,0.4134,0.3444,0,0,0
S0313,J022,2,rural,0.3507,0.2606,0,0,0
S0313,J023,2,rural,0.4726,0.3845,0,0,0
S0313,J027,2,rural,0.2907,0.1936,0,0,0
S0313,J029,2,rural,0.4887,0.4145,0,0,0
S0314,J000,2,semi_urban,0.396,0.396,0,0,0
S0314,J004,2,semi_urban,0.4288,0.4288,0,0,0
S0314,J006,2,semi_urban,0.4434,0.4434,0,0,0
S0314,J019,2,semi_urban,0.4077,0.4077,0,0,0
S0314,J026,2,semi_urban,0.4372,0.4372,0,0,0
S0314,J028,2,semi_urban,0.7243,0.7243,1,1,0
S0315,J005,2,urban,0.4724,0.4724,0,0,0
S0315,J009,2,urban,0.2558,0.2558,0,0,0
S0315,J016,2,urban,0.7549,0.7549,1,1,0
S0315,J021,2,urban,0.385,0.385,0,0,0
S0316,J002,2,semi_urban,0.4276,0.4276,0,0,0
S0316,J010,2,semi_urban,0.3436,0.3436,0,0,0
S0316,J021,2,semi_urban,0.216,0.216,0,0,0
S0316,J024,2,semi_urban,0.3261,0.3261,0,0,0
S0316,J028,2,semi_urban,0.7137,0.7137,1,1,0
S0317,J004,2,urban,0.293,0.293,0,0,0
S0318,J000,1,semi_urban,0.6451,0.6451,1,1,0
S0318,J009,1,semi_urban,0.5139,0.5139,0,0,0
S0318,J013,1,semi_urban,0.662,0.662,1,1,0
S0318,J020,1,semi_urban,0.7405,0.7405,1,1,0
S0318,J022,1,semi_urban,0.4621,0.4621,0,0,0
S0319,J003,3,rural,0.3658,0.13,0,0,0
S0319,J006,3,rural,0.316,0.016,0,0,0
S0319,J008,3,rural,0.3673,0.1587,0,0,0
S0319,J009,3,rural,0.1973,0.0,0,0,0
S0319,J018,3,rural,0.5434,0.3315,0,0,0
S0319,J021,3,rural,0.2188,0.0007,0,0,0
S0319,J022,3,rural,0.2262,0.0,0,0,0
S0319,J023,3,rural,0.2891,0.047,0,0,0
S0319,J026,3,rural,0.29,0.0842,0,0,0
S0319,J029,3,rural,0.4114,0.1971,0,0,0
S0320,J001,3,semi_urban,0.4087,0.189,0,0,0
S0320,J005,3,semi_urban,0.4448,0.2879,0,0,0
S0320,J024,3,semi_urban,0.268,0.0865,0,0,0
S0320,J028,3,semi_urban,0.5544,0.3385,0,0,0
S0321,J003,2,urban,0.4153,0.4153,0,0,0
S0321,J008,2,urban,0.4899,0.4899,0,0,0
S0321,J015,2,urban,0.6184,0.6184,0,0,0
S0321,J019,2,urban,0.315,0.315,0,0,0
S0321,J022,2,urban,0.3401,0.3401,0,0,0
S0321,J028,2,urban,0.7703,0.7703,1,1,0
S0322,J005,2,urban,0.6994,0.6994,1,1,0
S0322,J010,2,urban,0.4495,0.4495,0,0,0
S0322,J015,2,urban,0.7243,0.7243,1,1,0
S0322,J016,2,urban,0.7859,0.7859,1,1,0
S0322,J018,2,urban,0.7807,0.7807,1,1,0
S0322,J026,2,urban,0.4106,0.4106,0,0,0
S0322,J028,2,urban,0.7928,0.7928,1,1,0
S0323,J012,2,rural,0.5037,0.4338,0,0,0
S0323,J013,2,rural,0.4785,0.4101,0,0,0
S0323,J015,2,rural,0.5238,0.4323,0,0,0
S0323,J016,2,rural,0.6873,0.6198,1,0,1
S0323,J023,2,rural,0.4997,0.4178,0,0,0
S0324,J007,3,urban,0.1629,0.023,0,0,0
S0324,J008,3,urban,0.2582,0.1012,0,0,0
S0324,J011,3,urban,0.6917,0.481,1,0,1
S0324,J017,3,urban,0.275,0.0857,0,0,0
S0324,J022,3,urban,0.1786,0.0244,0,0,0
S0324,J025,3,urban,0.2458,0.0525,0,0,0
S0324,J027,3,urban,0.1734,0.0137,0,0,0
S0325,J000,2,urban,0.5935,0.5935,0,0,0
S0325,J006,2,urban,0.5788,0.5788,0,0,0
S0325,J009,2,urban,0.4451,0.4451,0,0,0
S0325,J019,2,urban,0.4954,0.4954,0,0,0
S0325,J027,2,urban,0.4569,0.4569,0,0,0
S0326,J016,3,urban,0.7855,0.6425,1,1,0
S0326,J024,3,urban,0.5358,0.3967,0,0,0
S0327,J002,2,urban,0.6298,0.6298,1,1,0
S0327,J007,2,urban,0.2941,0.2941,0,0,0
S0327,J009,2,urban,0.356,0.356,0,0,0
S0327,J010,2,urban,0.4438,0.4438,0,0,0
S0327,J012,2,urban,0.5885,0.5885,0,0,0
S0327,J015,2,urban,0.7116,0.7116,1,1,0
S0327,J018,2,urban,0.7282,0.7282,1,1,0
S0327,J020,2,urban,0.5359,0.5359,0,0,0
S0328,J003,2,urban,0.5539,0.5539,0,0,0
S0328,J005,2,urban,0.6311,0.6311,1,1,0
S0328,J010,2,urban,0.4716,0.4716,0,0,0
S0328,J012,2,urban,0.7054,0.7054,1,1,0
S0328,J018,2,urban,0.7565,0.7565,1,1,0
S0328,J020,2,urban,0.5688,0.5688,0,0,0
S0328,J021,2,urban,0.4348,0.4348,0,0,0
S0328,J029,2,urban,0.5312,0.5312,0,0,0
S0329,J011,1,semi_urban,1.0,1.0,1,1,0
S0329,J015,1,semi_urban,0.7782,0.7782,1,1,0
S0329,J017,1,semi_urban,0.7158,0.7158,1,1,0
S0329,J021,1,semi_urban,0.6657,0.6657,1,1,0
S0329,J023,1,semi_urban,0.6857,0.6857,1,1,0
S0329,J024,1,semi_urban,0.6944,0.6944,1,1,0
S0329,J025,1,semi_urban,0.6318,0.6318,1,1,0
S0329,J028,1,semi_urban,0.9397,0.9397,1,1,0
S0330,J000,3,urban,0.4477,0.2502,0,0,0
S0330,J001,3,urban,0.5507,0.3477,0,0,0
S0330,J002,3,urban,0.5717,0.4128,0,0,0
S0330,J006,3,urban,0.4333,0.2739,0,0,0
S0330,J018,3,urban,0.7269,0.5293,1,0,1
S0330,J025,3,urban,0.3802,0.1754,0,0,0
S0330,J029,3,urban,0.4644,0.264,0,0,0
S0331,J011,1,urban,0.8405,0.8405,1,1,0
S0331,J021,1,urban,0.64,0.64,1,1,0
S0331,J022,1,urban,0.5478,0.5478,0,0,0
S0331,J026,1,urban,0.5056,0.5056,0,0,0
S0331,J028,1,urban,0.9106,0.9106,1,1,0
S0332,J015,2,urban,0.6799,0.6799,1,1,0
S0332,J018,2,urban,0.7984,0.7984,1,1,0
S0332,J019,2,urban,0.4339,0.4339,0,0,0
S0332,J021,2,urban,0.4223,0.4223,0,0,0
S0332,J027,2,urban,0.3526,0.3526,0,0,0
S0333,J006,3,urban,0.3723,0.2011,0,0,0
S0333,J010,3,urban,0.2928,0.1337,0,0,0
S0333,J011,3,urban,0.6081,0.4499,0,0,0
S0333,J019,3,urban,0.3713,0.2144,0,0,0
S0333,J029,3,urban,0.3995,0.2093,0,0,0
S0334,J006,1,urban,0.4906,0.4906,0,0,0
S0334,J008,1,urban,0.5054,0.5054,0,0,0
S0334,J009,1,urban,0.3016,0.3016,0,0,0
S0334,J025,1,urban,0.3092,0.3092,0,0,0
S0334,J028,1,urban,0.7356,0.7356,1,1,0
S0334,J029,1,urban,0.4616,0.4616,0,0,0
S0335,J006,2,semi_urban,0.6135,0.6135,0,0,0
S0335,J007,2,semi_urban,0.2593,0.2593,0,0,0
S0335,J008,2,semi_urban,0.5819,0.5819,0,0,0
S0335,J019,2,semi_urban,0.4192,0.4192,0,0,0
S0336,J003,1,urban,0.5467,0.5467,0,0,0
S0337,J002,3,urban,0.4568,0.2618,0,0,0
S0337,J017,3,urban,0.2789,0.0682,0,0,0
S0337,J023,3,urban,0.2752,0.0702,0,0,0
S0337,J024,3,urban,0.2958,0.0816,0,0,0
S0338,J002,1,urban,0.8342,0.8342,1,1,0
S0338,J011,1,urban,0.9834,0.9834,1,1,0
S0338,J019,1,urban,0.6762,0.6762,1,1,0
S0338,J024,1,urban,0.7247,0.7247,1,1,0
S0338,J029,1,urban,0.6319,0.6319,1,1,0
S0339,J000,3,urban,0.3919,0.2077,0,0,0
S0339,J008,3,urban,0.4627,0.3211,0,0,0
S0339,J009,3,urban,0.2865,0.077,0,0,0
S0339,J014,3,urban,0.2164,0.001,0,0,0
S0339,J015,3,urban,0.4521,0.3181,0,0,0
S0339,J019,3,urban,0.3424,0.1772,0,0,0
S0339,J026,3,urban,0.2904,0.1544,0,0,0
S0339,J027,3,urban,0.3146,0.1099,0,0,0
S0339,J028,3,urban,0.6921,0.5466,1,0,1
S0340,J003,1,urban,0.6978,0.6978,1,1,0
S0340,J005,1,urban,0.8559,0.8559,1,1,0
S0340,J024,1,urban,0.6646,0.6646,1,1,0
S0340,J028,1,urban,0.9084,0.9084,1,1,0
S0341,J006,3,urban,0.465,0.3097,0,0,0
S0341,J017,3,urban,0.3636,0.1501,0,0,0
S0341,J020,3,urban,0.3595,0.2035,0,0,0
S0341,J024,3,urban,0.2767,0.1321,0,0,0
S0341,J026,3,urban,0.2384,0.0876,0,0,0
S0342,J000,3,rural,0.1706,0.0,0,0,0
S0342,J002,3,rural,0.3561,0.1325,0,0,0
S0342,J003,3,rural,0.3943,0.1417,0,0,0
S0342,J005,3,rural,0.3844,0.1242,0,0,0
S0342,J008,3,rural,0.2957,0.044,0,0,0
S0342,J010,3,rural,0.1437,0.0,0,0,0
S0342,J017,3,rural,0.2666,0.0,0,0,0
S0342,J021,3,rural,0.1842,0.0,0,0,0
S0342,J023,3,rural,0.3194,0.0445,0,0,0
S0342,J026,3,rural,0.0716,0.0,0,0,0
S0343,J000,2,urban,0.4515,0.4515,0,0,0
S0343,J003,2,urban,0.3985,0.3985,0,0,0
S0343,J010,2,urban,0.3652,0.3652,0,0,0
S0343,J012,2,urban,0.5673,0.5673,0,0,0
S0343,J013,2,urban,0.4768,0.4768,0,0,0
S0343,J015,2,urban,0.6001,0.6001,0,0,0
S0343,J016,2,urban,0.681,0.681,1,1,0
S0343,J020,2,urban,0.4875,0.4875,0,0,0
S0343,J024,2,urban,0.4857,0.4857,0,0,0
S0344,J004,3,semi_urban,0.2589,0.1197,0,0,0
S0344,J007,3,semi_urban,0.244,0.0986,0,0,0
S0344,J010,3,semi_urban,0.2802,0.1006,0,0,0
S0344,J012,3,semi_urban,0.404,0.2676,0,0,0
S0344,J023,3,semi_urban,0.3591,0.2265,0,0,0
S0344,J029,3,semi_urban,0.4619,0.3291,0,0,0
S0345,J014,3,urban,0.2254,0.047,0,0,0
S0345,J020,3,urban,0.3584,0.1851,0,0,0
S0345,J021,3,urban,0.2983,0.0833,0,0,0
S0345,J023,3,urban,0.4311,0.275,0,0,0
S0345,J029,3,urban,0.395,0.2488,0,0,0
S0346,J001,3,urban,0.497,0.3103,0,0,0
S0346,J008,3,urban,0.4908,0.2948,0,0,0
S0346,J020,3,urban,0.5613,0.4172,0,0,0
S0346,J023,3,urban,0.4706,0.3089,0,0,0
S0346,J026,3,urban,0.4565,0.2796,0,0,0
S0347,J011,1,urban,0.7566,0.7566,1,1,0
S0347,J012,1,urban,0.6179,0.6179,0,0,0
S0347,J016,1,urban,0.8026,0.8026,1,1,0
S0347,J017,1,urban,0.5862,0.5862,0,0,0
S0347,J018,1,urban,0.7441,0.7441,1,1,0
S0347,J023,1,urban,0.5965,0.5965,0,0,0
S0347,J029,1,urban,0.532,0.532,0,0,0
S0348,J003,2,semi_urban,0.492,0.492,0,0,0
S0348,J005,2,semi_urban,0.6203,0.6203,1,1,0
S0348,J013,2,semi_urban,0.528,0.528,0,0,0
S0348,J018,2,semi_urban,0.6332,0.6332,1,1,0
S0348,J019,2,semi_urban,0.4612,0.4612,0,0,0
S0348,J023,2,semi_urban,0.4796,0.4796,0,0,0
S0349,J000,1,rural,0.4493,0.3751,0,0,0
S0349,J001,1,rural,0.4795,0.3844,0,0,0
S0349,J002,1,rural,0.5733,0.4872,0,0,0
S0349,J008,1,rural,0.601,0.5034,0,0,0
S0349,J009,1,rural,0.4432,0.372,0,0,0
S0350,J002,2,urban,0.5843,0.5843,0,0,0
S0350,J011,2,urban,0.8443,0.8443,1,1,0
S0350,J013,2,urban,0.3911,0.3911,0,0,0
S0350,J016,2,urban,0.6941,0.6941,1,1,0
S0350,J017,2,urban,0.5068,0.5068,0,0,0
S0350,J018,2,urban,0.6761,0.6761,1,1,0
S0351,J004,1,urban,0.4634,0.4634,0,0,0
S0351,J006,1,urban,0.5717,0.5717,0,0,0
S0351,J011,1,urban,0.8379,0.8379,1,1,0
S0351,J019,1,urban,0.4703,0.4703,0,0,0
S0351,J027,1,urban,0.3656,0.3656,0,0,0
S0351,J028,1,urban,0.7533,0.7533,1,1,0
S0352,J001,2,urban,0.4954,0.4954,0,0,0
S0352,J002,2,urban,0.4783,0.4783,0,0,0
S0352,J003,2,urban,0.4108,0.4108,0,0,0
S0352,J004,2,urban,0.286,0.286,0,0,0
S0352,J021,2,urban,0.3854,0.3854,0,0,0
S0352,J024,2,urban,0.4349,0.4349,0,0,0
S0352,J027,2,urban,0.2915,0.2915,0,0,0
S0353,J009,2,urban,0.2066,0.2066,0,0,0
S0353,J011,2,urban,0.7767,0.7767,1,1,0
S0353,J025,2,urban,0.3792,0.3792,0,0,0
S0353,J029,2,urban,0.4685,0.4685,0,0,0
S0354,J008,2,semi_urban,0.5458,0.5458,0,0,0
S0354,J021,2,semi_urban,0.3913,0.3913,0,0,0
S0355,J009,2,urban,0.263,0.263,0,0,0
S0355,J010,2,urban,0.3131,0.3131,0,0,0
S0355,J013,2,urban,0.4085,0.4085,0,0,0
S0355,J014,2,urban,0.2454,0.2454,0,0,0
S0355,J019,2,urban,0.3875,0.3875,0,0,0
S0355,J020,2,urban,0.4545,0.4545,0,0,0
S0355,J023,2,urban,0.4049,0.4049,0,0,0
S0355,J024,2,urban,0.4167,0.4167,0,0,0
S0355,J025,2,urban,0.4049,0.4049,0,0,0
S0355,J028,2,urban,0.6976,0.6976,1,1,0
S0356,J003,3,urban,0.5006,0.3638,0,0,0
S0356,J005,3,urban,0.6592,0.4687,1,0,1
S0356,J006,3,urban,0.487,0.2724,0,0,0
S0356,J009,3,urban,0.3529,0.1352,0,0,0
S0356,J013,3,urban,0.4474,0.2294,0,0,0
S0356,J015,3,urban,0.5376,0.3367,0,0,0
S0356,J018,3,urban,0.709,0.5119,1,0,1
S0356,J029,3,urban,0.5628,0.371,0,0,0
S0357,J012,3,rural,0.4427,0.1874,0,0,0
S0357,J018,3,rural,0.5082,0.2188,0,0,0
S0357,J027,3,rural,0.2321,0.0,0,0,0
S0358,J004,2,urban,0.3115,0.3115,0,0,0
S0358,J009,2,urban,0.3169,0.3169,0,0,0
S0358,J015,2,urban,0.5917,0.5917,0,0,0
S0358,J016,2,urban,0.6672,0.6672,1,1,0
S0358,J018,2,urban,0.589,0.589,0,0,0
S0358,J020,2,urban,0.4872,0.4872,0,0,0
S0359,J002,2,urban,0.4103,0.4103,0,0,0
S0359,J011,2,urban,0.5627,0.5627,0,0,0
S0359,J013,2,urban,0.2489,0.2489,0,0,0
S0359,J016,2,urban,0.5327,0.5327,0,0,0
S0360,J002,3,semi_urban,0.3148,0.1641,0,0,0
S0360,J011,3,semi_urban,0.5142,0.3222,0,0,0
S0360,J022,3,semi_urban,0.1877,0.0066,0,0,0
S0360,J023,3,semi_urban,0.1738,0.0071,0,0,0
S0360,J029,3,semi_urban,0.3043,0.1012,0,0,0
S0361,J001,1,urban,0.6276,0.6276,1,1,0
S0361,J004,1,urban,0.5107,0.5107,0,0,0
S0361,J018,1,urban,0.8345,0.8345,1,1,0
S0361,J026,1,urban,0.5359,0.5359,0,0,0
S0361,J029,1,urban,0.5268,0.5268,0,0,0
S0362,J000,1,urban,0.5335,0.5335,0,0,0
S0362,J005,1,urban,0.6711,0.6711,1,1,0
S0362,J006,1,urban,0.529,0.529,0,0,0
S0362,J020,1,urban,0.5013,0.5013,0,0,0
S0362,J022,1,urban,0.4192,0.4192,0,0,0
S0362,J027,1,urban,0.4125,0.4125,0,0,0
S0362,J028,1,urban,0.8274,0.8274,1,1,0
S0363,J001,1,urban,0.7435,0.7435,1,1,0
S0363,J014,1,urban,0.547,0.547,0,0,0
S0363,J027,1,urban,0.5234,0.5234,0,0,0
S0364,J011,2,rural,0.7058,0.6144,1,0,1
S0364,J016,2,rural,0.6939,0.6206,1,1,0
S0364,J022,2,rural,0.4022,0.3356,0,0,0
S0364,J025,2,rural,0.3394,0.2583,0,0,0
S0365,J000,2,urban,0.5792,0.5792,0,0,0
S0365,J003,2,urban,0.576,0.576,0,0,0
S0365,J005,2,urban,0.6517,0.6517,1,1,0
S0365,J010,2,urban,0.5226,0.5226,0,0,0
S0365,J011,2,urban,0.814,0.814,1,1,0
S0366,J002,3,urban,0.4266,0.288,0,0,0
S0366,J003,3,urban,0.4323,0.2672,0,0,0
S0366,J011,3,urban,0.6085,0.4532,0,0,0
S0366,J013,3,urban,0.2501,0.0487,0,0,0
S0366,J015,3,urban,0.4707,0.3254,0,0,0
S0366,J022,3,urban,0.2256,0.0164,0,0,0
S0366,J023,3,urban,0.3537,0.1606,0,0,0
S0366,J026,3,urban,0.2824,0.1399,0,0,0
S0367,J002,2,urban,0.5055,0.5055,0,0,0
S0367,J004,2,urban,0.3297,0.3297,0,0,0
S0367,J007,2,urban,0.2792,0.2792,0,0,0
S0367,J014,2,urban,0.2307,0.2307,0,0,0
S0367,J015,2,urban,0.5056,0.5056,0,0,0
S0367,J016,2,urban,0.7253,0.7253,1,1,0
S0367,J018,2,urban,0.6311,0.6311,1,1,0
S0367,J021,2,urban,0.4788,0.4788,0,0,0
S0367,J023,2,urban,0.393,0.393,0,0,0
S0367,J024,2,urban,0.4411,0.4411,0,0,0
S0367,J026,2,urban,0.3676,0.3676,0,0,0
S0367,J028,2,urban,0.6623,0.6623,1,1,0
S0368,J007,2,urban,0.3535,0.3535,0,0,0
S0368,J012,2,urban,0.5681,0.5681,0,0,0
S0368,J020,2,urban,0.5411,0.5411,0,0,0
S0368,J026,2,urban,0.4028,0.4028,0,0,0
S0369,J007,3,semi_urban,0.1426,0.0,0,0,0
S0369,J010,3,semi_urban,0.2547,0.0851,0,0,0
S0369,J013,3,semi_urban,0.3498,0.2052,0,0,0
S0369,J017,3,semi_urban,0.3828,0.1637,0,0,0
S0369,J018,3,semi_urban,0.4782,0.3043,0,0,0
S0369,J019,3,semi_urban,0.2925,0.099,0,0,0
S0369,J023,3,semi_urban,0.3224,0.1809,0,0,0
S0370,J002,3,urban,0.5662,0.4055,0,0,0
S0370,J003,3,urban,0.5504,0.3927,0,0,0
S0370,J008,3,urban,0.4445,0.2787,0,0,0
S0370,J011,3,urban,0.7944,0.6245,1,1,0
S0370,J013,3,urban,0.4503,0.2776,0,0,0
S0370,J022,3,urban,0.2774,0.0803,0,0,0
S0370,J028,3,urban,0.7147,0.4962,1,0,1
S0371,J004,1,semi_urban,0.206,0.206,0,0,0
S0371,J005,1,semi_urban,0.4793,0.4793,0,0,0
S0371,J007,1,semi_urban,0.1497,0.1497,0,0,0
S0371,J008,1,semi_urban,0.404,0.404,0,0,0
S0371,J013,1,semi_urban,0.2851,0.2851,0,0,0
S0371,J019,1,semi_urban,0.331,0.331,0,0,0
S0372,J019,2,semi_urban,0.1792,0.1792,0,0,0
S0372,J024,2,semi_urban,0.2714,0.2714,0,0,0
S0372,J025,2,semi_urban,0.1194,0.1194,0,0,0
S0373,J001,2,rural,0.6269,0.5273,1,0,1
S0373,J010,2,rural,0.3103,0.2394,0,0,0
S0373,J014,2,rural,0.2581,0.1978,0,0,0
S0373,J016,2,rural,0.6943,0.5944,1,0,1
S0373,J022,2,rural,0.3182,0.232,0,0,0
S0373,J024,2,rural,0.4361,0.345,0,0,0
S0374,J004,1,urban,0.4643,0.4643,0,0,0
S0374,J010,1,urban,0.5127,0.5127,0,0,0
S0374,J012,1,urban,0.5947,0.5947,0,0,0
S0374,J019,1,urban,0.4729,0.4729,0,0,0
S0374,J020,1,urban,0.6163,0.6163,0,0,0
S0375,J002,1,rural,0.7133,0.6257,1,1,0
S0375,J006,1,rural,0.5822,0.512,0,0,0
S0375,J007,1,rural,0.5377,0.451,0,0,0
S0375,J014,1,rural,0.4537,0.3638,0,0,0
S0375,J016,1,rural,0.8784,0.8061,1,1,0
S0376,J000,3,semi_urban,0.3651,0.2304,0,0,0
S0376,J002,3,semi_urban,0.5435,0.3537,0,0,0
S0376,J006,3,semi_urban,0.4023,0.2325,0,0,0
S0376,J012,3,semi_urban,0.5491,0.3648,0,0,0
S0376,J019,3,semi_urban,0.3232,0.1034,0,0,0
S0376,J026,3,semi_urban,0.4225,0.2165,0,0,0
S0377,J000,2,urban,0.3768,0.3768,0,0,0
S0377,J003,2,urban,0.473,0.473,0,0,0
S0377,J005,2,urban,0.456,0.456,0,0,0
S0377,J008,2,urban,0.4626,0.4626,0,0,0
S0377,J012,2,urban,0.4897,0.4897,0,0,0
S0377,J013,2,urban,0.3706,0.3706,0,0,0
S0377,J021,2,urban,0.2773,0.2773,0,0,0
S0377,J022,2,urban,0.2919,0.2919,0,0,0
S0377,J025,2,urban,0.3763,0.3763,0,0,0
S0378,J000,2,semi_urban,0.5399,0.5399,0,0,0
S0378,J002,2,semi_urban,0.7556,0.7556,1,1,0
S0378,J006,2,semi_urban,0.4841,0.4841,0,0,0
S0378,J007,2,semi_urban,0.3704,0.3704,0,0,0
S0378,J011,2,semi_urban,0.7794,0.7794,1,1,0
S0378,J015,2,semi_urban,0.5724,0.5724,0,0,0
S0378,J016,2,semi_urban,0.802,0.802,1,1,0
S0378,J020,2,semi_urban,0.6485,0.6485,1,1,0
S0378,J025,2,semi_urban,0.4445,0.4445,0,0,0
S0378,J029,2,semi_urban,0.5537,0.5537,0,0,0
S0379,J001,3,rural,0.6013,0.3887,0,0,0
S0379,J012,3,rural,0.5315,0.3261,0,0,0
S0379,J013,3,rural,0.4083,0.1786,0,0,0
S0379,J018,3,rural,0.7063,0.4024,1,0,1
S0379,J020,3,rural,0.4605,0.2098,0,0,0
S0379,J021,3,rural,0.3725,0.1474,0,0,0
S0379,J022,3,rural,0.3838,0.0694,0,0,0
S0379,J025,3,rural,0.3874,0.1691,0,0,0
S0379,J026,3,rural,0.3868,0.1266,0,0,0
S0380,J002,2,urban,0.6025,0.6025,0,0,0
S0380,J006,2,urban,0.4342,0.4342,0,0,0
S0380,J007,2,urban,0.2953,0.2953,0,0,0
S0380,J019,2,urban,0.3992,0.3992,0,0,0
S0380,J025,2,urban,0.3818,0.3818,0,0,0
S0381,J001,3,rural,0.5248,0.2668,0,0,0
S0381,J004,3,rural,0.4262,0.1933,0,0,0
S0381,J016,3,rural,0.692,0.4437,1,0,1
S0381,J018,3,rural,0.7352,0.4712,1,0,1
S0382,J004,3,urban,0.2868,0.131,0,0,0
S0382,J005,3,urban,0.4051,0.1998,0,0,0
S0382,J007,3,urban,0.3114,0.1382,0,0,0
S0382,J011,3,urban,0.6476,0.4633,1,0,1
S0382,J012,3,urban,0.4051,0.2309,0,0,0
S0382,J020,3,urban,0.4343,0.2837,0,0,0
S0382,J025,3,urban,0.3243,0.1469,0,0,0
S0383,J001,2,semi_urban,0.5376,0.5376,0,0,0
S0383,J008,2,semi_urban,0.3983,0.3983,0,0,0
S0383,J023,2,semi_urban,0.3645,0.3645,0,0,0
S0383,J028,2,semi_urban,0.6429,0.6429,1,1,0
S0384,J001,2,rural,0.6162,0.5318,0,0,0
S0384,J009,2,rural,0.405,0.3296,0,0,0
S0384,J017,2,rural,0.5839,0.5189,0,0,0
S0384,J018,2,rural,0.7701,0.6976,1,1,0
S0385,J001,3,urban,0.422,0.2889,0,0,0
S0385,J004,3,urban,0.2551,0.0387,0,0,0
S0385,J007,3,urban,0.1895,0.0176,0,0,0
S0385,J012,3,urban,0.389,0.1856,0,0,0
S0385,J017,3,urban,0.4124,0.2788,0,0,0
S0386,J012,3,rural,0.3848,0.0985,0,0,0
S0386,J018,3,rural,0.6258,0.4054,1,0,1
S0386,J022,3,rural,0.2266,0.0,0,0,0
S0386,J023,3,rural,0.2975,0.0395,0,0,0
S0386,J026,3,rural,0.2426,0.019,0,0,0
S0387,J000,3,urban,0.3899,0.2476,0,0,0
S0387,J001,3,urban,0.5649,0.4025,0,0,0
S0387,J004,3,urban,0.4265,0.2158,0,0,0
S0387,J005,3,urban,0.4928,0.3174,0,0,0
S0387,J015,3,urban,0.5798,0.392,0,0,0
S0387,J019,3,urban,0.4421,0.2725,0,0,0
S0387,J020,3,urban,0.4585,0.2688,0,0,0
S0387,J023,3,urban,0.4872,0.2946,0,0,0
S0387,J025,3,urban,0.4117,0.2116,0,0,0
S0387,J028,3,urban,0.6838,0.5327,1,0,1
S0388,J013,1,semi_urban,0.3846,0.3846,0,0,0
S0388,J020,1,semi_urban,0.2144,0.2144,0,0,0
S0388,J026,1,semi_urban,0.2083,0.2083,0,0,0
S0388,J027,1,semi_urban,0.2882,0.2882,0,0,0
S0388,J028,1,semi_urban,0.5392,0.5392,0,0,0
S0389,J001,3,semi_urban,0.2769,0.128,0,0,0
S0389,J002,3,semi_urban,0.3514,0.2077,0,0,0
S0389,J006,3,semi_urban,0.1434,0.0,0,0,0
S0389,J009,3,semi_urban,0.0825,0.0,0,0,0
S0389,J016,3,semi_urban,0.5918,0.4239,0,0,0
S0389,J018,3,semi_urban,0.4139,0.1959,0,0,0
S0389,J020,3,semi_urban,0.3423,0.1661,0,0,0
S0390,J000,2,urban,0.3086,0.3086,0,0,0
S0390,J004,2,urban,0.3239,0.3239,0,0,0
S0390,J006,2,urban,0.3911,0.3911,0,0,0
S0390,J009,2,urban,0.2584,0.2584,0,0,0
S0390,J017,2,urban,0.3108,0.3108,0,0,0
S0390,J026,2,urban,0.215,0.215,0,0,0
S0391,J001,1,urban,0.6064,0.6064,0,0,0
S0391,J006,1,urban,0.5733,0.5733,0,0,0
S0391,J009,1,urban,0.3437,0.3437,0,0,0
S0391,J010,1,urban,0.4211,0.4211,0,0,0
S0391,J011,1,urban,0.7566,0.7566,1,1,0
S0391,J015,1,urban,0.63,0.63,1,1,0
S0391,J020,1,urban,0.6395,0.6395,1,1,0
S0391,J021,1,urban,0.4795,0.4795,0,0,0
S0392,J014,2,urban,0.3141,0.3141,0,0,0
S0392,J019,2,urban,0.3357,0.3357,0,0,0
S0392,J021,2,urban,0.4087,0.4087,0,0,0
S0392,J022,2,urban,0.2936,0.2936,0,0,0
S0392,J027,2,urban,0.3264,0.3264,0,0,0
S0393,J001,2,urban,0.3954,0.3954,0,0,0
S0393,J003,2,urban,0.3832,0.3832,0,0,0
S0393,J011,2,urban,0.5246,0.5246,0,0,0
S0393,J018,2,urban,0.4573,0.4573,0,0,0
S0393,J020,2,urban,0.3918,0.3918,0,0,0
S0393,J026,2,urban,0.1807,0.1807,0,0,0
S0394,J004,1,urban,0.3859,0.3859,0,0,0
S0394,J017,1,urban,0.503,0.503,0,0,0
S0394,J019,1,urban,0.4272,0.4272,0,0,0
S0394,J022,1,urban,0.2443,0.2443,0,0,0
S0394,J024,1,urban,0.4992,0.4992,0,0,0
S0394,J028,1,urban,0.7192,0.7192,1,1,0
S0395,J003,2,urban,0.4737,0.4737,0,0,0
S0395,J009,2,urban,0.2493,0.2493,0,0,0
S0395,J012,2,urban,0.5524,0.5524,0,0,0
S0395,J013,2,urban,0.4231,0.4231,0,0,0
S0395,J016,2,urban,0.6208,0.6208,1,1,0
S0395,J024,2,urban,0.4061,0.4061,0,0,0
S0395,J025,2,urban,0.2735,0.2735,0,0,0
S0395,J027,2,urban,0.2117,0.2117,0,0,0
S0396,J002,3,urban,0.6593,0.4592,1,0,1
S0396,J008,3,urban,0.6335,0.4263,1,0,1
S0396,J009,3,urban,0.4059,0.207,0,0,0
S0396,J019,3,urban,0.4719,0.2822,0,0,0
S0396,J025,3,urban,0.4778,0.2689,0,0,0
S0396,J026,3,urban,0.5457,0.3889,0,0,0
S0396,J027,3,urban,0.4672,0.3136,0,0,0
S0396,J028,3,urban,0.8301,0.6973,1,1,0
S0397,J000,1,urban,0.7529,0.7529,1,1,0
S0397,J003,1,urban,0.8086,0.8086,1,1,0
S0397,J007,1,urban,0.5783,0.5783,0,0,0
S0397,J015,1,urban,0.7638,0.7638,1,1,0
S0397,J017,1,urban,0.7399,0.7399,1,1,0
S0397,J021,1,urban,0.722,0.722,1,1,0
S0397,J026,1,urban,0.6404,0.6404,1,1,0
S0397,J029,1,urban,0.7979,0.7979,1,1,0
S0398,J000,2,semi_urban,0.3914,0.3914,0,0,0
S0398,J009,2,semi_urban,0.2579,0.2579,0,0,0
S0398,J012,2,semi_urban,0.5241,0.5241,0,0,0
S0398,J014,2,semi_urban,0.1928,0.1928,0,0,0
S0398,J016,2,semi_urban,0.6774,0.6774,1,1,0
S0399,J011,2,semi_urban,0.6716,0.6716,1,1,0
S0399,J015,2,semi_urban,0.4359,0.4359,0,0,0
S0399,J019,2,semi_urban,0.3433,0.3433,0,0,0
S0399,J029,2,semi_urban,0.4301,0.4301,0,0,0
