threshold,true_negative_malignant_caught,missed_malignancy,unnecessary_biopsy,true_positive_benign_cleared,confusion_matrix_raw,confusion_matrix_labels,expected_cost
0.01,26,6,0,53,"[[26, 6], [0, 53]]","['true=0 (malignant)', 'true=1 (benign)']",60.0
0.02,27,5,0,53,"[[27, 5], [0, 53]]","['true=0 (malignant)', 'true=1 (benign)']",50.0
0.03,27,5,0,53,"[[27, 5], [0, 53]]","['true=0 (malignant)', 'true=1 (benign)']",50.0
0.04,30,2,0,53,"[[30, 2], [0, 53]]","['true=0 (malignant)', 'true=1 (benign)']",20.0
0.05,30,2,0,53,"[[30, 2], [0, 53]]","['true=0 (malignant)', 'true=1 (benign)']",20.0
0.06,30,2,0,53,"[[30, 2], [0, 53]]","['true=0 (malignant)', 'true=1 (benign)']",20.0
0.07,30,2,0,53,"[[30, 2], [0, 53]]","['true=0 (malignant)', 'true=1 (benign)']",20.0
0.08,30,2,0,53,"[[30, 2], [0, 53]]","['true=0 (malignant)', 'true=1 (benign)']",20.0
0.09,30,2,0,53,"[[30, 2], [0, 53]]","['true=0 (malignant)', 'true=1 (benign)']",20.0
0.1,30,2,0,53,"[[30, 2], [0, 53]]","['true=0 (malignant)', 'true=1 (benign)']",20.0
0.11,30,2,0,53,"[[30, 2], [0, 53]]","['true=0 (malignant)', 'true=1 (benign)']",20.0
0.12,30,2,0,53,"[[30, 2], [0, 53]]","['true=0 (malignant)', 'true=1 (benign)']",20.0
0.13,30,2,0,53,"[[30, 2], [0, 53]]","['true=0 (malignant)', 'true=1 (benign)']",20.0
0.14,30,2,0,53,"[[30, 2], [0, 53]]","['true=0 (malignant)', 'true=1 (benign)']",20.0
0.15,30,2,0,53,"[[30, 2], [0, 53]]","['true=0 (malignant)', 'true=1 (benign)']",20.0
0.16,30,2,0,53,"[[30, 2], [0, 53]]","['true=0 (malignant)', 'true=1 (benign)']",20.0
0.17,30,2,0,53,"[[30, 2], [0, 53]]","['true=0 (malignant)', 'true=1 (benign)']",20.0
0.18,30,2,0,53,"[[30, 2], [0, 53]]","['true=0 (malignant)', 'true=1 (benign)']",20.0
0.19,30,2,0,53,"[[30, 2], [0, 53]]","['true=0 (malignant)', 'true=1 (benign)']",20.0
0.2,30,2,0,53,"[[30, 2], [0, 53]]","['true=0 (malignant)', 'true=1 (benign)']",20.0
0.21,30,2,0,53,"[[30, 2], [0, 53]]","['true=0 (malignant)', 'true=1 (benign)']",20.0
0.22,30,2,0,53,"[[30, 2], [0, 53]]","['true=0 (malignant)', 'true=1 (benign)']",20.0
0.23,30,2,0,53,"[[30, 2], [0, 53]]","['true=0 (malignant)', 'true=1 (benign)']",20.0
0.24,30,2,0,53,"[[30, 2], [0, 53]]","['true=0 (malignant)', 'true=1 (benign)']",20.0
0.25,30,2,0,53,"[[30, 2], [0, 53]]","['true=0 (malignant)', 'true=1 (benign)']",20.0
0.26,30,2,0,53,"[[30, 2], [0, 53]]","['true=0 (malignant)', 'true=1 (benign)']",20.0
0.27,30,2,0,53,"[[30, 2], [0, 53]]","['true=0 (malignant)', 'true=1 (benign)']",20.0
0.28,30,2,0,53,"[[30, 2], [0, 53]]","['true=0 (malignant)', 'true=1 (benign)']",20.0
0.29,30,2,0,53,"[[30, 2], [0, 53]]","['true=0 (malignant)', 'true=1 (benign)']",20.0
0.3,30,2,0,53,"[[30, 2], [0, 53]]","['true=0 (malignant)', 'true=1 (benign)']",20.0
0.31,31,1,0,53,"[[31, 1], [0, 53]]","['true=0 (malignant)', 'true=1 (benign)']",10.0
0.32,32,0,0,53,"[[32, 0], [0, 53]]","['true=0 (malignant)', 'true=1 (benign)']",0.0
0.33,32,0,0,53,"[[32, 0], [0, 53]]","['true=0 (malignant)', 'true=1 (benign)']",0.0
0.34,32,0,0,53,"[[32, 0], [0, 53]]","['true=0 (malignant)', 'true=1 (benign)']",0.0
0.35,32,0,0,53,"[[32, 0], [0, 53]]","['true=0 (malignant)', 'true=1 (benign)']",0.0
0.36,32,0,1,52,"[[32, 0], [1, 52]]","['true=0 (malignant)', 'true=1 (benign)']",1.0
0.37,32,0,1,52,"[[32, 0], [1, 52]]","['true=0 (malignant)', 'true=1 (benign)']",1.0
0.38,32,0,1,52,"[[32, 0], [1, 52]]","['true=0 (malignant)', 'true=1 (benign)']",1.0
0.39,32,0,1,52,"[[32, 0], [1, 52]]","['true=0 (malignant)', 'true=1 (benign)']",1.0
0.4,32,0,1,52,"[[32, 0], [1, 52]]","['true=0 (malignant)', 'true=1 (benign)']",1.0
0.41,32,0,1,52,"[[32, 0], [1, 52]]","['true=0 (malignant)', 'true=1 (benign)']",1.0
0.42,32,0,2,51,"[[32, 0], [2, 51]]","['true=0 (malignant)', 'true=1 (benign)']",2.0
0.43,32,0,2,51,"[[32, 0], [2, 51]]","['true=0 (malignant)', 'true=1 (benign)']",2.0
0.44,32,0,2,51,"[[32, 0], [2, 51]]","['true=0 (malignant)', 'true=1 (benign)']",2.0
0.45,32,0,2,51,"[[32, 0], [2, 51]]","['true=0 (malignant)', 'true=1 (benign)']",2.0
0.46,32,0,2,51,"[[32, 0], [2, 51]]","['true=0 (malignant)', 'true=1 (benign)']",2.0
0.47,32,0,2,51,"[[32, 0], [2, 51]]","['true=0 (malignant)', 'true=1 (benign)']",2.0
0.48,32,0,2,51,"[[32, 0], [2, 51]]","['true=0 (malignant)', 'true=1 (benign)']",2.0
0.49,32,0,2,51,"[[32, 0], [2, 51]]","['true=0 (malignant)', 'true=1 (benign)']",2.0
0.5,32,0,2,51,"[[32, 0], [2, 51]]","['true=0 (malignant)', 'true=1 (benign)']",2.0
0.51,32,0,2,51,"[[32, 0], [2, 51]]","['true=0 (malignant)', 'true=1 (benign)']",2.0
0.52,32,0,2,51,"[[32, 0], [2, 51]]","['true=0 (malignant)', 'true=1 (benign)']",2.0
0.53,32,0,2,51,"[[32, 0], [2, 51]]","['true=0 (malignant)', 'true=1 (benign)']",2.0
0.54,32,0,2,51,"[[32, 0], [2, 51]]","['true=0 (malignant)', 'true=1 (benign)']",2.0
0.55,32,0,2,51,"[[32, 0], [2, 51]]","['true=0 (malignant)', 'true=1 (benign)']",2.0
0.56,32,0,2,51,"[[32, 0], [2, 51]]","['true=0 (malignant)', 'true=1 (benign)']",2.0
0.57,32,0,2,51,"[[32, 0], [2, 51]]","['true=0 (malignant)', 'true=1 (benign)']",2.0
0.58,32,0,2,51,"[[32, 0], [2, 51]]","['true=0 (malignant)', 'true=1 (benign)']",2.0
0.59,32,0,2,51,"[[32, 0], [2, 51]]","['true=0 (malignant)', 'true=1 (benign)']",2.0
0.6,32,0,2,51,"[[32, 0], [2, 51]]","['true=0 (malignant)', 'true=1 (benign)']",2.0
0.61,32,0,2,51,"[[32, 0], [2, 51]]","['true=0 (malignant)', 'true=1 (benign)']",2.0
0.62,32,0,2,51,"[[32, 0], [2, 51]]","['true=0 (malignant)', 'true=1 (benign)']",2.0
0.63,32,0,2,51,"[[32, 0], [2, 51]]","['true=0 (malignant)', 'true=1 (benign)']",2.0
0.64,32,0,2,51,"[[32, 0], [2, 51]]","['true=0 (malignant)', 'true=1 (benign)']",2.0
0.65,32,0,2,51,"[[32, 0], [2, 51]]","['true=0 (malignant)', 'true=1 (benign)']",2.0
0.66,32,0,2,51,"[[32, 0], [2, 51]]","['true=0 (malignant)', 'true=1 (benign)']",2.0
0.67,32,0,2,51,"[[32, 0], [2, 51]]","['true=0 (malignant)', 'true=1 (benign)']",2.0
0.68,32,0,2,51,"[[32, 0], [2, 51]]","['true=0 (malignant)', 'true=1 (benign)']",2.0
0.69,32,0,2,51,"[[32, 0], [2, 51]]","['true=0 (malignant)', 'true=1 (benign)']",2.0
0.7,32,0,2,51,"[[32, 0], [2, 51]]","['true=0 (malignant)', 'true=1 (benign)']",2.0
0.71,32,0,2,51,"[[32, 0], [2, 51]]","['true=0 (malignant)', 'true=1 (benign)']",2.0
0.72,32,0,2,51,"[[32, 0], [2, 51]]","['true=0 (malignant)', 'true=1 (benign)']",2.0
0.73,32,0,2,51,"[[32, 0], [2, 51]]","['true=0 (malignant)', 'true=1 (benign)']",2.0
0.74,32,0,2,51,"[[32, 0], [2, 51]]","['true=0 (malignant)', 'true=1 (benign)']",2.0
0.75,32,0,2,51,"[[32, 0], [2, 51]]","['true=0 (malignant)', 'true=1 (benign)']",2.0
0.76,32,0,2,51,"[[32, 0], [2, 51]]","['true=0 (malignant)', 'true=1 (benign)']",2.0
0.77,32,0,2,51,"[[32, 0], [2, 51]]","['true=0 (malignant)', 'true=1 (benign)']",2.0
0.78,32,0,2,51,"[[32, 0], [2, 51]]","['true=0 (malignant)', 'true=1 (benign)']",2.0
0.79,32,0,3,50,"[[32, 0], [3, 50]]","['true=0 (malignant)', 'true=1 (benign)']",3.0
0.8,32,0,3,50,"[[32, 0], [3, 50]]","['true=0 (malignant)', 'true=1 (benign)']",3.0
0.81,32,0,3,50,"[[32, 0], [3, 50]]","['true=0 (malignant)', 'true=1 (benign)']",3.0
0.82,32,0,4,49,"[[32, 0], [4, 49]]","['true=0 (malignant)', 'true=1 (benign)']",4.0
0.83,32,0,5,48,"[[32, 0], [5, 48]]","['true=0 (malignant)', 'true=1 (benign)']",5.0
0.84,32,0,5,48,"[[32, 0], [5, 48]]","['true=0 (malignant)', 'true=1 (benign)']",5.0
0.85,32,0,7,46,"[[32, 0], [7, 46]]","['true=0 (malignant)', 'true=1 (benign)']",7.0
0.86,32,0,7,46,"[[32, 0], [7, 46]]","['true=0 (malignant)', 'true=1 (benign)']",7.0
0.87,32,0,7,46,"[[32, 0], [7, 46]]","['true=0 (malignant)', 'true=1 (benign)']",7.0
0.88,32,0,7,46,"[[32, 0], [7, 46]]","['true=0 (malignant)', 'true=1 (benign)']",7.0
0.89,32,0,8,45,"[[32, 0], [8, 45]]","['true=0 (malignant)', 'true=1 (benign)']",8.0
0.9,32,0,9,44,"[[32, 0], [9, 44]]","['true=0 (malignant)', 'true=1 (benign)']",9.0
0.91,32,0,10,43,"[[32, 0], [10, 43]]","['true=0 (malignant)', 'true=1 (benign)']",10.0
0.92,32,0,10,43,"[[32, 0], [10, 43]]","['true=0 (malignant)', 'true=1 (benign)']",10.0
0.93,32,0,11,42,"[[32, 0], [11, 42]]","['true=0 (malignant)', 'true=1 (benign)']",11.0
0.94,32,0,12,41,"[[32, 0], [12, 41]]","['true=0 (malignant)', 'true=1 (benign)']",12.0
0.95,32,0,13,40,"[[32, 0], [13, 40]]","['true=0 (malignant)', 'true=1 (benign)']",13.0
0.96,32,0,14,39,"[[32, 0], [14, 39]]","['true=0 (malignant)', 'true=1 (benign)']",14.0
0.97,32,0,15,38,"[[32, 0], [15, 38]]","['true=0 (malignant)', 'true=1 (benign)']",15.0
0.98,32,0,18,35,"[[32, 0], [18, 35]]","['true=0 (malignant)', 'true=1 (benign)']",18.0
0.99,32,0,23,30,"[[32, 0], [23, 30]]","['true=0 (malignant)', 'true=1 (benign)']",23.0
