session_id,student_id,assessment_id,tab_switch_count,face_count_anomalies,copy_paste_events,time_per_question_zscore,network_latency_flag,webcam_dropout_seconds,ground_truth_label,scenario,flagged_by_v0,timestamp
62f7f85e-329f-4f52-8816-5a7d30353bcf,stu_0164,asm_002,2.0,0.0,1.0,-0.5559400590234602,0.0,2.0,,normal_clean,0.0,2026-07-03 21:29:23.140937
ebce093e-5479-4b8c-85df-a5524d21ad3c,stu_0007,asm_005,2.0,0.0,1.0,0.15945109234469168,0.0,2.0,,normal_clean,0.0,2026-07-03 21:30:23.140937
bdd35671-8974-4461-99da-10d7cd23720e,stu_0063,asm_004,1.0,0.0,0.0,-0.2904390670117575,0.0,3.0,,normal_clean,0.0,2026-07-03 21:31:23.140937
19db0a91-a7ec-491a-be0e-b8c6e45e958f,stu_0036,asm_002,1.0,0.0,1.0,-0.2625849035890739,0.0,0.0,,normal_clean,0.0,2026-07-03 21:32:23.140937
8af063ca-496b-4b7b-8e39-d313b3409a05,stu_0174,asm_009,0.0,0.0,0.0,-0.5064155601672119,0.0,2.0,,normal_clean,0.0,2026-07-03 21:33:23.140937
321632fa-5fa9-4f6d-9006-d221bd842fdd,stu_0023,asm_007,2.0,0.0,1.0,0.15712366629763694,0.0,2.0,,normal_clean,0.0,2026-07-03 21:34:23.140937
f25250fd-38d2-4e87-b39f-3bc14234c0d5,stu_0009,asm_001,0.0,0.0,0.0,-0.26256142556500456,0.0,0.0,,normal_clean,0.0,2026-07-03 21:35:23.140937
716bf282-acb2-41ca-8cf8-af8f41ca3e0f,stu_0024,asm_004,1.0,0.0,1.0,0.9563856356796034,0.0,1.0,,normal_clean,0.0,2026-07-03 21:36:23.140937
99344ed2-2c7c-424a-85de-6176599f7bde,stu_0060,asm_009,0.0,0.0,1.0,-0.30085330611469846,0.0,4.0,,normal_clean,0.0,2026-07-03 21:37:23.140937
a5eda447-7d29-4e21-9b60-9c674ac5c6e8,stu_0155,asm_001,2.0,0.0,0.0,0.9261390922544689,1.0,3.0,,normal_clean,0.0,2026-07-03 21:38:23.140937
021ae33f-0311-40f6-a60f-e14f7712cbf0,stu_0144,asm_004,1.0,0.0,1.0,-0.22337073548657302,0.0,3.0,,normal_clean,0.0,2026-07-03 21:39:23.140937
59069ff7-53ad-43cc-816c-f575711722d0,stu_0184,asm_009,1.0,0.0,0.0,0.7621208164276031,1.0,1.0,,normal_clean,0.0,2026-07-03 21:40:23.140937
0f5ebd3f-7464-463d-86f5-2da226242b31,stu_0108,asm_004,1.0,0.0,1.0,0.10931915802693123,1.0,3.0,,normal_clean,0.0,2026-07-03 21:41:23.140937
df2cc959-6243-47d3-81b2-86f1633bcb70,stu_0115,asm_005,0.0,0.0,1.0,0.4408805194743053,0.0,4.0,,normal_clean,0.0,2026-07-03 21:42:23.140937
4fac9625-c9a1-495c-8113-3fdd7a44a853,stu_0002,asm_003,1.0,0.0,0.0,-0.23031938547989375,0.0,3.0,,normal_clean,0.0,2026-07-03 21:43:23.140937
ff5b1823-78a3-492f-b84d-0bf0a8152275,stu_0179,asm_007,0.0,0.0,0.0,0.5285611131094579,0.0,4.0,,normal_clean,0.0,2026-07-03 21:44:23.140937
8a768407-3d52-46fb-8dec-e58f1d6bdd73,stu_0088,asm_005,0.0,0.0,0.0,0.2910613973565196,0.0,0.0,,normal_clean,0.0,2026-07-03 21:45:23.140937
9e8791e9-96ce-4908-9c9e-1b2436f5e4db,stu_0040,asm_004,2.0,0.0,0.0,0.4438742297966786,1.0,1.0,,normal_clean,0.0,2026-07-03 21:46:23.140937
c087f924-15af-4a05-a2f4-b5fe3a6b6153,stu_0196,asm_006,0.0,0.0,1.0,0.16563171570178198,0.0,4.0,,normal_clean,0.0,2026-07-03 21:47:23.140937
d1a08f0c-bac8-49ee-a306-dcdfbe283047,stu_0027,asm_002,2.0,0.0,1.0,0.4877725635611796,0.0,2.0,,normal_clean,0.0,2026-07-03 21:48:23.140937
5f7d9779-fc43-4c00-928b-6df60031676b,stu_0098,asm_002,2.0,0.0,0.0,0.16342261198500693,0.0,4.0,,normal_clean,0.0,2026-07-03 21:49:23.140937
d1bd5531-8bec-4098-b715-71fc1a261ea7,stu_0092,asm_006,1.0,0.0,0.0,-0.04055947707934365,0.0,2.0,,normal_clean,0.0,2026-07-03 21:50:23.140937
50342d41-be9b-407a-9fe9-c5b20d45f1b5,stu_0155,asm_005,0.0,0.0,0.0,-0.19931919500760062,0.0,0.0,,normal_clean,0.0,2026-07-03 21:51:23.140937
7954b3a8-7665-4b90-a09f-9d11e4b4d97e,stu_0012,asm_008,0.0,0.0,1.0,-0.030432043737373068,0.0,4.0,,normal_clean,0.0,2026-07-03 21:52:23.140937
d79bbd2d-280a-435e-8599-1031835c8ed9,stu_0138,asm_002,2.0,0.0,0.0,0.738947022370758,0.0,2.0,,normal_clean,0.0,2026-07-03 21:53:23.140937
a7e0f759-d362-464d-a6e8-e0afd88285ef,stu_0097,asm_002,2.0,0.0,1.0,-0.2591351091368237,0.0,1.0,,normal_clean,0.0,2026-07-03 21:54:23.140937
8a8cba84-91d8-47e6-9d82-9e9a50c7c5bc,stu_0142,asm_005,0.0,0.0,1.0,0.45770105885103707,0.0,3.0,,normal_clean,0.0,2026-07-03 21:55:23.140937
ec0383e6-2189-49cb-b05a-970296ddf711,stu_0161,asm_006,1.0,0.0,1.0,0.16437555482984223,0.0,1.0,,normal_clean,0.0,2026-07-03 21:56:23.140937
4ff3e74c-7653-43ba-9d00-dbd3aae2fb5f,stu_0148,asm_004,2.0,0.0,1.0,0.3620416257629385,0.0,2.0,,normal_clean,0.0,2026-07-03 21:57:23.140937
bb26fbe9-3038-4e54-bc10-29afaaf7b280,stu_0181,asm_002,1.0,0.0,0.0,-0.12788231847947118,0.0,0.0,,normal_clean,0.0,2026-07-03 21:58:23.140937
d355deb9-c0a9-427b-b9aa-45c0ece7ce10,stu_0012,asm_004,2.0,0.0,0.0,0.06350611968589914,0.0,0.0,,normal_clean,0.0,2026-07-03 21:59:23.140937
3ea93e98-7981-48c2-ae76-886bbb12ddf8,stu_0198,asm_005,2.0,0.0,1.0,-0.6247218613999633,0.0,2.0,,normal_clean,0.0,2026-07-03 22:00:23.140937
db791326-8f2b-4ace-86df-1d56e6de08ad,stu_0021,asm_004,1.0,0.0,1.0,0.9430929506052651,0.0,0.0,,normal_clean,0.0,2026-07-03 22:01:23.140937
211bb1d7-faad-47b3-99eb-82d29dd06fcc,stu_0026,asm_007,1.0,0.0,1.0,0.08728890641591948,0.0,1.0,,normal_clean,0.0,2026-07-03 22:02:23.140937
afc33d56-bde6-4599-a954-9a0495997bc3,stu_0072,asm_008,2.0,0.0,0.0,-0.22088301161300644,0.0,0.0,,normal_clean,0.0,2026-07-03 22:03:23.140937
746d1d4e-777e-4645-8d01-04db19ef41bf,stu_0163,asm_006,2.0,0.0,1.0,-0.04208254259058871,0.0,3.0,,normal_clean,0.0,2026-07-03 22:04:23.140937
13adf5a8-5d52-4bc3-8feb-71544677f15d,stu_0042,asm_006,1.0,0.0,1.0,1.0793642616815518,0.0,2.0,,normal_clean,0.0,2026-07-03 22:05:23.140937
18e0bc0e-cf22-4b5f-b206-7463fcd6a8d4,stu_0091,asm_004,0.0,0.0,0.0,0.6158891883580552,0.0,4.0,,normal_clean,0.0,2026-07-03 22:06:23.140937
4dcc6e31-b5a1-4963-84d4-412c0a6ef102,stu_0172,asm_005,1.0,0.0,1.0,0.6090252188782552,0.0,0.0,,normal_clean,0.0,2026-07-03 22:07:23.140937
aa4f2f0c-da36-412f-bbcb-33ccb5d58b31,stu_0180,asm_002,2.0,0.0,1.0,-0.194729012151741,0.0,2.0,,normal_clean,0.0,2026-07-03 22:08:23.140937
55cd09b4-2a09-4d92-b30e-29780c91e97a,stu_0156,asm_003,2.0,0.0,1.0,0.004572172870068682,0.0,3.0,,normal_clean,0.0,2026-07-03 22:09:23.140937
8bfa0864-8e17-4c6b-b8ff-e9ea8e331451,stu_0137,asm_004,0.0,0.0,0.0,-0.18276964841627136,0.0,1.0,,normal_clean,0.0,2026-07-03 22:10:23.140937
ba489107-9744-4173-8c92-cad418cf6b37,stu_0042,asm_008,0.0,0.0,0.0,-0.39162664616811854,1.0,1.0,,normal_clean,0.0,2026-07-03 22:11:23.140937
4e34112f-1ecc-49c9-9b49-2487f9e356eb,stu_0098,asm_005,2.0,0.0,0.0,-0.1610307581028378,0.0,1.0,,normal_clean,0.0,2026-07-03 22:12:23.140937
3654a1c4-7640-41fb-aa4f-cdaca422dc25,stu_0164,asm_009,0.0,0.0,1.0,-0.8037416172806138,0.0,3.0,,normal_clean,0.0,2026-07-03 22:13:23.140937
b069d99d-aa1b-46e1-872b-f20ed89345c8,stu_0057,asm_006,0.0,0.0,0.0,0.0923169292661521,0.0,0.0,,normal_clean,0.0,2026-07-03 22:14:23.140937
e0cfe3c5-7de6-4f57-973c-a1fc6df20a74,stu_0197,asm_001,0.0,0.0,0.0,0.4080763614406854,0.0,0.0,,normal_clean,0.0,2026-07-03 22:15:23.140937
e3690e5b-4816-47b2-b2b8-b68f43273552,stu_0059,asm_001,2.0,0.0,0.0,0.23585364576348938,0.0,3.0,,normal_clean,0.0,2026-07-03 22:16:23.140937
150ab43c-b38a-40ae-ba27-8b25d106f1e6,stu_0081,asm_007,1.0,0.0,0.0,0.2834470353935436,1.0,1.0,,normal_clean,0.0,2026-07-03 22:17:23.140937
856c2baf-07a5-4dff-867b-48f2315c3e51,stu_0069,asm_002,1.0,0.0,1.0,-0.08225021708095225,0.0,2.0,,normal_clean,0.0,2026-07-03 22:18:23.140937
5321140d-adc0-4d98-bef0-30713971585e,stu_0055,asm_006,0.0,0.0,0.0,-0.6650370327573925,0.0,2.0,,normal_clean,0.0,2026-07-03 22:19:23.140937
a24e507b-8278-4631-a155-6f097ebfb35f,stu_0055,asm_008,0.0,0.0,1.0,-0.012643812785563984,0.0,3.0,,normal_clean,0.0,2026-07-03 22:20:23.140937
529bd501-9908-40a9-afbf-c1d756e25ce7,stu_0102,asm_008,2.0,0.0,0.0,-0.6592850803790563,0.0,4.0,,normal_clean,0.0,2026-07-03 22:21:23.140937
abf7b2ee-071a-42a1-a1c9-882b4ec3260c,stu_0037,asm_005,2.0,0.0,1.0,0.3601936210190983,1.0,2.0,,normal_clean,0.0,2026-07-03 22:22:23.140937
b358af8a-e9c2-41ab-98f5-1687444279a6,stu_0036,asm_004,1.0,0.0,0.0,1.3672110795308707,0.0,4.0,,normal_clean,0.0,2026-07-03 22:23:23.140937
ac08676b-e0af-4e92-acef-4a92e135ee1d,stu_0191,asm_009,0.0,0.0,1.0,0.04688271507597338,0.0,2.0,,normal_clean,0.0,2026-07-03 22:24:23.140937
c9c2faa8-3c78-4110-b843-ca2e636910d7,stu_0138,asm_005,0.0,0.0,1.0,-0.0620661944408298,1.0,2.0,,normal_clean,0.0,2026-07-03 22:25:23.140937
5ca4877c-40d2-497b-af51-48cf87347a5a,stu_0192,asm_007,0.0,0.0,1.0,0.37017040897386927,0.0,4.0,,normal_clean,0.0,2026-07-03 22:26:23.140937
0e8ca37f-67d8-47ea-b178-3792a582d376,stu_0150,asm_007,2.0,0.0,0.0,-0.463023309605739,0.0,1.0,,normal_clean,0.0,2026-07-03 22:27:23.140937
9d891b33-c551-4d8f-aabe-3bd618dfec6b,stu_0093,asm_004,2.0,0.0,1.0,-0.2564826588178109,0.0,1.0,,normal_clean,0.0,2026-07-03 22:28:23.140937
499b60c8-eeed-4165-b8ce-edbc8a1c3758,stu_0036,asm_009,2.0,0.0,1.0,-0.6528487770205452,0.0,1.0,,normal_clean,0.0,2026-07-03 22:29:23.140937
7c66277f-26db-4997-be20-2700bb518bc7,stu_0127,asm_002,0.0,0.0,1.0,-0.3753809215338364,0.0,2.0,,normal_clean,0.0,2026-07-03 22:30:23.140937
42fcb306-d05f-4086-ab26-e619bfe2ab50,stu_0194,asm_001,1.0,0.0,1.0,-0.9009439845032802,0.0,1.0,,normal_clean,0.0,2026-07-03 22:31:23.140937
f90b4dfe-9371-4375-a5d1-da666e2b1419,stu_0029,asm_003,0.0,0.0,1.0,0.2338585387490584,1.0,1.0,,normal_clean,0.0,2026-07-03 22:32:23.140937
a0894d18-7f65-4edd-9783-d1ba1271a35a,stu_0161,asm_003,2.0,0.0,0.0,-0.5916328107272095,0.0,3.0,,normal_clean,0.0,2026-07-03 22:33:23.140937
964784ce-0393-400a-b1bc-52ab5c8ee4a6,stu_0175,asm_007,2.0,0.0,0.0,0.24749782709584747,0.0,1.0,,normal_clean,0.0,2026-07-03 22:34:23.140937
6162632e-fc4f-458a-bc65-8a2476c125c4,stu_0153,asm_002,1.0,0.0,1.0,-0.24268177391455173,0.0,4.0,,normal_clean,0.0,2026-07-03 22:35:23.140937
99b5f56e-1cc7-400f-b162-0d0fbfdb9dcb,stu_0099,asm_007,1.0,0.0,1.0,0.04093706969316128,0.0,0.0,,normal_clean,0.0,2026-07-03 22:36:23.140937
12feeb21-bb64-4828-97dc-fb227c9d73fe,stu_0153,asm_008,1.0,0.0,1.0,0.1772097925598312,0.0,4.0,,normal_clean,0.0,2026-07-03 22:37:23.140937
ef101793-ce94-4ad7-9055-28a8572f006c,stu_0136,asm_005,0.0,0.0,0.0,-0.9401562942262782,0.0,4.0,,normal_clean,0.0,2026-07-03 22:38:23.140937
06143a3f-990f-4149-92eb-a71e91e72c95,stu_0142,asm_001,1.0,0.0,0.0,-0.3827546829036693,0.0,1.0,,normal_clean,0.0,2026-07-03 22:39:23.140937
3a80151b-a667-4cc8-ba47-264f7ebc7a4b,stu_0175,asm_002,1.0,0.0,1.0,0.21115688083203227,0.0,2.0,,normal_clean,0.0,2026-07-03 22:40:23.140937
7c9751e5-4d37-46a5-9288-6ec206f4bb13,stu_0175,asm_009,1.0,0.0,0.0,-0.36634610065192214,0.0,0.0,,normal_clean,0.0,2026-07-03 22:41:23.140937
12ac899b-cb34-401e-8a31-d7e712e1f0d7,stu_0193,asm_005,0.0,0.0,0.0,-0.28913845698206875,0.0,0.0,,normal_clean,0.0,2026-07-03 22:42:23.140937
4c49dd7f-9718-444e-9928-d6789afb1913,stu_0197,asm_006,2.0,0.0,1.0,-0.15967753890738903,0.0,4.0,,normal_clean,0.0,2026-07-03 22:43:23.140937
254917f2-5f7e-40a0-a127-c605f29ee708,stu_0029,asm_005,0.0,0.0,0.0,-0.10230825273879428,1.0,4.0,,normal_clean,0.0,2026-07-03 22:44:23.140937
bda552a4-0be3-4da2-9c0b-c2459638fcab,stu_0112,asm_003,1.0,0.0,0.0,-0.7596849829770067,0.0,4.0,,normal_clean,0.0,2026-07-03 22:45:23.140937
27ddd789-8317-45ea-9944-34c745ddaaee,stu_0117,asm_001,1.0,0.0,0.0,-0.24211703643312568,0.0,3.0,,normal_clean,0.0,2026-07-03 22:46:23.140937
7f4a8f67-24b4-4beb-8af6-d2367be103b2,stu_0185,asm_005,0.0,0.0,0.0,-0.1186959806033345,0.0,4.0,,normal_clean,0.0,2026-07-03 22:47:23.140937
3444978c-c627-4a03-8d1d-774fb978ba83,stu_0129,asm_003,2.0,0.0,1.0,0.9360028402361521,0.0,4.0,,normal_clean,0.0,2026-07-03 22:48:23.140937
78b6502b-24c1-486d-8a07-fed4e0c6ee48,stu_0130,asm_002,2.0,0.0,1.0,0.7715338259295419,0.0,1.0,,normal_clean,0.0,2026-07-03 22:49:23.140937
f5817918-2c7a-441d-928d-b927947d4563,stu_0161,asm_005,1.0,0.0,0.0,0.6616319035756183,0.0,0.0,,normal_clean,0.0,2026-07-03 22:50:23.140937
5accad3e-ebd5-4d85-be92-9903a6003476,stu_0164,asm_009,0.0,0.0,0.0,-0.10122876291577558,0.0,2.0,,normal_clean,0.0,2026-07-03 22:51:23.140937
5de4b728-443a-4ef0-b288-f92de592cd48,stu_0156,asm_004,1.0,0.0,0.0,0.030448303558580192,0.0,0.0,,normal_clean,0.0,2026-07-03 22:52:23.140937
0c4429a3-94aa-4f88-9ebd-05d274d80a46,stu_0040,asm_006,0.0,0.0,0.0,0.22314467400095903,0.0,1.0,,normal_clean,0.0,2026-07-03 22:53:23.140937
732efd7e-6dc0-4f9a-8524-47daa2e160c3,stu_0196,asm_003,2.0,0.0,1.0,0.5681211585596314,0.0,3.0,,normal_clean,0.0,2026-07-03 22:54:23.140937
6df699a6-cba7-4155-ba00-da40dc3b5d30,stu_0139,asm_009,2.0,0.0,1.0,-0.2432163830261803,0.0,1.0,,normal_clean,0.0,2026-07-03 22:55:23.140937
b91fcb8a-a1aa-4aef-b53b-744af41ede5f,stu_0001,asm_006,1.0,0.0,1.0,0.10379913064285995,0.0,2.0,,normal_clean,0.0,2026-07-03 22:56:23.140937
e8b412b3-a18e-418e-a9fe-7e5391d21a79,stu_0126,asm_001,0.0,0.0,0.0,0.17850774298252367,0.0,4.0,,normal_clean,0.0,2026-07-03 22:57:23.140937
c2e2e995-8606-464a-9381-f2eecb0e855e,stu_0029,asm_006,0.0,0.0,0.0,-0.3464547976303271,1.0,3.0,,normal_clean,0.0,2026-07-03 22:58:23.140937
6d2dfe1d-3a7c-4775-be5c-5ba69b4b7841,stu_0079,asm_004,1.0,0.0,0.0,0.3736468025616309,1.0,3.0,,normal_clean,0.0,2026-07-03 22:59:23.140937
73e6b6ca-d0d9-4ab5-b396-06959a2b76f6,stu_0015,asm_004,1.0,0.0,0.0,0.3051851327167324,0.0,4.0,,normal_clean,0.0,2026-07-03 23:00:23.140937
aa1b77d7-9dfe-4fe4-b990-5f8d712ea968,stu_0146,asm_002,0.0,0.0,0.0,0.4127081744940149,0.0,0.0,,normal_clean,0.0,2026-07-03 23:01:23.140937
9bcb102b-9a34-4c24-b3b2-6923c2ca9235,stu_0022,asm_008,0.0,0.0,1.0,0.40675481800031926,0.0,0.0,,normal_clean,0.0,2026-07-03 23:02:23.140937
8b38f887-304b-44fd-b8b8-0cb3d41fd852,stu_0018,asm_009,1.0,0.0,0.0,-0.11961239893487757,0.0,0.0,,normal_clean,0.0,2026-07-03 23:03:23.140937
ccf73fce-6c1f-4fe2-b68a-ac23d2ce79f9,stu_0197,asm_003,2.0,0.0,1.0,0.42698735553392797,0.0,3.0,,normal_clean,0.0,2026-07-03 23:04:23.140937
e40d3dfd-5d06-4e75-a782-92ae3bf2795b,stu_0033,asm_008,1.0,0.0,0.0,0.048497982496359095,0.0,4.0,,normal_clean,0.0,2026-07-03 23:05:23.140937
22bd31a1-d811-4452-9f25-b9c2eae7807e,stu_0141,asm_003,0.0,0.0,0.0,0.2975785127184568,0.0,3.0,,normal_clean,0.0,2026-07-03 23:06:23.140937
ae698e30-f802-4791-9edc-51fc9e21be4a,stu_0068,asm_009,2.0,0.0,0.0,0.38533916476155555,0.0,4.0,,normal_clean,0.0,2026-07-03 23:07:23.140937
13b7ff64-8b88-4362-9eb0-4865bc6e6b87,stu_0156,asm_007,0.0,0.0,1.0,0.3335280517348957,1.0,1.0,,normal_clean,0.0,2026-07-03 23:08:23.140937
43a58747-bda3-4262-acce-2aaedca88993,stu_0055,asm_009,0.0,0.0,0.0,-0.1545462545984609,0.0,3.0,,normal_clean,0.0,2026-07-03 23:09:23.140937
a62fef21-06b6-4565-8845-655ed9a9ea5a,stu_0194,asm_004,0.0,0.0,1.0,0.40190652568812923,0.0,0.0,,normal_clean,0.0,2026-07-03 23:10:23.140937
49dcc017-f707-48a1-ad77-a8bc341f3994,stu_0183,asm_005,0.0,0.0,1.0,0.12248328555436139,0.0,1.0,,normal_clean,0.0,2026-07-03 23:11:23.140937
1c4991a9-22c3-4bfb-bcaf-264d747a10bf,stu_0103,asm_006,2.0,0.0,1.0,-0.2534715876855649,0.0,4.0,,normal_clean,0.0,2026-07-03 23:12:23.140937
21d76140-d2b7-4379-9731-94f7d52592f4,stu_0113,asm_009,0.0,0.0,1.0,0.5771771692044619,1.0,0.0,,normal_clean,0.0,2026-07-03 23:13:23.140937
fc8b7707-6a9c-4b12-a0cc-3b92c41aa10f,stu_0116,asm_002,0.0,0.0,1.0,-0.2386908652876604,0.0,3.0,,normal_clean,0.0,2026-07-03 23:14:23.140937
90420575-928a-4a1a-ba11-742b2c012109,stu_0064,asm_004,2.0,0.0,0.0,0.1554537827990023,0.0,1.0,,normal_clean,0.0,2026-07-03 23:15:23.140937
916601f9-09ab-4c85-8679-aca74b560267,stu_0017,asm_006,2.0,0.0,0.0,0.737678108474776,0.0,4.0,,normal_clean,0.0,2026-07-03 23:16:23.140937
a1216e95-9383-4e34-b0ff-920d8b4b6f83,stu_0006,asm_009,0.0,0.0,1.0,-0.34117130056007694,0.0,4.0,,normal_clean,0.0,2026-07-03 23:17:23.140937
49420fd6-01fc-46c7-8fc4-7ed63589282e,stu_0059,asm_004,2.0,0.0,0.0,-0.02409774276790648,0.0,2.0,,normal_clean,0.0,2026-07-03 23:18:23.140937
20079bf3-7ce3-4f7d-a5c1-101969ff445a,stu_0002,asm_002,0.0,0.0,1.0,-0.0543800742284288,0.0,0.0,,normal_clean,0.0,2026-07-03 23:19:23.140937
74c392f1-c94f-49e2-8250-c509ac539d08,stu_0182,asm_001,1.0,0.0,0.0,0.20085586104947073,1.0,3.0,,normal_clean,0.0,2026-07-03 23:20:23.140937
4f23ae6a-593c-4f39-950f-08afd8eb5233,stu_0059,asm_002,0.0,0.0,1.0,-0.9483736100914611,0.0,4.0,,normal_clean,0.0,2026-07-03 23:21:23.140937
4463aaf9-d2a3-4c4d-95a5-7eddb01739a3,stu_0009,asm_006,2.0,0.0,1.0,0.29954666291457055,0.0,2.0,,normal_clean,0.0,2026-07-03 23:22:23.140937
0fbd2e4c-4a8b-42a7-9fa0-b02879714901,stu_0019,asm_009,2.0,0.0,1.0,-0.3509067212638001,1.0,2.0,,normal_clean,0.0,2026-07-03 23:23:23.140937
c02281ae-2c44-48f6-9117-9086dadf18e3,stu_0061,asm_005,2.0,0.0,0.0,-0.48355552730048335,1.0,1.0,,normal_clean,0.0,2026-07-03 23:24:23.140937
d6838867-e8d5-4f91-8085-21730f49b6d4,stu_0172,asm_008,1.0,0.0,1.0,-0.15408897663739352,0.0,3.0,,normal_clean,0.0,2026-07-03 23:25:23.140937
3fbf0332-06db-48b1-a614-996ae01ba4ca,stu_0055,asm_009,1.0,0.0,1.0,-0.36871473323839127,0.0,1.0,,normal_clean,0.0,2026-07-03 23:26:23.140937
78bcdced-8d5d-4321-aaf2-30550ecd4e55,stu_0034,asm_008,0.0,0.0,0.0,-0.16168639950160085,0.0,0.0,,normal_clean,0.0,2026-07-03 23:27:23.140937
383f0638-cc8f-4f4f-aff6-05cae092b5ed,stu_0063,asm_008,0.0,0.0,0.0,-0.8300587102781667,0.0,3.0,,normal_clean,0.0,2026-07-03 23:28:23.140937
8cbf3966-b7e7-444b-8e0a-91b6be3a61e7,stu_0105,asm_004,0.0,0.0,0.0,-0.6601166035103211,1.0,1.0,,normal_clean,0.0,2026-07-03 23:29:23.140937
199cdeb4-6aa4-49f7-afcc-4f9d1a6628ea,stu_0025,asm_002,2.0,0.0,0.0,0.9157293829271769,0.0,0.0,,normal_clean,0.0,2026-07-03 23:30:23.140937
336e426b-57f5-4863-9b91-c17c47e65803,stu_0169,asm_007,1.0,0.0,0.0,0.1703076256441799,0.0,1.0,,normal_clean,0.0,2026-07-03 23:31:23.140937
8eae21c7-889b-4bf4-8685-c85435b06895,stu_0091,asm_007,2.0,0.0,0.0,-0.0068889776335959475,1.0,2.0,,normal_clean,0.0,2026-07-03 23:32:23.140937
27917980-17e6-4984-b57b-fc6f16b2cc62,stu_0106,asm_008,0.0,0.0,0.0,0.10934154613807044,0.0,4.0,,normal_clean,0.0,2026-07-03 23:33:23.140937
60552424-bb36-486d-9cb3-e6f260569905,stu_0187,asm_001,1.0,0.0,0.0,-0.2421878459846518,0.0,4.0,,normal_clean,0.0,2026-07-03 23:34:23.140937
9e87cadf-8a21-45af-95f8-73baa39ce1e0,stu_0173,asm_002,0.0,0.0,0.0,-0.32213759008397397,0.0,0.0,,normal_clean,0.0,2026-07-03 23:35:23.140937
d696e48a-8332-43c0-bac7-3f72a999adb0,stu_0016,asm_007,1.0,0.0,0.0,0.677985192654096,1.0,4.0,,normal_clean,0.0,2026-07-03 23:36:23.140937
44326eca-9847-4b89-a89a-6f0c5d45fea3,stu_0187,asm_006,1.0,0.0,0.0,0.530223407055234,0.0,1.0,,normal_clean,0.0,2026-07-03 23:37:23.140937
320c7a71-a207-435d-98a8-c5dbb6330835,stu_0028,asm_004,1.0,0.0,1.0,0.7706854984590913,0.0,2.0,,normal_clean,0.0,2026-07-03 23:38:23.140937
43fdd87f-27cb-4726-9d75-75f4d795ca1c,stu_0050,asm_004,2.0,0.0,1.0,0.08498645145365415,0.0,2.0,,normal_clean,0.0,2026-07-03 23:39:23.140937
6207808c-a63f-425a-b107-3e602701ea40,stu_0138,asm_008,0.0,0.0,0.0,0.5766225932142279,0.0,4.0,,normal_clean,0.0,2026-07-03 23:40:23.140937
c908f3f0-3a7b-400e-b961-3388eaa6e15a,stu_0036,asm_007,0.0,0.0,1.0,-0.48246173029005224,0.0,3.0,,normal_clean,0.0,2026-07-03 23:41:23.140937
a0bd43f0-a385-4a9f-9acc-9c267937f854,stu_0047,asm_005,1.0,0.0,1.0,0.34302572999921965,0.0,1.0,,normal_clean,0.0,2026-07-03 23:42:23.140937
1b82e85e-0e25-4aac-97e8-03184ea53c40,stu_0119,asm_004,1.0,0.0,0.0,0.4430317801230766,0.0,0.0,,normal_clean,0.0,2026-07-03 23:43:23.140937
24c31ba1-2c81-4f55-a016-16682d6f1353,stu_0020,asm_008,2.0,0.0,1.0,-0.06853891052092648,0.0,1.0,,normal_clean,0.0,2026-07-03 23:44:23.140937
06d64047-0c67-465a-a672-4148bb7b7c08,stu_0141,asm_002,2.0,0.0,0.0,-0.007359129317468332,0.0,4.0,,normal_clean,0.0,2026-07-03 23:45:23.140937
d581b71f-d4eb-4672-8793-be1bc3a61e74,stu_0013,asm_009,1.0,0.0,1.0,0.3982027148481633,0.0,4.0,,normal_clean,0.0,2026-07-03 23:46:23.140937
80f5283b-da64-4656-9a6a-23b7a2e08800,stu_0004,asm_002,1.0,0.0,0.0,-0.9096502247649646,0.0,2.0,,normal_clean,0.0,2026-07-03 23:47:23.140937
afc3950d-9e30-41f0-9565-712545b31823,stu_0193,asm_004,1.0,0.0,1.0,0.4573027577970422,0.0,3.0,,normal_clean,0.0,2026-07-03 23:48:23.140937
9692fb78-9da9-4d05-9782-679961178d0b,stu_0043,asm_007,0.0,0.0,0.0,0.02185133404213685,1.0,4.0,,normal_clean,0.0,2026-07-03 23:49:23.140937
d281daf4-8859-410c-bc1a-66441afff24b,stu_0125,asm_008,1.0,0.0,0.0,0.5368410060493762,0.0,4.0,,normal_clean,0.0,2026-07-03 23:50:23.140937
f03f17dd-7913-4ab3-8589-ff4f4f916aed,stu_0055,asm_007,1.0,0.0,1.0,-0.11792990407533849,0.0,4.0,,normal_clean,0.0,2026-07-03 23:51:23.140937
d340c416-fb75-4a1e-9cab-e5f760a0396c,stu_0016,asm_003,0.0,0.0,1.0,-0.03838195451416601,0.0,1.0,,normal_clean,0.0,2026-07-03 23:52:23.140937
4d4b7ebf-7262-49c4-bf5d-4f246eb7e03b,stu_0098,asm_001,0.0,0.0,1.0,-0.6092448206432928,0.0,0.0,,normal_clean,0.0,2026-07-03 23:53:23.140937
bb9b4dd6-209a-417a-9601-3cac0e44619c,stu_0100,asm_005,1.0,0.0,0.0,-0.5801625126346529,0.0,2.0,,normal_clean,0.0,2026-07-03 23:54:23.140937
4facaf46-1965-4496-aa20-2ff9c937254c,stu_0117,asm_005,2.0,0.0,1.0,-0.05616402484541491,0.0,0.0,,normal_clean,0.0,2026-07-03 23:55:23.140937
15fbcea9-b700-4b6b-874f-61ec5bb65813,stu_0109,asm_009,2.0,0.0,0.0,-0.11048479976661149,1.0,1.0,,normal_clean,0.0,2026-07-03 23:56:23.140937
8c1e42cd-bed3-49a3-9208-96b172fe348e,stu_0170,asm_008,2.0,0.0,1.0,0.8224838567506418,0.0,2.0,,normal_clean,0.0,2026-07-03 23:57:23.140937
e0ed5394-efde-4101-a4fc-f9beb8cdc88b,stu_0040,asm_004,2.0,0.0,0.0,-0.12451801977818916,0.0,2.0,,normal_clean,0.0,2026-07-03 23:58:23.140937
00fc270b-d473-4480-90f2-ca87710a31c9,stu_0076,asm_004,2.0,0.0,1.0,-0.06395879574038327,0.0,0.0,,normal_clean,0.0,2026-07-03 23:59:23.140937
e66500e5-627a-4b58-abf1-f36d99337b94,stu_0015,asm_009,2.0,0.0,0.0,-0.4777702203002129,0.0,0.0,,normal_clean,0.0,2026-07-04 00:00:23.140937
eebcaafe-a287-44b2-a26d-22f5368316e8,stu_0016,asm_006,0.0,0.0,0.0,0.03763297296459388,0.0,4.0,,normal_clean,0.0,2026-07-04 00:01:23.140937
618d15bb-b99a-48e8-a013-a225414daa11,stu_0015,asm_001,0.0,0.0,1.0,-0.43750433372903796,0.0,0.0,,normal_clean,0.0,2026-07-04 00:02:23.140937
daaf39ed-e9b9-430e-a6cd-5b9a61edb64c,stu_0150,asm_008,0.0,0.0,1.0,0.03868415382380915,0.0,0.0,,normal_clean,0.0,2026-07-04 00:03:23.140937
c525a911-4403-4284-96e3-523f34b66651,stu_0129,asm_009,2.0,0.0,1.0,-0.43064210066413183,0.0,3.0,,normal_clean,0.0,2026-07-04 00:04:23.140937
0aa22dae-1c0f-4062-b4bd-7c4bd57d3204,stu_0041,asm_001,1.0,0.0,1.0,-0.9568887901341782,1.0,4.0,,normal_clean,0.0,2026-07-04 00:05:23.140937
10627541-33dc-4f44-a293-853abc3f7310,stu_0131,asm_002,0.0,0.0,0.0,0.4706422890302375,0.0,4.0,,normal_clean,0.0,2026-07-04 00:06:23.140937
6c499a7b-ba51-4cce-b251-65881427f917,stu_0048,asm_002,1.0,0.0,1.0,-0.32532128456091347,0.0,0.0,,normal_clean,0.0,2026-07-04 00:07:23.140937
a2515a07-40bc-435c-8833-a854b3dabfd1,stu_0153,asm_002,2.0,0.0,0.0,-0.24356269188234803,0.0,4.0,,normal_clean,0.0,2026-07-04 00:08:23.140937
97ee4330-6aa6-4be8-b577-55148fbd1acf,stu_0173,asm_004,8.0,4.0,8.0,-1.304873365508429,0.0,0.0,1.0,true_violation,1.0,2026-07-04 00:09:23.140937
3f299c2c-a795-4f00-860d-de835653b525,stu_0104,asm_002,8.0,4.0,8.0,-1.5424544162479161,0.0,0.0,1.0,true_violation,1.0,2026-07-04 00:10:23.140937
c593cb90-3460-46ad-b73c-8a12f1f070a1,stu_0146,asm_004,10.0,2.0,8.0,-1.2495414061878096,0.0,0.0,1.0,true_violation,1.0,2026-07-04 00:11:23.140937
619336de-5e90-414c-b9f3-e2ab9c6ff4a6,stu_0149,asm_001,13.0,3.0,9.0,-1.9887776223992755,0.0,0.0,,true_violation,1.0,2026-07-04 00:12:23.140937
324f60a5-3d88-432d-a278-6bde538e586d,stu_0159,asm_002,12.0,3.0,5.0,-1.7153961939613085,0.0,0.0,1.0,true_violation,1.0,2026-07-04 00:13:23.140937
91cdbcb7-0a40-461f-b7ba-76a588be9985,stu_0108,asm_009,14.0,3.0,6.0,-1.2527166989287577,0.0,0.0,1.0,true_violation,1.0,2026-07-04 00:14:23.140937
a2bc9c27-98e4-4148-bc63-99cc2f31a4a3,stu_0081,asm_005,7.0,2.0,6.0,-1.7293096384714994,0.0,0.0,1.0,true_violation,1.0,2026-07-04 00:15:23.140937
2ac440e8-5cc3-4860-8b0e-b1306d6ce608,stu_0053,asm_006,14.0,3.0,8.0,-1.6533581996609086,0.0,0.0,,true_violation,1.0,2026-07-04 00:16:23.140937
3bea12c5-3cd7-4521-b3c0-69bca60e5736,stu_0062,asm_005,9.0,3.0,5.0,-1.5989814843506576,0.0,0.0,1.0,true_violation,1.0,2026-07-04 00:17:23.140937
b15b3bc1-d737-481d-a83b-6be1bf55a10b,stu_0102,asm_003,7.0,2.0,8.0,-1.2615859528379447,0.0,0.0,1.0,true_violation,1.0,2026-07-04 00:18:23.140937
b64d5cf4-3d75-4c6b-bc31-ade3bd97619d,stu_0172,asm_005,6.0,3.0,7.0,-0.9968535953927797,0.0,0.0,1.0,true_violation,1.0,2026-07-04 00:19:23.140937
7cc07e0b-cd39-4273-b61e-c9e878ee0798,stu_0118,asm_006,5.0,4.0,7.0,-1.7884459347615744,0.0,0.0,,true_violation,1.0,2026-07-04 00:20:23.140937
27cb7d88-0db7-408f-bfd7-dd4ba945d505,stu_0193,asm_002,13.0,2.0,3.0,-1.861669541225617,0.0,0.0,,true_violation,1.0,2026-07-04 00:21:23.140937
876a1fd0-deb3-434a-b27e-2c9807af3a14,stu_0003,asm_008,11.0,4.0,8.0,-0.2830759607987918,0.0,0.0,,true_violation,1.0,2026-07-04 00:22:23.140937
49a6573e-90ff-4c1d-a5a7-1f9c9f77084e,stu_0160,asm_002,5.0,2.0,8.0,-1.779870987364136,0.0,0.0,1.0,true_violation,1.0,2026-07-04 00:23:23.140937
db888583-d2fe-47d6-9a43-e737b4aa47f5,stu_0019,asm_009,9.0,4.0,3.0,-0.7474874426695896,0.0,0.0,,true_violation,1.0,2026-07-04 00:24:23.140937
12e3904f-cd04-4a04-adfd-ed54f4440e6f,stu_0055,asm_009,6.0,4.0,5.0,-1.4082440884561322,0.0,0.0,,true_violation,1.0,2026-07-04 00:25:23.140937
08e250b3-7ff2-475d-9acc-0c97e5dd1fa4,stu_0068,asm_003,12.0,4.0,3.0,-1.323421188388667,0.0,0.0,1.0,true_violation,1.0,2026-07-04 00:26:23.140937
324c507b-0f50-4f11-bb2c-ff4b9e5c6f6e,stu_0090,asm_002,9.0,3.0,6.0,-1.6592392553251696,0.0,0.0,,true_violation,1.0,2026-07-04 00:27:23.140937
e90e3d25-b29a-4a99-a8af-9ebfba21bc4f,stu_0063,asm_006,9.0,4.0,5.0,-1.6595285105331716,0.0,0.0,1.0,true_violation,1.0,2026-07-04 00:28:23.140937
8e0f5580-204c-4861-a1b1-dfb6a7c23e6e,stu_0073,asm_003,14.0,3.0,6.0,-1.0898771302568724,0.0,0.0,1.0,true_violation,1.0,2026-07-04 00:29:23.140937
5da4fd4a-945a-4926-bb1b-f6dbc999021c,stu_0113,asm_009,6.0,4.0,8.0,-2.353638577813799,0.0,0.0,,true_violation,1.0,2026-07-04 00:30:23.140937
f1c77818-2485-4173-ba09-91bf6175aee8,stu_0181,asm_005,7.0,2.0,8.0,-2.6631758567498887,0.0,0.0,1.0,true_violation,1.0,2026-07-04 00:31:23.140937
6ed867d8-b571-4c09-9e15-db7173ba0179,stu_0157,asm_009,5.0,2.0,3.0,-0.7445983909427369,0.0,0.0,1.0,true_violation,1.0,2026-07-04 00:32:23.140937
65cbd80a-363e-4c0f-adc9-6d4884706d84,stu_0003,asm_009,5.0,4.0,9.0,-1.8735539444701315,0.0,0.0,1.0,true_violation,1.0,2026-07-04 00:33:23.140937
e408591b-ab78-45ee-bc02-d7e8fa2da9d8,stu_0077,asm_002,12.0,4.0,9.0,-1.4725403506738715,0.0,0.0,1.0,true_violation,1.0,2026-07-04 00:34:23.140937
fcaaed06-3c43-492b-a8a9-4d320523487f,stu_0035,asm_005,7.0,3.0,8.0,-0.892638970156726,0.0,0.0,,true_violation,1.0,2026-07-04 00:35:23.140937
8abdc588-df45-4a69-9233-349f12239502,stu_0030,asm_002,14.0,4.0,9.0,-1.9404318222441304,0.0,0.0,1.0,true_violation,1.0,2026-07-04 00:36:23.140937
41051fb4-496e-4eab-964c-e304d89f0962,stu_0191,asm_009,5.0,3.0,9.0,-1.0859232548049473,0.0,0.0,,true_violation,1.0,2026-07-04 00:37:23.140937
0f50c0c7-78f4-4fb0-80c8-86dcbea804ca,stu_0040,asm_005,11.0,2.0,8.0,-0.9950525194751699,0.0,0.0,,true_violation,1.0,2026-07-04 00:38:23.140937
0a8e24b4-536e-4df9-ad19-74b247139121,stu_0073,asm_004,8.0,3.0,4.0,-1.260510087126804,0.0,0.0,1.0,true_violation,1.0,2026-07-04 00:39:23.140937
e51be87e-ade5-4c38-869b-8ff19d45ff55,stu_0184,asm_006,5.0,3.0,8.0,-1.3331689473565258,0.0,0.0,,true_violation,1.0,2026-07-04 00:40:23.140937
39d7ca5f-f7ca-4dac-94cf-27db137735c5,stu_0053,asm_005,8.0,2.0,6.0,-0.856512518075203,0.0,0.0,,true_violation,1.0,2026-07-04 00:41:23.140937
a3275ecf-660e-42b3-ac41-f1b038629c71,stu_0130,asm_008,9.0,2.0,9.0,-1.72231877912282,0.0,0.0,1.0,true_violation,1.0,2026-07-04 00:42:23.140937
c46a1387-a6bb-44e2-a79a-ad82815f2e49,stu_0065,asm_001,8.0,2.0,4.0,-1.4863676475905607,0.0,0.0,1.0,true_violation,1.0,2026-07-04 00:43:23.140937
f6eaab96-8352-42e3-b7fb-bd8ce54d9e50,stu_0024,asm_007,8.0,3.0,5.0,-1.5675501539574688,0.0,0.0,1.0,true_violation,1.0,2026-07-04 00:44:23.140937
183aa211-b00b-49b2-a4fb-630cf9ba711d,stu_0071,asm_001,9.0,4.0,8.0,-1.4147028982095684,0.0,0.0,1.0,true_violation,1.0,2026-07-04 00:45:23.140937
2d5c361d-7018-4571-aa2b-1b80bc0d6361,stu_0001,asm_006,12.0,4.0,9.0,-1.082217300825048,0.0,0.0,1.0,true_violation,1.0,2026-07-04 00:46:23.140937
8a9d2b8c-ab56-4afb-98e7-e60885c4c883,stu_0198,asm_003,14.0,3.0,5.0,-1.3600156868400899,0.0,0.0,,true_violation,1.0,2026-07-04 00:47:23.140937
92904928-5ce3-4e6d-a108-8a274bc6564d,stu_0164,asm_005,6.0,2.0,3.0,-2.0627445236491884,0.0,0.0,,true_violation,1.0,2026-07-04 00:48:23.140937
31d69973-a3bd-499f-a2a3-5509b784b63b,stu_0042,asm_008,12.0,4.0,6.0,-0.8975146763496259,0.0,0.0,1.0,true_violation,1.0,2026-07-04 00:49:23.140937
874d087c-fd52-46ef-bbbf-71bf27398e76,stu_0142,asm_007,14.0,2.0,8.0,-1.1637874905524535,0.0,0.0,1.0,true_violation,1.0,2026-07-04 00:50:23.140937
cef7ce0d-8719-4099-9493-c40bee491bbd,stu_0144,asm_001,7.0,2.0,8.0,-1.9948024101292905,0.0,0.0,1.0,true_violation,1.0,2026-07-04 00:51:23.140937
652ae441-d31f-4896-adcf-87812f280c9b,stu_0029,asm_002,9.0,3.0,8.0,-1.562893460049824,0.0,0.0,1.0,true_violation,1.0,2026-07-04 00:52:23.140937
776d7ec4-3a58-4031-a0b2-1ed0d204375a,stu_0177,asm_003,8.0,3.0,9.0,-0.23065444913125677,0.0,0.0,1.0,true_violation,1.0,2026-07-04 00:53:23.140937
049dcbe4-5ab7-45ca-978d-2ca270a46867,stu_0140,asm_001,9.0,4.0,3.0,-1.238023666446103,0.0,0.0,1.0,true_violation,1.0,2026-07-04 00:54:23.140937
32d2c874-7136-4552-a1ef-cc3599919cda,stu_0095,asm_009,9.0,2.0,4.0,-2.006052187630084,0.0,0.0,1.0,true_violation,1.0,2026-07-04 00:55:23.140937
e29612b2-321b-4b73-a7b1-bd40d8b7f032,stu_0038,asm_007,13.0,3.0,5.0,-2.3274283359328845,0.0,0.0,,true_violation,1.0,2026-07-04 00:56:23.140937
8b997262-d23f-4d35-b737-fed48be20f96,stu_0033,asm_001,10.0,3.0,9.0,-0.8649372267121422,0.0,0.0,,true_violation,1.0,2026-07-04 00:57:23.140937
97208089-b4e6-4311-889f-4f4c6d25fbca,stu_0079,asm_006,5.0,4.0,5.0,-1.9092371085211957,0.0,0.0,1.0,true_violation,1.0,2026-07-04 00:58:23.140937
0f96dee2-8400-411c-9496-b8ede1cf5d5d,stu_0011,asm_006,7.0,3.0,3.0,-2.8484433214707856,0.0,0.0,1.0,true_violation,1.0,2026-07-04 00:59:23.140937
e23998fc-f5f3-4798-87da-d2d5e4aab272,stu_0054,asm_004,12.0,2.0,3.0,-1.5271474332589061,0.0,0.0,1.0,true_violation,1.0,2026-07-04 01:00:23.140937
42c5a888-828c-4106-a97d-8a0b5a18c9b4,stu_0171,asm_002,10.0,3.0,6.0,-1.4607955387469616,0.0,0.0,1.0,true_violation,1.0,2026-07-04 01:01:23.140937
295062e5-8b95-4654-bd4c-358619373614,stu_0091,asm_009,5.0,2.0,3.0,-2.242350785758536,0.0,0.0,,true_violation,1.0,2026-07-04 01:02:23.140937
be8da010-271a-4cb7-a693-34e22289d428,stu_0105,asm_003,8.0,3.0,8.0,-0.21332009837506982,0.0,0.0,,true_violation,1.0,2026-07-04 01:03:23.140937
00394cab-d176-420a-a969-0d5ec03d10a5,stu_0061,asm_003,11.0,4.0,5.0,-1.4703907829927558,0.0,0.0,1.0,true_violation,1.0,2026-07-04 01:04:23.140937
f00bd5fe-8123-467e-b5af-26e32594b359,stu_0046,asm_007,12.0,4.0,8.0,-1.7868310034401182,0.0,0.0,,true_violation,1.0,2026-07-04 01:05:23.140937
84a1cde8-00ca-4918-b559-ec7e4ed1de96,stu_0007,asm_003,12.0,4.0,4.0,-1.773429470620196,0.0,0.0,,true_violation,1.0,2026-07-04 01:06:23.140937
6c0d6ecb-2f9c-4868-8bd5-2533fc61fd14,stu_0189,asm_006,5.0,3.0,5.0,-0.805708865479856,0.0,0.0,1.0,true_violation,1.0,2026-07-04 01:07:23.140937
8483c402-1623-4c96-85d2-a07f52bb0d8c,stu_0106,asm_004,5.0,3.0,8.0,-2.829675678524686,0.0,0.0,1.0,true_violation,1.0,2026-07-04 01:08:23.140937
60a140c4-22e4-4cf0-8ab0-d9e65a6ff4df,stu_0069,asm_003,5.0,0.0,0.0,0.8217339550279616,1.0,17.0,0.0,fp_network,1.0,2026-07-04 01:09:23.140937
b8aa38cf-9632-488b-8bc3-b0f5f06ea920,stu_0180,asm_002,4.0,0.0,0.0,1.1191481310607243,1.0,16.0,0.0,fp_network,1.0,2026-07-04 01:10:23.140937
7ed09dc5-4b66-4847-a72b-2efd27623d5c,stu_0098,asm_001,6.0,0.0,0.0,0.2962441526410894,1.0,23.0,0.0,fp_network,1.0,2026-07-04 01:11:23.140937
a301f37e-2f19-43a4-8abf-50a2286bd55e,stu_0121,asm_004,5.0,0.0,0.0,0.6110916562045623,1.0,10.0,0.0,fp_network,1.0,2026-07-04 01:12:23.140937
b4cdfe0e-2966-4bcf-bcbd-f52788a7c584,stu_0052,asm_008,6.0,0.0,0.0,0.871591486037134,1.0,12.0,,fp_network,1.0,2026-07-04 01:13:23.140937
1486f4e0-318c-4558-89b0-61e8df87f1d2,stu_0090,asm_005,7.0,0.0,0.0,1.512143290889695,1.0,17.0,0.0,fp_network,1.0,2026-07-04 01:14:23.140937
91530b70-758c-46be-9499-0637e35a2a1e,stu_0059,asm_004,5.0,0.0,0.0,1.406280298181532,1.0,28.0,,fp_network,1.0,2026-07-04 01:15:23.140937
dad16a29-23d8-4deb-bdcf-63ce81911855,stu_0007,asm_004,4.0,0.0,0.0,0.05965411536274434,1.0,24.0,0.0,fp_network,1.0,2026-07-04 01:16:23.140937
0af97634-af4a-4717-a3e3-30f0bb472593,stu_0103,asm_006,7.0,0.0,0.0,0.8798373009209325,1.0,23.0,0.0,fp_network,1.0,2026-07-04 01:17:23.140937
9382aef6-04b2-4f0d-823b-2f648091d82c,stu_0072,asm_002,7.0,0.0,0.0,0.8125895962252012,1.0,23.0,0.0,fp_network,1.0,2026-07-04 01:18:23.140937
920482f5-6c91-47b5-9f03-c3040a590c77,stu_0198,asm_005,6.0,0.0,0.0,0.8620952171990042,1.0,25.0,,fp_network,1.0,2026-07-04 01:19:23.140937
e9ec3aef-35ba-4023-ae32-7977146430ba,stu_0090,asm_009,5.0,0.0,0.0,0.4712343742833288,1.0,16.0,,fp_network,1.0,2026-07-04 01:20:23.140937
6961a765-677a-4a84-a3ee-d310115aa315,stu_0103,asm_009,5.0,0.0,0.0,0.16511041396579995,1.0,11.0,,fp_network,1.0,2026-07-04 01:21:23.140937
1f271cf8-2cb2-41d7-bed3-ba6e68b4135d,stu_0085,asm_001,4.0,0.0,0.0,1.8823434671313595,1.0,24.0,0.0,fp_network,1.0,2026-07-04 01:22:23.140937
966605e3-c685-4eed-af4c-2cc65c2110b3,stu_0030,asm_005,4.0,0.0,0.0,0.37924938452543877,1.0,11.0,,fp_network,1.0,2026-07-04 01:23:23.140937
ac2d51af-0d03-4fda-9365-c023d49beef9,stu_0046,asm_005,6.0,0.0,0.0,0.5918472954725772,1.0,21.0,,fp_network,1.0,2026-07-04 01:24:23.140937
d0deae51-30bf-4248-8340-b97074b41fe1,stu_0010,asm_002,7.0,0.0,0.0,0.35978532375185845,1.0,18.0,,fp_network,1.0,2026-07-04 01:25:23.140937
9cf90a2e-ddca-4fee-ac6c-0d03f621612b,stu_0153,asm_007,5.0,0.0,0.0,1.8773970909921824,1.0,21.0,,fp_network,1.0,2026-07-04 01:26:23.140937
0233bf8a-a15e-4d24-9657-d869e7384827,stu_0089,asm_006,6.0,0.0,0.0,1.4859113450863677,1.0,26.0,,fp_network,1.0,2026-07-04 01:27:23.140937
14e8c02c-95e6-4c2f-80be-3958713adeb7,stu_0112,asm_009,5.0,0.0,0.0,0.9845208746817133,1.0,28.0,,fp_network,1.0,2026-07-04 01:28:23.140937
404e89c1-cde0-4194-a9ab-46873c28dbe6,stu_0030,asm_007,4.0,0.0,0.0,1.1539008844460297,1.0,22.0,0.0,fp_network,1.0,2026-07-04 01:29:23.140937
ee91b07c-4dd4-4543-99af-257485435aa1,stu_0148,asm_004,4.0,0.0,0.0,0.14491580367168722,1.0,16.0,0.0,fp_network,1.0,2026-07-04 01:30:23.140937
20b36275-add1-4900-96db-6e0f02819a4c,stu_0066,asm_001,4.0,0.0,0.0,1.085432719063971,1.0,13.0,0.0,fp_network,1.0,2026-07-04 01:31:23.140937
b137fa56-98ba-4f8b-b289-4e53dbede045,stu_0182,asm_007,5.0,0.0,0.0,0.9080083318236605,1.0,22.0,0.0,fp_network,1.0,2026-07-04 01:32:23.140937
19801635-d367-4244-9b79-0039bed08539,stu_0001,asm_009,5.0,0.0,0.0,0.1852035070118364,1.0,26.0,0.0,fp_network,1.0,2026-07-04 01:33:23.140937
83f7d688-98d4-4199-bff8-e55f345a0f5c,stu_0138,asm_004,4.0,0.0,0.0,1.2759318276547504,1.0,15.0,0.0,fp_network,1.0,2026-07-04 01:34:23.140937
88f75448-3ae5-46e7-ba18-c8e47a7ded8b,stu_0094,asm_007,5.0,0.0,0.0,0.7193165704521707,1.0,15.0,0.0,fp_network,1.0,2026-07-04 01:35:23.140937
fae3d7f4-0dc5-46b9-9343-8c43ab6c30a8,stu_0018,asm_006,6.0,0.0,0.0,1.1571018664752253,1.0,17.0,,fp_network,1.0,2026-07-04 01:36:23.140937
58305296-32c4-4f22-93f3-d78b10872d30,stu_0160,asm_006,5.0,0.0,0.0,1.8327372222312883,1.0,16.0,0.0,fp_network,1.0,2026-07-04 01:37:23.140937
365f07a2-420e-42c4-ae72-3a6760e3a63c,stu_0170,asm_002,5.0,0.0,0.0,1.5071850325090652,1.0,22.0,0.0,fp_network,1.0,2026-07-04 01:38:23.140937
176b1cd9-4667-4960-b4c7-7306c8bd2bba,stu_0185,asm_005,4.0,0.0,0.0,0.07956288433417735,1.0,23.0,0.0,fp_network,1.0,2026-07-04 01:39:23.140937
13dc557c-e2e2-407d-8a8e-e47502f73194,stu_0130,asm_005,7.0,0.0,0.0,0.36021151663214923,1.0,11.0,0.0,fp_network,1.0,2026-07-04 01:40:23.140937
317cc544-a3ce-46d8-b1a9-7965cdd2c65a,stu_0171,asm_007,7.0,0.0,0.0,1.0736039146848013,1.0,20.0,0.0,fp_network,1.0,2026-07-04 01:41:23.140937
6e4b736f-4d9a-4d78-8723-9a3cd64b9da4,stu_0084,asm_007,7.0,0.0,0.0,0.88872926391443,1.0,20.0,0.0,fp_network,1.0,2026-07-04 01:42:23.140937
ebc6d607-458e-4be5-b4b6-053db96382af,stu_0179,asm_005,7.0,0.0,0.0,1.1152436073017515,1.0,17.0,,fp_network,1.0,2026-07-04 01:43:23.140937
ed099b41-f7c9-4e50-abff-31bde3b15410,stu_0142,asm_003,6.0,0.0,0.0,1.216154365595385,1.0,11.0,0.0,fp_network,1.0,2026-07-04 01:44:23.140937
2525dc0a-0485-4311-a2fb-477c2e2cb0c0,stu_0050,asm_007,6.0,0.0,0.0,1.2466589504404446,1.0,14.0,0.0,fp_network,1.0,2026-07-04 01:45:23.140937
dfe97b24-2880-454e-b72b-9d5dc2a3dbb4,stu_0171,asm_007,7.0,0.0,0.0,1.0924180618474368,1.0,10.0,,fp_network,1.0,2026-07-04 01:46:23.140937
966e53f1-b151-4b05-8eef-7ec1cc772709,stu_0174,asm_003,5.0,0.0,0.0,0.712181086881113,1.0,22.0,0.0,fp_network,1.0,2026-07-04 01:47:23.140937
984c183a-7701-449d-8020-ddedb9fdad51,stu_0158,asm_005,6.0,0.0,0.0,1.0610049073226808,1.0,11.0,,fp_network,1.0,2026-07-04 01:48:23.140937
b39a70f1-fd6d-4573-8d0d-d14eefe866e1,stu_0104,asm_009,0.0,2.0,0.0,-1.059678684019321,0.0,0.0,0.0,fp_cat,1.0,2026-07-04 01:49:23.140937
5e20121d-e560-4aed-8ba1-62b69d5d13ae,stu_0001,asm_005,1.0,1.0,0.0,-0.1754326534867697,0.0,0.0,,fp_cat,1.0,2026-07-04 01:50:23.140937
aa08f542-81fd-49c5-b0dc-09d4faa87963,stu_0074,asm_004,0.0,1.0,0.0,0.383991634847285,0.0,0.0,,fp_cat,1.0,2026-07-04 01:51:23.140937
310453ff-067e-43a3-8f0f-893edcf3ea0f,stu_0111,asm_006,0.0,1.0,0.0,0.8006191135710203,0.0,0.0,0.0,fp_cat,1.0,2026-07-04 01:52:23.140937
a3b0cb83-c3cd-403f-8890-b1a917f890fe,stu_0120,asm_008,0.0,1.0,0.0,-0.15389280833990615,0.0,0.0,0.0,fp_cat,1.0,2026-07-04 01:53:23.140937
70bb9159-0334-4690-9ffb-86a6105163ac,stu_0114,asm_004,0.0,1.0,0.0,-0.3294492109881015,0.0,0.0,0.0,fp_cat,1.0,2026-07-04 01:54:23.140937
8281e21c-8073-41a2-83e7-019b39ff311e,stu_0131,asm_008,0.0,1.0,0.0,0.3318686069440105,0.0,0.0,0.0,fp_cat,1.0,2026-07-04 01:55:23.140937
1ea6a61b-7900-4e02-b074-28677bc09bba,stu_0189,asm_003,0.0,1.0,0.0,0.5050707302143091,0.0,0.0,0.0,fp_cat,1.0,2026-07-04 01:56:23.140937
d0a261cc-a3bf-4b66-a7b0-b4868980056a,stu_0169,asm_002,1.0,2.0,0.0,0.642266516966947,0.0,0.0,0.0,fp_cat,1.0,2026-07-04 01:57:23.140937
6b13e4b1-4ad4-4846-9e50-c53bd4a2b917,stu_0073,asm_009,0.0,2.0,0.0,0.3445181016074861,0.0,0.0,0.0,fp_cat,1.0,2026-07-04 01:58:23.140937
5049f350-8e45-46cf-892b-0bb14074f785,stu_0170,asm_006,1.0,2.0,0.0,0.6774225861866249,0.0,0.0,,fp_cat,1.0,2026-07-04 01:59:23.140937
81ab9d11-5b73-45fd-8f72-89c58861ef25,stu_0024,asm_004,0.0,1.0,0.0,0.5143213151515329,0.0,0.0,0.0,fp_cat,1.0,2026-07-04 02:00:23.140937
f43484ab-eb30-42c0-8fb6-12b5aba1327d,stu_0173,asm_005,1.0,1.0,0.0,0.051738882656592704,0.0,0.0,,fp_cat,1.0,2026-07-04 02:01:23.140937
e018269a-c10f-46dc-beb8-ffcb851718a3,stu_0058,asm_004,0.0,1.0,0.0,-0.26720334301168425,0.0,0.0,0.0,fp_cat,1.0,2026-07-04 02:02:23.140937
575959df-8d24-456b-8587-9da3b8f75c62,stu_0038,asm_001,1.0,1.0,0.0,-0.9762434365053412,0.0,0.0,0.0,fp_cat,1.0,2026-07-04 02:03:23.140937
940a7439-d5b3-41f1-bae9-fa23a76f49a9,stu_0012,asm_004,0.0,1.0,0.0,-0.13974953290002015,0.0,0.0,0.0,fp_cat,1.0,2026-07-04 02:04:23.140937
e9ece269-9a49-43e6-981f-7d97e0530f3a,stu_0122,asm_002,0.0,1.0,0.0,-0.09638989361930395,0.0,0.0,0.0,fp_cat,1.0,2026-07-04 02:05:23.140937
d4b3537b-a0ae-4643-b15f-a62129e88333,stu_0117,asm_007,0.0,1.0,0.0,-0.0770183579833661,0.0,0.0,0.0,fp_cat,1.0,2026-07-04 02:06:23.140937
882c7f3d-c3a8-4eb2-b1f5-50c8e91817c9,stu_0162,asm_004,0.0,2.0,0.0,0.6783166910917271,0.0,0.0,,fp_cat,1.0,2026-07-04 02:07:23.140937
a5875099-fdc1-4985-883a-d7aeea521f28,stu_0184,asm_007,0.0,1.0,0.0,-1.3562452459239869,0.0,0.0,0.0,fp_cat,1.0,2026-07-04 02:08:23.140937
37e30c2c-83aa-43eb-9e74-0980dee2f6c1,stu_0127,asm_007,1.0,0.0,5.0,0.9511273366945958,0.0,0.0,,fp_copypaste,1.0,2026-07-04 02:09:23.140937
d5fc1827-4026-4712-a1bd-aeca6d99b873,stu_0063,asm_003,0.0,0.0,4.0,-0.5059590016018858,0.0,0.0,0.0,fp_copypaste,1.0,2026-07-04 02:10:23.140937
6a4334a4-4f2c-444a-8d80-32d7756c9795,stu_0168,asm_001,0.0,0.0,3.0,-0.7646687199623301,0.0,0.0,,fp_copypaste,1.0,2026-07-04 02:11:23.140937
796cf15f-ca60-4bfc-8ff1-48a728971d7f,stu_0193,asm_002,0.0,0.0,5.0,1.149088853917348,0.0,0.0,,fp_copypaste,1.0,2026-07-04 02:12:23.140937
5666b7c9-9a54-4b43-ba9b-c2e1a19d5205,stu_0200,asm_007,0.0,0.0,3.0,1.5211982113570364,0.0,0.0,0.0,fp_copypaste,1.0,2026-07-04 02:13:23.140937
e302a892-41d8-4e98-ba06-b49c19863062,stu_0057,asm_003,0.0,0.0,4.0,0.7425875526147945,0.0,0.0,,fp_copypaste,1.0,2026-07-04 02:14:23.140937
99bbca37-6eb3-4dee-b37d-b05dd55a257c,stu_0179,asm_009,0.0,0.0,3.0,-0.1747317857127617,0.0,0.0,0.0,fp_copypaste,1.0,2026-07-04 02:15:23.140937
b2ad17cc-d49c-4c39-9418-6496132f1aab,stu_0119,asm_001,0.0,0.0,5.0,0.7927517304292896,0.0,0.0,0.0,fp_copypaste,1.0,2026-07-04 02:16:23.140937
52dd9829-0097-4fec-9653-9eee507b3965,stu_0143,asm_004,1.0,0.0,4.0,0.8566997951027229,0.0,0.0,,fp_copypaste,1.0,2026-07-04 02:17:23.140937
26696a29-5335-4f5d-9a7d-1000b8e7bf55,stu_0032,asm_008,0.0,0.0,5.0,0.5235086065618726,0.0,0.0,,fp_copypaste,1.0,2026-07-04 02:18:23.140937
1631fdcf-1e84-4525-aaf1-02f73b4fd4ff,stu_0035,asm_008,0.0,0.0,4.0,1.1115854752957286,0.0,0.0,,fp_copypaste,1.0,2026-07-04 02:19:23.140937
5063bfa0-a7c5-4492-9dba-200c0859298f,stu_0171,asm_009,0.0,0.0,4.0,0.1582841049349385,0.0,0.0,0.0,fp_copypaste,1.0,2026-07-04 02:20:23.140937
7a458dfd-bb15-4d98-8045-6b7a9eeff4f2,stu_0144,asm_006,0.0,0.0,3.0,-0.3027044955922812,0.0,0.0,0.0,fp_copypaste,1.0,2026-07-04 02:21:23.140937
62b28c25-9ab7-48bf-80d5-072fd058a146,stu_0194,asm_008,0.0,0.0,4.0,0.7839267368856357,0.0,0.0,0.0,fp_copypaste,1.0,2026-07-04 02:22:23.140937
8a60585b-6acb-4b8b-9964-4c79c1f4c65f,stu_0157,asm_009,1.0,0.0,3.0,0.6434869792269666,0.0,0.0,0.0,fp_copypaste,1.0,2026-07-04 02:23:23.140937
f6a2525f-2154-4954-8552-58041fb16fe7,stu_0110,asm_009,0.0,0.0,4.0,-0.5426088217827194,0.0,0.0,0.0,fp_copypaste,1.0,2026-07-04 02:24:23.140937
a3c71f23-aa8e-46a5-a69b-868f8dca39a0,stu_0115,asm_003,0.0,0.0,5.0,-0.4306744518384117,0.0,0.0,,fp_copypaste,1.0,2026-07-04 02:25:23.140937
01ac2ef2-4157-435b-a691-b6a6b8c9fe20,stu_0191,asm_008,1.0,0.0,4.0,0.35013071169539856,0.0,0.0,0.0,fp_copypaste,1.0,2026-07-04 02:26:23.140937
8ad84545-1c28-49ce-96ed-87e37ff5b28e,stu_0116,asm_005,1.0,0.0,3.0,0.4826575563066094,0.0,0.0,0.0,fp_copypaste,1.0,2026-07-04 02:27:23.140937
ff0a2b59-2ec8-45d1-91a0-5fe1fd04a67c,stu_0193,asm_004,0.0,0.0,3.0,0.6171073662682603,0.0,0.0,,fp_copypaste,1.0,2026-07-04 02:28:23.140937
7b454b6b-8c56-4f58-8eac-231d2d7d14d5,stu_0164,asm_005,1.0,0.0,5.0,0.41713847342669247,0.0,0.0,0.0,fp_copypaste,1.0,2026-07-04 02:29:23.140937
aae07ce8-7a77-4fef-b5e1-3df536b2fa91,stu_0197,asm_009,1.0,0.0,5.0,0.08720757849126953,0.0,0.0,,fp_copypaste,1.0,2026-07-04 02:30:23.140937
98a1ef86-a638-465c-ac14-f8cfb9eaeb37,stu_0125,asm_004,1.0,0.0,5.0,0.45145021629833837,0.0,0.0,0.0,fp_copypaste,1.0,2026-07-04 02:31:23.140937
6483ca2e-e244-44ec-bc4b-022659d75678,stu_0071,asm_008,1.0,0.0,3.0,0.5271594432271183,0.0,0.0,,fp_copypaste,1.0,2026-07-04 02:32:23.140937
ed04c815-2b5f-40c6-b347-79ce95778a1a,stu_0020,asm_005,0.0,0.0,4.0,0.644584321953909,0.0,0.0,0.0,fp_copypaste,1.0,2026-07-04 02:33:23.140937
32526448-86e9-49c4-9b17-c0070fb1870b,stu_0061,asm_005,1.0,0.0,5.0,1.7276500699554471,0.0,0.0,,fp_copypaste,1.0,2026-07-04 02:34:23.140937
9caa43ae-9572-47d2-a9da-99455ef45fbf,stu_0086,asm_006,1.0,0.0,3.0,0.18842973678761782,0.0,0.0,,fp_copypaste,1.0,2026-07-04 02:35:23.140937
b4f3a622-7aae-4269-9825-782c08822c42,stu_0139,asm_002,0.0,0.0,4.0,0.22226144041987267,0.0,0.0,0.0,fp_copypaste,1.0,2026-07-04 02:36:23.140937
136d0308-6e62-4f36-a698-7f7a1c0a3563,stu_0036,asm_003,0.0,0.0,3.0,-0.12458753066202388,0.0,0.0,0.0,fp_copypaste,1.0,2026-07-04 02:37:23.140937
c9b45641-8de0-4c89-b07d-9308e4e85e40,stu_0060,asm_007,0.0,0.0,5.0,0.7857403482884924,0.0,0.0,,fp_copypaste,1.0,2026-07-04 02:38:23.140937
9b24706a-beb8-4db7-9002-946b8d938f4b,stu_0178,asm_003,1.0,0.0,4.0,-0.34950360242183387,0.0,0.0,0.0,fp_copypaste,1.0,2026-07-04 02:39:23.140937
cf99459d-5848-464a-b627-b6f966574461,stu_0181,asm_004,0.0,0.0,4.0,0.588687695919773,0.0,0.0,0.0,fp_copypaste,1.0,2026-07-04 02:40:23.140937
d900d659-70c6-467b-8efc-dcf9e6a34af9,stu_0017,asm_007,1.0,0.0,4.0,1.617837343492237,0.0,0.0,0.0,fp_copypaste,1.0,2026-07-04 02:41:23.140937
83c0eb2a-752c-4f70-b9b7-dca38a616830,stu_0105,asm_006,0.0,0.0,5.0,0.16703075860230188,0.0,0.0,,fp_copypaste,1.0,2026-07-04 02:42:23.140937
5b8bdb5b-6994-427d-9d3d-8a3d0a6eb8b6,stu_0139,asm_008,0.0,0.0,3.0,-0.6228335994969181,0.0,0.0,0.0,fp_copypaste,1.0,2026-07-04 02:43:23.140937
10251207-916b-4871-ada0-454cb101233e,stu_0107,asm_001,0.0,0.0,3.0,0.06081440645360786,0.0,0.0,0.0,fp_copypaste,1.0,2026-07-04 02:44:23.140937
398b9a9e-ce6d-43d7-9c0b-34de0ff5cc6a,stu_0053,asm_007,0.0,0.0,5.0,0.7717495513946709,0.0,0.0,,fp_copypaste,1.0,2026-07-04 02:45:23.140937
717639af-04a3-46c5-b8a2-6019d7a0f06d,stu_0100,asm_001,0.0,0.0,5.0,1.0418048269527356,0.0,0.0,0.0,fp_copypaste,1.0,2026-07-04 02:46:23.140937
bee2c3f6-b965-4e9b-91c4-ec1c41cbfef9,stu_0196,asm_007,0.0,0.0,4.0,-0.3742734924787632,0.0,0.0,,fp_copypaste,1.0,2026-07-04 02:47:23.140937
5bfa483d-ad6a-4398-a471-47ec60038176,stu_0123,asm_001,1.0,0.0,5.0,-0.1286701502144223,0.0,0.0,,fp_copypaste,1.0,2026-07-04 02:48:23.140937
b9fe0993-154c-4aa6-a83f-01d5cc5537cc,stu_0091,asm_005,,,,,,,,sensor_fault,,2026-07-04 02:49:23.140937
8b16e330-09ab-447f-a7f8-f1c053fc295b,stu_0193,asm_007,,,,,,,,sensor_fault,,2026-07-04 02:50:23.140937
7c8c73b5-6876-4dbb-a607-5eb11a7546f2,stu_0108,asm_009,,,,,,,,sensor_fault,,2026-07-04 02:51:23.140937
b6053d6e-7321-4523-9bd5-504d6ad5cd30,stu_0192,asm_009,,,,,,,,sensor_fault,,2026-07-04 02:52:23.140937
0486723e-fd52-4a39-adee-cda5b650072d,stu_0155,asm_004,,,,,,,,sensor_fault,,2026-07-04 02:53:23.140937
d7751031-3aec-4717-8de8-bc591c2c2032,stu_0125,asm_004,,,,,,,,sensor_fault,,2026-07-04 02:54:23.140937
ba009828-a0bd-41c9-9cb8-3aa648cd5ad5,stu_0070,asm_007,,,,,,,,sensor_fault,,2026-07-04 02:55:23.140937
09b4aed1-3b4f-470e-b411-929a566179f0,stu_0125,asm_001,,,,,,,,sensor_fault,,2026-07-04 02:56:23.140937
1e90a1c8-a55c-4d6c-b847-2864562d53c9,stu_0100,asm_006,,,,,,,,sensor_fault,,2026-07-04 02:57:23.140937
249f132c-63c3-4dbf-b88c-f38910103c72,stu_0172,asm_007,,,,,,,,sensor_fault,,2026-07-04 02:58:23.140937
48b9fb27-1317-4b9d-adc8-7f48f4805dbf,stu_0186,asm_003,,,,,,,,sensor_fault,,2026-07-04 02:59:23.140937
66884653-ab00-495b-be61-b8e9d739ef5d,stu_0120,asm_003,,,,,,,,sensor_fault,,2026-07-04 03:00:23.140937
9b9547ff-6ea7-4340-9c69-f02c9eed6aa9,stu_0160,asm_009,,,,,,,,sensor_fault,,2026-07-04 03:01:23.140937
397e09fb-1227-4130-8151-9edf8b71ad5a,stu_0007,asm_007,,,,,,,,sensor_fault,,2026-07-04 03:02:23.140937
c3d442ed-7e22-4b03-9b9f-cb7e2d67b846,stu_0152,asm_001,,,,,,,,sensor_fault,,2026-07-04 03:03:23.140937
57a9c68e-1935-4b8e-b617-729b2b515bc5,stu_0022,asm_007,,,,,,,,sensor_fault,,2026-07-04 03:04:23.140937
896a2bef-c55b-4c19-a4e3-56908b733f86,stu_0035,asm_008,,,,,,,,sensor_fault,,2026-07-04 03:05:23.140937
6582b4a7-941c-4e15-a6e7-f96c493100a9,stu_0047,asm_001,,,,,,,,sensor_fault,,2026-07-04 03:06:23.140937
c0baf0f3-2c6b-46e9-8866-1c5fd58004c6,stu_0067,asm_007,,,,,,,,sensor_fault,,2026-07-04 03:07:23.140937
26ca7257-adcf-4164-b964-33021ddd01d6,stu_0084,asm_004,,,,,,,,sensor_fault,,2026-07-04 03:08:23.140937
b2cb3519-81d6-4a92-9ad4-eb65a3c9ff0d,stu_0117,asm_006,4.0,0.0,0.0,-0.016563486436898547,0.0,0.0,,borderline,1.0,2026-07-04 03:09:23.140937
1e35dd4c-721c-4725-a0b9-16fa0dd7cb91,stu_0195,asm_007,4.0,0.0,0.0,0.8972789317588938,0.0,0.0,,borderline,1.0,2026-07-04 03:10:23.140937
ac476b00-6393-4da8-9547-441ac0759a18,stu_0193,asm_007,4.0,0.0,0.0,-0.2588056495180857,0.0,0.0,,borderline,1.0,2026-07-04 03:11:23.140937
ac24332f-a871-42a7-959d-d2069cf43ca1,stu_0021,asm_008,4.0,0.0,0.0,0.11189397581944925,0.0,0.0,,borderline,1.0,2026-07-04 03:12:23.140937
a0c61530-c527-4c5d-95d3-da324f605296,stu_0192,asm_009,4.0,0.0,0.0,-0.008211448036376037,0.0,0.0,,borderline,1.0,2026-07-04 03:13:23.140937
25a19db2-cb86-449b-9c92-1da6c69f7eb0,stu_0090,asm_004,4.0,0.0,0.0,0.594196636724042,0.0,0.0,,borderline,1.0,2026-07-04 03:14:23.140937
dedfcab2-903c-4091-8dc1-ae99291c11e5,stu_0200,asm_001,4.0,0.0,0.0,1.2634662129368108,0.0,0.0,,borderline,1.0,2026-07-04 03:15:23.140937
73193620-eda0-4964-b612-e54793473325,stu_0064,asm_004,4.0,0.0,0.0,-0.2654343864601603,0.0,0.0,,borderline,1.0,2026-07-04 03:16:23.140937
88e553df-cba6-442b-bf85-7d962af4813f,stu_0160,asm_003,4.0,0.0,0.0,-0.24471972125911107,0.0,0.0,,borderline,1.0,2026-07-04 03:17:23.140937
fa3a0f46-a237-4fa8-8900-b621780e4371,stu_0033,asm_008,4.0,0.0,0.0,0.522080438534536,0.0,0.0,,borderline,1.0,2026-07-04 03:18:23.140937
f0f367ea-cc04-4cbe-916e-628224ce14ad,stu_0145,asm_004,4.0,0.0,0.0,0.3409457448131557,0.0,0.0,,borderline,1.0,2026-07-04 03:19:23.140937
09acfa2f-e6f6-4a69-8b92-5576944ccd07,stu_0180,asm_005,4.0,0.0,0.0,0.9233536628680168,0.0,0.0,,borderline,1.0,2026-07-04 03:20:23.140937
23ecb372-bf49-4706-a995-07390df0b7a0,stu_0043,asm_002,4.0,0.0,0.0,0.29196409266298196,0.0,0.0,,borderline,1.0,2026-07-04 03:21:23.140937
c8a1d3c4-27c6-496b-8b5f-e5af8a0f86e2,stu_0080,asm_002,4.0,0.0,0.0,-0.17964604539352977,0.0,0.0,,borderline,1.0,2026-07-04 03:22:23.140937
4c531bfc-2bb4-4628-bcc6-8f4162ca755e,stu_0080,asm_007,4.0,0.0,0.0,0.29532741534615464,0.0,0.0,,borderline,1.0,2026-07-04 03:23:23.140937
3281348d-07a1-46a8-bfab-02dd5ef27dfb,stu_0184,asm_004,4.0,0.0,0.0,0.5543517902914539,0.0,0.0,,borderline,1.0,2026-07-04 03:24:23.140937
6fa2605a-de7b-4b77-a4cf-98ae0f4ccb6c,stu_0152,asm_004,4.0,0.0,0.0,0.410241090598682,0.0,0.0,,borderline,1.0,2026-07-04 03:25:23.140937
3dac5556-4cbf-4480-9992-aa0d73197388,stu_0179,asm_005,4.0,0.0,0.0,0.25363701555364887,0.0,0.0,,borderline,1.0,2026-07-04 03:26:23.140937
acb106a0-71f6-4adf-8066-3178adb5f885,stu_0145,asm_001,4.0,0.0,0.0,0.533337344794577,0.0,0.0,,borderline,1.0,2026-07-04 03:27:23.140937
51248f50-0131-4e47-b351-54ef852f68eb,stu_0137,asm_007,4.0,0.0,0.0,0.5846477952228364,0.0,0.0,,borderline,1.0,2026-07-04 03:28:23.140937
ba85011f-986e-4ffc-b25a-3c8f6118fa8f,stu_0018,asm_009,4.0,0.0,0.0,0.6910794955187636,0.0,0.0,,borderline,1.0,2026-07-04 03:29:23.140937
8cc35bd6-aa2b-472a-859f-7b4b093336ec,stu_0004,asm_007,4.0,0.0,0.0,0.3243549437948213,0.0,0.0,,borderline,1.0,2026-07-04 03:30:23.140937
d12903e2-b289-4c79-8ae2-5cc936377c13,stu_0028,asm_007,4.0,0.0,0.0,-0.08355904015842718,0.0,0.0,,borderline,1.0,2026-07-04 03:31:23.140937
a6aba1d7-6e05-48c3-a3ed-6dd44cc215d3,stu_0163,asm_008,4.0,0.0,0.0,0.07335684321666142,0.0,0.0,,borderline,1.0,2026-07-04 03:32:23.140937
fefb4c25-fb61-458d-a76a-73de9daf9d2e,stu_0112,asm_003,4.0,0.0,0.0,0.6032544832541784,0.0,0.0,,borderline,1.0,2026-07-04 03:33:23.140937
f4fdf548-f86e-4ce1-abc1-3d10ba38ad6e,stu_0158,asm_009,4.0,0.0,0.0,-0.40846783549361804,0.0,0.0,,borderline,1.0,2026-07-04 03:34:23.140937
44d57867-7774-4731-8dd9-ccc741ec97fb,stu_0120,asm_007,4.0,0.0,0.0,0.1843366544364506,0.0,0.0,,borderline,1.0,2026-07-04 03:35:23.140937
009bd92a-d822-46d8-9198-7db1b6fc24c7,stu_0083,asm_004,4.0,0.0,0.0,-0.19666940616368034,0.0,0.0,,borderline,1.0,2026-07-04 03:36:23.140937
05e14179-1112-4734-94a2-a060378813e6,stu_0072,asm_008,4.0,0.0,0.0,0.014372411467408744,0.0,0.0,,borderline,1.0,2026-07-04 03:37:23.140937
832e5db6-92f1-4559-aec6-3f8c65601d42,stu_0193,asm_008,4.0,0.0,0.0,0.6392259313036494,0.0,0.0,,borderline,1.0,2026-07-04 03:38:23.140937
9c23652c-b44c-4d9b-a5bf-0211d150becb,stu_0087,asm_001,4.0,0.0,0.0,0.09554953400995167,0.0,0.0,,borderline,1.0,2026-07-04 03:39:23.140937
e6a97b55-9d90-4f3a-a7c3-f2439332375d,stu_0084,asm_003,4.0,0.0,0.0,0.023218274078074405,0.0,0.0,,borderline,1.0,2026-07-04 03:40:23.140937
3d498d2f-7f3c-46ae-be14-9bac677ac81b,stu_0055,asm_006,4.0,0.0,0.0,-0.6799280704899596,0.0,0.0,,borderline,1.0,2026-07-04 03:41:23.140937
920b6e8b-a55b-4621-96b0-082a48b60780,stu_0088,asm_005,4.0,0.0,0.0,0.37312678301361035,0.0,0.0,,borderline,1.0,2026-07-04 03:42:23.140937
2e8262fb-2648-402d-84ff-e74b8578a12a,stu_0143,asm_001,4.0,0.0,0.0,0.3227420905705377,0.0,0.0,,borderline,1.0,2026-07-04 03:43:23.140937
da62b458-25c4-4ede-b58e-c55bf8a6783e,stu_0022,asm_004,4.0,0.0,0.0,1.08162736165273,0.0,0.0,,borderline,1.0,2026-07-04 03:44:23.140937
8ee59c5e-f306-4e92-bb90-66f823b518c2,stu_0126,asm_009,4.0,0.0,0.0,-0.15388911747650041,0.0,0.0,,borderline,1.0,2026-07-04 03:45:23.140937
fd5ed495-1f1a-49d5-8bc9-fdd6a2854aec,stu_0177,asm_008,4.0,0.0,0.0,0.10957516383196948,0.0,0.0,,borderline,1.0,2026-07-04 03:46:23.140937
859040b6-fffc-4d8d-be29-d53bdc234c7f,stu_0115,asm_001,4.0,0.0,0.0,0.12469184185537763,0.0,0.0,,borderline,1.0,2026-07-04 03:47:23.140937
b3a951f7-8e61-465c-8181-e8e4af3d6d10,stu_0076,asm_004,4.0,0.0,0.0,0.7887266398817372,0.0,0.0,,borderline,1.0,2026-07-04 03:48:23.140937
771387fd-c188-4a9e-83c4-a1671cd3c002,stu_0178,asm_004,1.0,0.0,3.0,0.3039482548582696,0.0,0.0,,unlabeled,1.0,2026-07-04 03:49:23.140937
701cffc3-111a-4f1a-90f4-757a1a64b83f,stu_0079,asm_006,4.0,1.0,3.0,0.09330456157817905,0.0,0.0,,unlabeled,1.0,2026-07-04 03:50:23.140937
006ef208-c38f-4c60-8416-09ec8d3da9e3,stu_0122,asm_009,3.0,1.0,3.0,-0.09318619718154585,0.0,0.0,,unlabeled,1.0,2026-07-04 03:51:23.140937
e8f71cb5-ae4d-4437-a0dd-e1ab7fc37981,stu_0136,asm_006,0.0,1.0,1.0,-0.2023329116535231,0.0,0.0,,unlabeled,1.0,2026-07-04 03:52:23.140937
580daf90-fa83-4902-8ea4-68c9442cf494,stu_0109,asm_009,0.0,1.0,1.0,0.5975233144624212,0.0,0.0,,unlabeled,1.0,2026-07-04 03:53:23.140937
1aa83333-8504-471d-96f9-30652f6ff291,stu_0085,asm_006,2.0,1.0,1.0,-0.7615934523918874,0.0,0.0,,unlabeled,1.0,2026-07-04 03:54:23.140937
ca5d92ad-e8b4-4620-b8a0-25c6a669d30d,stu_0180,asm_008,4.0,1.0,3.0,0.5518334712629025,0.0,0.0,,unlabeled,1.0,2026-07-04 03:55:23.140937
1e521e72-1bae-4b5a-a1f2-74923f86560c,stu_0070,asm_005,3.0,0.0,0.0,0.8627081375277329,0.0,0.0,,unlabeled,0.0,2026-07-04 03:56:23.140937
7119565c-d059-4d5a-a421-1b18812e5944,stu_0065,asm_004,2.0,0.0,1.0,0.5683023858522801,0.0,0.0,,unlabeled,0.0,2026-07-04 03:57:23.140937
fe56e262-6324-4694-9bb4-d50050d97ccf,stu_0031,asm_004,2.0,1.0,2.0,-0.2284836617887125,0.0,0.0,,unlabeled,1.0,2026-07-04 03:58:23.140937
08550d09-f319-4ffe-83d7-e1cccdd11acd,stu_0081,asm_002,1.0,1.0,1.0,0.3391497055960205,0.0,0.0,,unlabeled,1.0,2026-07-04 03:59:23.140937
4643d8fd-13eb-42ed-83c9-7a0324ba86bd,stu_0191,asm_009,2.0,0.0,0.0,-0.024014765357088342,0.0,0.0,,unlabeled,0.0,2026-07-04 04:00:23.140937
5306965b-4df3-4d65-9eb1-1391a52b4021,stu_0196,asm_003,4.0,0.0,2.0,0.5609265947134242,0.0,0.0,,unlabeled,1.0,2026-07-04 04:01:23.140937
878a06a4-4a3e-47d1-995f-64f3885a0fe0,stu_0050,asm_004,2.0,0.0,0.0,0.6552719123461065,0.0,0.0,,unlabeled,0.0,2026-07-04 04:02:23.140937
e8a71c6a-39e3-43cb-91e0-f739d3b7beb9,stu_0190,asm_008,3.0,1.0,3.0,0.21542012216687417,0.0,0.0,,unlabeled,1.0,2026-07-04 04:03:23.140937
3d73f19e-ab9c-4e45-97a5-0633236dedf9,stu_0071,asm_009,4.0,0.0,3.0,0.12165383206418287,0.0,0.0,,unlabeled,1.0,2026-07-04 04:04:23.140937
bc5e77f5-5b7d-4c84-9682-6afdba4ae80f,stu_0153,asm_005,2.0,0.0,0.0,-0.022793008177748902,0.0,0.0,,unlabeled,0.0,2026-07-04 04:05:23.140937
5f4ed778-e442-483d-a767-3fe80cc1c3b2,stu_0026,asm_004,3.0,1.0,2.0,0.12166972466134592,0.0,0.0,,unlabeled,1.0,2026-07-04 04:06:23.140937
95183c9f-f382-44fa-bd79-7ec5d72e917a,stu_0076,asm_004,1.0,0.0,2.0,0.037103106900077676,0.0,0.0,,unlabeled,0.0,2026-07-04 04:07:23.140937
d83ca3ad-2f52-47d9-b1d0-48d15e27e565,stu_0093,asm_003,3.0,1.0,2.0,-0.11470130136517613,0.0,0.0,,unlabeled,1.0,2026-07-04 04:08:23.140937
0a8e24b4-536e-4df9-ad19-74b247139121,stu_0073,asm_004,8.0,3.0,4.0,-1.260510087126804,0.0,0.0,1.0,true_violation,1.0,2026-07-04 04:09:23.140937
920482f5-6c91-47b5-9f03-c3040a590c77,stu_0198,asm_005,6.0,0.0,0.0,0.8620952171990042,1.0,25.0,,fp_network,1.0,2026-07-04 04:10:23.140937
5accad3e-ebd5-4d85-be92-9903a6003476,stu_0164,asm_009,0.0,0.0,0.0,-0.10122876291577558,0.0,2.0,,normal_clean,0.0,2026-07-04 04:11:23.140937
6483ca2e-e244-44ec-bc4b-022659d75678,stu_0071,asm_008,1.0,0.0,3.0,0.5271594432271183,0.0,0.0,,fp_copypaste,1.0,2026-07-04 04:12:23.140937
08550d09-f319-4ffe-83d7-e1cccdd11acd,stu_0081,asm_002,1.0,1.0,1.0,0.3391497055960205,0.0,0.0,,unlabeled,1.0,2026-07-04 04:13:23.140937
