item_id,subject,is_weak_item,split,response_count,p_value,time_variance,score_variance,point_biserial_corr,bottom_25_correct_rate,top_25_correct_rate,model_is_weak,model_confidence
ITM_0001,CS,True,train,573.0,0.8045375218150087,763.6243694208825,0.15725689780677304,0.11825325740278442,0.7391304347826086,0.84472049689441,True,0.7310397951496417
ITM_0002,Math,False,train,414.0,0.7028985507246377,792.4367641207224,0.20883217811384164,0.27964663572470777,0.5726495726495726,0.88,False,0.08617039394721746
ITM_0003,English,False,train,20.0,0.45,522.0926941340431,0.2475,0.5983785051198537,0.0,0.8,False,0.054845186503034694
ITM_0004,Math,False,train,157.0,0.8280254777070064,766.6017140388318,0.1423992859750903,0.48013175244546125,0.5116279069767442,0.9761904761904762,False,0.11915065927082973
ITM_0005,CS,False,train,121.0,0.30578512396694213,627.3328554061695,0.21228058192746393,0.501373358291548,0.02702702702702703,0.6666666666666666,False,0.053493551837289405
ITM_0006,History,False,train,124.0,0.717741935483871,621.3290730907797,0.20258844953173777,0.5102881795563081,0.3870967741935484,0.9375,False,0.05437778082254668
ITM_0007,Chemistry,False,train,124.0,0.6693548387096774,467.48444647070414,0.22131893860561913,0.5312433210507937,0.38235294117647056,0.9444444444444444,False,0.04901839268161355
ITM_0008,Physics,False,train,234.0,0.39316239316239315,596.3122348656773,0.23858572576521295,0.41590566781838134,0.15254237288135594,0.6774193548387096,False,0.03538192120412199
ITM_0009,Math,False,train,106.0,0.4056603773584906,586.5448442880196,0.24110003559985763,0.39496362704669263,0.17857142857142858,0.6296296296296297,False,0.045289254552026766
ITM_0010,Economics,True,val,20.0,1.0,461.0102639276309,0.0,0.0,1.0,1.0,True,0.8294507183789057
ITM_0011,Physics,True,train,21.0,0.7619047619047619,687.2213616939874,0.18140589569160995,-0.22172367433607945,1.0,0.6666666666666666,True,0.8414323828304383
ITM_0012,English,True,train,234.0,0.1794871794871795,730.0727941627056,0.14727153188691652,0.14469733395673012,0.11666666666666667,0.22388059701492538,True,0.6048055531316133
ITM_0013,Chemistry,False,test,155.0,0.832258064516129,754.6855855652225,0.13960457856399586,0.5347265006357702,0.5,1.0,False,0.0919164203605724
ITM_0014,Biology,False,train,77.0,0.23376623376623376,649.7871602582401,0.17911958171698436,0.35141607920783735,0.0,0.4090909090909091,False,0.054166295489913585
ITM_0015,Chemistry,False,test,232.0,0.1206896551724138,997.5883634134162,0.10612366230677764,0.3551969334623932,0.016129032258064516,0.296875,False,0.06702016702852191
ITM_0016,Math,False,train,165.0,0.5272727272727272,710.3236102857061,0.24925619834710744,0.5554830640342672,0.13636363636363635,0.8888888888888888,False,0.040674576287600656
ITM_0017,Economics,False,train,211.0,0.7393364928909952,434.26028905556,0.1927180431706386,0.20545207026089668,0.6333333333333333,0.8059701492537313,False,0.33575338971836083
ITM_0018,History,True,train,128.0,0.421875,746.4514590372571,0.243896484375,-0.07221188630087422,0.42424242424242425,0.3235294117647059,True,0.8244167009100413
ITM_0019,Chemistry,False,val,95.0,0.9263157894736842,588.7868180643882,0.06825484764542937,0.4728654678062652,0.75,1.0,False,0.21180363248069553
ITM_0020,Math,True,train,288.0,0.875,737.4710300329438,0.109375,0.02289830288893294,0.8860759493670886,0.9066666666666666,True,0.8192868362065123
ITM_0021,Math,False,test,20.0,0.65,332.82384239165395,0.22749999999999998,0.3988111620847343,0.2,0.8,False,0.11405496426734137
ITM_0022,Physics,False,train,0.0,0.0,0.0,0.0,0.0,0.0,0.0,False,0.0
ITM_0023,Chemistry,True,train,326.0,0.5214723926380368,621.2233707234126,0.24953893635439792,-0.02494996412916077,0.5681818181818182,0.49411764705882355,True,0.9666250118249101
ITM_0024,Math,False,train,218.0,0.44954128440366975,697.7520638778202,0.24745391802036876,0.2641873244117052,0.1896551724137931,0.5789473684210527,False,0.12555704393696454
ITM_0025,Physics,False,train,81.0,0.2345679012345679,575.5405266781689,0.17954580094497793,0.41404500024400925,0.09523809523809523,0.42857142857142855,False,0.038920623832265126
ITM_0026,Economics,False,train,69.0,0.4057971014492754,927.8497046041954,0.24112581390464188,0.5875138024647857,0.09523809523809523,0.8,False,0.03621354369603186
ITM_0027,CS,True,test,102.0,0.49019607843137253,476.94009854242853,0.2499038831218762,-0.03954728301326868,0.5,0.5333333333333333,True,0.8709760840873773
ITM_0028,Economics,True,train,549.0,0.0,606.5861656312958,0.0,0.0,0.0,0.0,True,0.8182828830488635
ITM_0029,Biology,False,train,245.0,0.9836734693877551,654.1330196417994,0.016059975010412324,0.1859622997891181,0.9411764705882353,1.0,True,0.5449012100644918
ITM_0030,Physics,False,train,47.0,0.9787234042553191,626.5252737802956,0.02082390221819828,0.1698434163726509,0.9166666666666666,1.0,True,0.574319455800554
ITM_0031,Physics,False,test,167.0,0.3413173652694611,658.5586042983624,0.2248198214349744,0.44184004807348154,0.08888888888888889,0.5714285714285714,False,0.05009695794084981
ITM_0032,Math,True,test,153.0,0.5228758169934641,718.6303021123031,0.24947669699688158,-0.019422986262523013,0.5714285714285714,0.5348837209302325,True,0.9257934355369564
ITM_0033,English,True,val,136.0,0.6102941176470589,826.4262512794259,0.23783520761245674,-0.2141012118858291,0.8333333333333334,0.5588235294117647,True,0.9078885740521377
ITM_0034,English,False,test,4.0,0.0,2280.326074954499,0.0,0.0,0.0,0.0,False,0.0
ITM_0035,History,False,val,76.0,0.9078947368421053,710.9362051597321,0.08362188365650967,0.5153342624460425,0.6842105263157895,1.0,False,0.1459736369443341
ITM_0036,English,False,test,241.0,0.8713692946058091,1004.4939557140682,0.11208484702398377,0.3705222654959445,0.6774193548387096,0.9857142857142858,False,0.16793429697230336
ITM_0037,Physics,True,val,451.0,0.5121951219512195,673.507771835009,0.24985127900059476,-0.15698334146347412,0.6101694915254238,0.41228070175438597,True,0.9768937569804125
ITM_0038,History,True,train,191.0,0.3507853403141361,672.0876273442759,0.22773498533483189,-0.17244036228989174,0.3877551020408163,0.23636363636363636,True,0.684290714706939
ITM_0039,Economics,False,train,99.0,0.37373737373737376,531.1268057620459,0.23405774920926437,0.3024075545976004,0.28125,0.48148148148148145,False,0.07926722869413547
ITM_0040,Math,False,train,20.0,0.5,470.1211888440521,0.25,0.7343475364892469,0.0,1.0,False,0.06772819342655526
ITM_0041,Economics,True,train,163.0,0.50920245398773,622.284388820597,0.2499153148406037,0.16432725933547687,0.43902439024390244,0.6666666666666666,True,0.7201514110172194
ITM_0042,Chemistry,False,train,20.0,0.45,731.1090692883993,0.24750000000000005,0.6316649601889901,0.14285714285714285,1.0,False,0.06389410977834517
ITM_0043,Biology,False,train,133.0,0.2932330827067669,701.650959833403,0.20724744191305336,0.304767374320836,0.15384615384615385,0.46153846153846156,False,0.05579814418039974
ITM_0044,Biology,False,test,1.0,1.0,0.0,0.0,0.0,0.0,0.0,False,0.0
ITM_0045,Physics,False,train,210.0,0.5571428571428572,736.3778612380411,0.24673469387755093,0.25163030049885615,0.41509433962264153,0.7419354838709677,False,0.15631085282903423
ITM_0046,Physics,False,val,93.0,0.7634408602150538,454.997169307783,0.18059891316915253,0.30230768277404896,0.56,0.8888888888888888,False,0.08669525371088632
ITM_0047,History,True,val,134.0,0.022388059701492536,932.5094291207325,0.021886834484294952,0.15041362511905282,0.0,0.05714285714285714,True,0.6695478767963057
ITM_0048,Math,False,test,7.0,0.42857142857142855,370.6530917871586,0.24489795918367344,0.8372439600412576,0.0,1.0,False,0.0
ITM_0049,CS,False,test,143.0,0.7342657342657343,872.8521856111768,0.19511956574893635,0.5384668462607748,0.38461538461538464,0.9791666666666666,False,0.06807891320776509
ITM_0050,Physics,False,val,547.0,0.6910420475319927,791.3801632056903,0.21350293607478385,0.3741171151739486,0.4473684210526316,0.8378378378378378,False,0.04754322811331416
ITM_0051,CS,True,train,262.0,0.5381679389312977,810.247751286311,0.24854320843773678,-0.038742038412106126,0.5569620253164557,0.5138888888888888,True,0.9219312355168836
ITM_0052,Economics,True,train,97.0,0.3711340206185567,482.506820306776,0.23339355935806141,-0.32148317410788313,0.56,0.16,True,0.817660048723323
ITM_0053,CS,False,train,661.0,0.7307110438729199,754.5495828956109,0.19677241423506764,0.31634965000979803,0.5263157894736842,0.9021739130434783,False,0.08311770912584461
ITM_0054,English,True,val,127.0,0.6141732283464567,744.80085289805,0.23696447392894782,-0.16403297150947196,0.696969696969697,0.48484848484848486,True,0.8911121484300837
ITM_0055,Math,False,test,134.0,0.9776119402985075,550.6815796236001,0.02188683448429495,0.2537639060255507,0.9142857142857143,1.0,False,0.2922547480115994
ITM_0056,Biology,False,val,656.0,0.16310975609756098,642.680050361427,0.13650496356335512,0.3374879147201739,0.028901734104046242,0.3387096774193548,False,0.06567980154683388
ITM_0057,Biology,False,train,264.0,0.6136363636363636,1025.5733797340465,0.23708677685950413,0.5884766254008703,0.2028985507246377,0.9166666666666666,False,0.06791201504414837
ITM_0058,CS,False,train,521.0,0.3742802303262956,629.743193782662,0.23419453951319077,0.2384839491804424,0.2631578947368421,0.5032679738562091,False,0.0922779829306307
ITM_0059,Biology,False,train,0.0,0.0,0.0,0.0,0.0,0.0,0.0,False,0.0
ITM_0060,Economics,False,train,113.0,0.672566371681416,968.0989739568694,0.22022084736471143,0.3997060889060906,0.36666666666666664,0.9333333333333333,False,0.061163790630920076
ITM_0061,Math,True,train,358.0,0.9860335195530726,673.2682782025248,0.013771417870852967,0.08600742062332865,0.9705882352941176,1.0,True,0.8941136534188169
ITM_0062,English,False,train,20.0,0.5,458.222864346517,0.25,0.3419804392782939,0.16666666666666666,0.6,False,0.10107682739566436
ITM_0063,Math,False,val,607.0,0.5601317957166392,713.2980625489745,0.24638416714389233,0.49129863968698195,0.2411764705882353,0.8493975903614458,False,0.06311485659730862
ITM_0064,Physics,False,train,47.0,0.5319148936170213,471.48934764889026,0.24898143956541424,0.5496729797028272,0.16666666666666666,0.9166666666666666,False,0.039475124440644216
ITM_0065,CS,False,train,104.0,0.27884615384615385,636.2348621347687,0.20109097633136092,0.3856756717029506,0.07407407407407407,0.4838709677419355,False,0.06455513039318037
ITM_0066,Math,False,test,444.0,0.6283783783783784,655.0469741183498,0.2335189919649379,0.40902951144605626,0.336283185840708,0.832,False,0.05099972971825548
ITM_0067,Economics,False,train,103.0,0.3883495145631068,759.6002861351723,0.237534169101706,0.12002592919042987,0.34615384615384615,0.46153846153846156,False,0.4663295119273775
ITM_0068,Biology,True,train,223.0,0.6098654708520179,717.6013834363858,0.23792957831446437,-0.08427067913733674,0.6949152542372882,0.5614035087719298,True,0.8520864361716923
ITM_0069,Chemistry,True,train,44.0,0.9318181818181818,475.4482091113628,0.06353305785123965,0.19890837659899346,0.8333333333333334,1.0,True,0.6607892033152548
ITM_0070,Math,False,train,188.0,0.44148936170212766,454.77516282568644,0.24657650520597563,0.3284579488959483,0.22,0.6851851851851852,False,0.05031224124424477
ITM_0071,CS,True,train,41.0,0.4146341463414634,744.3965473521926,0.24271267102914937,0.30125581949229363,0.09090909090909091,0.5454545454545454,False,0.3652158059607774
ITM_0072,English,False,train,76.0,0.5394736842105263,886.2340641625171,0.24844182825484765,0.6098368745678967,0.10526315789473684,0.8947368421052632,False,0.035926354667119235
ITM_0073,Biology,False,train,206.0,0.08737864077669903,820.992898760314,0.07974361391271563,0.2958939529309582,0.03508771929824561,0.18518518518518517,False,0.11486566988365814
ITM_0074,English,False,train,210.0,0.3,1143.8174123430497,0.20999999999999996,0.5013207977421744,0.05555555555555555,0.6481481481481481,False,0.04522492868567778
ITM_0075,CS,True,train,2.0,0.5,11.614112852220916,0.25,-1.0,0.0,0.0,False,0.0
ITM_0076,Biology,False,test,139.0,0.302158273381295,988.3442892720627,0.2108586512085296,0.34469715905781106,0.05714285714285714,0.4878048780487805,False,0.06062650484794568
ITM_0077,Physics,False,train,282.0,0.5815602836879432,635.2916787157617,0.24334792012474224,0.11532731005465705,0.5416666666666666,0.6753246753246753,False,0.3964046426862123
ITM_0078,Biology,True,test,144.0,0.7430555555555556,871.9893442012254,0.19092399691358025,-0.057712384721138696,0.7222222222222222,0.7368421052631579,True,0.6468942450600618
ITM_0079,Physics,False,train,210.0,0.6333333333333333,680.0924808890189,0.23222222222222227,0.37303953520192307,0.453125,0.7903225806451613,False,0.07424374530687038
ITM_0080,English,False,train,73.0,0.3013698630136986,838.2315121086218,0.21054606868080317,0.200214132688647,0.2,0.47368421052631576,False,0.3043458169192156
ITM_0081,English,True,val,23.0,1.0,1198.3627210059033,0.0,0.0,1.0,1.0,True,0.8761366337176726
ITM_0082,CS,False,train,356.0,0.5561797752808989,631.4940300360693,0.24684383284938766,0.38187051808438954,0.30612244897959184,0.78125,False,0.06691426773067582
ITM_0083,Physics,True,train,176.0,0.7840909090909091,817.9845287767438,0.16929235537190082,0.2323327810275363,0.6981132075471698,0.9130434782608695,False,0.48940555813713194
ITM_0084,English,False,train,439.0,0.4168564920273349,709.2017727672478,0.24308715708199932,0.3222882138746973,0.1891891891891892,0.6097560975609756,False,0.05154237485447441
ITM_0085,Physics,False,train,20.0,0.4,529.0878164759886,0.24000000000000005,0.6089203865475746,0.0,0.8,False,0.05721505139574638
ITM_0086,English,False,val,264.0,0.7613636363636364,799.7962200936953,0.18168904958677687,0.4406872268172518,0.4393939393939394,0.9305555555555556,False,0.07196494420020672
ITM_0087,Biology,False,test,563.0,0.20959147424511546,798.7201585216395,0.16566288816887456,0.43856761112990744,0.02564102564102564,0.4472049689440994,False,0.04573833541714623
ITM_0088,Math,False,train,89.0,0.6067415730337079,1044.1984079925014,0.23860623658628963,0.15526015723296432,0.5161290322580645,0.6428571428571429,True,0.505843150576441
ITM_0089,Economics,True,train,136.0,0.007352941176470588,590.490696928246,0.007298875432525951,0.18040565252959365,0.0,0.02564102564102564,True,0.837607377496616
ITM_0090,Chemistry,False,train,20.0,0.0,836.1904470398998,0.0,0.0,0.0,0.0,True,0.5103703940102868
ITM_0091,Economics,False,test,434.0,0.7211981566820277,794.6301799222003,0.20107137548047316,0.26245109886204293,0.5818181818181818,0.8582677165354331,False,0.08807564043285905
ITM_0092,Biology,False,val,31.0,0.5483870967741935,1191.6028622449844,0.24765868886576478,0.5561561288967678,0.0,0.7777777777777778,False,0.08977955892686502
ITM_0093,History,False,test,241.0,0.36929460580912865,756.3513502120738,0.23291609992940887,0.5316083991513842,0.1076923076923077,0.71875,False,0.03400095704816753
ITM_0094,Economics,True,train,20.0,0.9,903.2025296565816,0.09000000000000001,0.37736937819027533,0.8333333333333334,1.0,True,0.5729077483173767
ITM_0095,Math,False,val,263.0,0.6577946768060836,621.287537075326,0.2251008399716636,0.45031831306932907,0.3088235294117647,0.8765432098765432,False,0.03961079499456995
ITM_0096,History,True,train,43.0,0.46511627906976744,513.7373809990947,0.2487831260140617,0.07537572704192029,0.45454545454545453,0.5,True,0.9195311839653084
ITM_0097,English,False,train,7.0,0.5714285714285714,177.97130288593652,0.24489795918367346,0.6570847044749534,0.0,1.0,False,0.0
ITM_0098,Chemistry,False,test,189.0,0.8148148148148148,737.0530885129159,0.15089163237311387,0.39540099019114683,0.5789473684210527,0.9791666666666666,False,0.10117071327357217
ITM_0099,Chemistry,False,train,99.0,0.5757575757575758,585.3214387250524,0.24426078971533516,0.5344688395541088,0.2222222222222222,0.8666666666666667,False,0.05112116367079642
ITM_0100,English,False,test,20.0,0.4,651.0272267723038,0.24000000000000005,0.5250820878437308,0.16666666666666666,0.8,False,0.04738041328867284
ITM_0101,English,False,train,126.0,0.3492063492063492,492.5332657046935,0.2272612748803226,0.3436289443220907,0.1388888888888889,0.5625,False,0.05004470434166297
ITM_0102,Physics,False,val,159.0,0.33962264150943394,541.4724397781109,0.22427910288358854,0.10416591727013258,0.25,0.375,False,0.37086778654173
ITM_0103,English,True,train,0.0,0.0,0.0,0.0,0.0,0.0,0.0,False,0.0
ITM_0104,CS,True,train,15.0,0.26666666666666666,2171.448328586957,0.1955555555555556,-0.25031383129076035,0.25,0.0,False,0.0
ITM_0105,Economics,True,train,42.0,0.4523809523809524,428.22518436872633,0.2477324263038549,0.2521607092989038,0.25,0.5833333333333334,True,0.5117458929895432
ITM_0106,English,False,train,29.0,0.9310344827586207,331.37508790392815,0.06420927467300831,0.26774565184592086,0.8888888888888888,1.0,False,0.25938359298059416
ITM_0107,CS,False,train,763.0,0.35124508519003933,688.7412078019826,0.22787197531988132,0.46204272089081394,0.06217616580310881,0.635,False,0.058803699143727586
ITM_0108,English,False,train,345.0,0.14202898550724638,661.402994996192,0.12185675278302877,0.3853137451975644,0.0,0.32978723404255317,False,0.0756493686739206
ITM_0109,Physics,False,train,31.0,0.9032258064516129,189.8516799079085,0.08740894901144641,0.4082000610187308,0.6666666666666666,1.0,False,0.19336394027186393
ITM_0110,CS,True,train,1.0,0.0,0.0,0.0,0.0,0.0,0.0,False,0.0
ITM_0111,Economics,False,train,32.0,0.34375,651.0149920423236,0.2255859375,0.49546220836233823,0.0,0.6666666666666666,False,0.060881280548553525
ITM_0112,Math,False,train,84.0,0.07142857142857142,659.1856060244853,0.06632653061224486,0.21855678016731436,0.0,0.09090909090909091,False,0.2788431575968397
ITM_0113,CS,True,val,363.0,0.5371900826446281,601.3203363183463,0.2486168977528857,0.10289661969382219,0.5053763440860215,0.6216216216216216,True,0.8611103732880682
ITM_0114,Biology,False,test,230.0,0.6086956521739131,535.9564391991928,0.2381852551984877,0.298395549836503,0.4788732394366197,0.7704918032786885,False,0.11018542835996223
ITM_0115,Physics,False,train,5.0,0.0,164.1802966044255,0.0,0.0,0.0,0.0,False,0.0
ITM_0116,History,False,train,210.0,0.6238095238095238,638.4098896200576,0.23467120181405898,0.2721132094933011,0.5076923076923077,0.7090909090909091,False,0.08489702947728213
ITM_0117,Economics,True,val,151.0,0.8145695364238411,676.1092206621163,0.15104600675408972,0.21832636534616123,0.7,0.9090909090909091,True,0.6300455806441697
ITM_0118,CS,False,train,642.0,0.5623052959501558,737.3661923154382,0.24611805009656354,0.49557728117879796,0.20652173913043478,0.8531073446327684,False,0.06600328798019114
ITM_0119,Biology,False,train,351.0,0.5584045584045584,599.3712392465532,0.24658890755756852,0.46583881315558195,0.2403846153846154,0.8541666666666666,False,0.06484193659495695
ITM_0120,Biology,False,train,276.0,0.8985507246376812,665.6225330127282,0.09115731989077924,0.2849331060731414,0.7875,0.9753086419753086,False,0.1894738239770892
ITM_0121,Economics,False,train,132.0,0.22727272727272727,503.4420778120874,0.1756198347107438,0.42118838294603966,0.05128205128205128,0.4411764705882353,False,0.06279261969027573
ITM_0122,Economics,False,train,93.0,0.43010752688172044,793.0173419002462,0.2451150422014106,0.5375776379964698,0.08,0.7407407407407407,False,0.04178438689150728
ITM_0123,Biology,False,train,65.0,0.47692307692307695,1351.482241301117,0.2494674556213017,0.241314847035653,0.38095238095238093,0.6666666666666666,False,0.1778125775441025
ITM_0124,English,False,train,15.0,0.6666666666666666,913.5130308536274,0.22222222222222227,0.3317766454643591,0.5,0.8333333333333334,False,0.0
ITM_0125,Biology,False,train,325.0,0.15384615384615385,821.8206557817422,0.1301775147928994,0.43962057312607805,0.011627906976744186,0.36046511627906974,False,0.05241648556679846
ITM_0126,English,False,train,533.0,0.9155722326454033,671.9114231107844,0.07729971945411475,0.2469871097573849,0.8095238095238095,0.9788732394366197,False,0.1792819925279138
ITM_0127,History,False,train,339.0,0.7227138643067846,663.2341844920403,0.2003985346455391,0.40949491504345703,0.40217391304347827,0.9468085106382979,False,0.04898502742950253
ITM_0128,Physics,True,train,458.0,0.4890829694323144,728.1794278244606,0.24988081844358412,-0.267447292515726,0.6307692307692307,0.31896551724137934,True,0.9701288476667007
ITM_0129,Chemistry,False,train,382.0,0.5209424083769634,630.939214656088,0.24956141553137248,0.3469317655281801,0.29523809523809524,0.7352941176470589,False,0.05828155663924367
ITM_0130,English,False,test,146.0,0.2671232876712329,808.7748562068126,0.1957684368549447,0.5525412190102271,0.023255813953488372,0.6046511627906976,False,0.04098221336633828
ITM_0131,Biology,False,train,66.0,0.5454545454545454,356.6158484422134,0.24793388429752072,0.40197530108710067,0.35294117647058826,0.85,False,0.07802880504328065
ITM_0132,Biology,False,train,395.0,0.31139240506329113,897.4463118241963,0.21442717513219034,0.3475207644207704,0.12264150943396226,0.5247524752475248,False,0.0531610100159843
ITM_0133,Math,False,train,44.0,0.11363636363636363,438.9273655231232,0.10072314049586778,-0.058293410659258124,0.16666666666666666,0.15384615384615385,True,0.5724493797082808
ITM_0134,Biology,False,train,223.0,0.4798206278026906,719.7930467593984,0.24959279293772235,0.33861975082374496,0.19642857142857142,0.6567164179104478,False,0.06272200219140027
ITM_0135,Physics,False,train,47.0,0.5531914893617021,471.5521301399145,0.24717066545948385,0.27926566862887603,0.35714285714285715,0.7692307692307693,False,0.05557305001518226
ITM_0136,CS,False,train,13.0,0.23076923076923078,554.842034441526,0.17751479289940827,0.5805223402503539,0.0,0.5,False,0.0
ITM_0137,CS,False,val,102.0,0.8627450980392157,732.091655754818,0.1184159938485198,0.4236344822127192,0.6551724137931034,1.0,False,0.11577629727718375
ITM_0138,Biology,False,train,87.0,0.3103448275862069,1099.6762345739899,0.2140309155766944,0.08049223457815327,0.2222222222222222,0.36363636363636365,False,0.43002039754987015
ITM_0139,Math,True,val,91.0,0.4725274725274725,1004.7394423167949,0.24924526023427127,0.0953750225038449,0.3333333333333333,0.5416666666666666,True,0.8596663015959142
ITM_0140,English,False,train,93.0,0.6881720430107527,677.1841335206125,0.21459128222915944,0.5339895741045007,0.38461538461538464,0.896551724137931,False,0.041255969027031096
ITM_0141,Physics,False,test,46.0,0.5652173913043478,900.4383407072062,0.2457466918714556,0.2279209191177446,0.4666666666666667,0.6153846153846154,False,0.3056578490555216
ITM_0142,Math,False,val,150.0,0.30666666666666664,879.6445694293557,0.2126222222222222,0.539240188140371,0.024390243902439025,0.6818181818181818,False,0.040278842242757254
ITM_0143,English,False,test,93.0,0.989247311827957,1062.2769598642005,0.01063706786911782,0.2706246863360717,0.9655172413793104,1.0,False,0.3925965912715526
ITM_0144,Physics,True,train,279.0,0.5448028673835126,655.0743198745353,0.2479927030742153,0.027185611032428315,0.5476190476190477,0.5616438356164384,True,0.89134791109897
ITM_0145,Biology,True,train,20.0,0.5,514.4718839770102,0.25,0.21190325002925198,0.6,0.8,True,0.6943091530389919
ITM_0146,CS,False,val,315.0,0.8825396825396825,944.7092660400876,0.10366339128243887,0.2761662392546263,0.76,0.9659090909090909,False,0.17050318104136017
ITM_0147,Physics,False,test,112.0,0.9017857142857143,837.1562426245747,0.0885682397959184,0.395294495534784,0.7142857142857143,1.0,False,0.23962944219672927
ITM_0148,Biology,True,test,401.0,0.5112219451371571,742.4114752020932,0.2498740679473386,0.05259623042011349,0.4649122807017544,0.5585585585585585,True,0.8950313545355651
ITM_0149,History,False,train,316.0,0.28164556962025317,662.8597636512386,0.20232134273353627,0.43016498661446934,0.02531645569620253,0.5402298850574713,False,0.04558675539933988
ITM_0150,Chemistry,False,val,350.0,0.38285714285714284,732.642618815308,0.23627755102040823,0.2714774322553025,0.19791666666666666,0.5,False,0.07887746079166578
ITM_0151,Physics,False,train,8.0,0.5,416.95626434288647,0.25,0.46499055497527697,0.25,0.5,False,0.0
ITM_0152,Chemistry,False,train,504.0,0.12103174603174603,633.1314985201835,0.10638306248425293,0.39553895170265574,0.0078125,0.3111111111111111,False,0.062230275962720655
ITM_0153,Physics,True,train,15.0,0.6,868.6084936302029,0.24000000000000005,-0.0831684798913076,0.5,0.6,False,0.0
ITM_0154,Chemistry,False,train,95.0,0.5052631578947369,636.2367167387783,0.24997229916897504,0.46623289651140876,0.20689655172413793,0.8333333333333334,False,0.05131251350654356
ITM_0155,History,False,test,76.0,0.4473684210526316,811.857684933688,0.24722991689750684,0.3627339032179947,0.19047619047619047,0.6190476190476191,False,0.057286366929942
ITM_0156,CS,True,train,18.0,0.4444444444444444,672.8620997855512,0.2469135802469136,-0.04786229141814598,0.6,0.4,False,0.0
ITM_0157,Economics,False,train,551.0,0.5081669691470054,811.8957540069525,0.24993330061495192,0.2535992987660106,0.3393939393939394,0.6274509803921569,False,0.15388089299080424
ITM_0158,English,False,train,490.0,0.9204081632653062,637.3748045538289,0.0732569762598917,0.26759672012697405,0.8031496062992126,0.9925373134328358,False,0.14948398696739396
ITM_0159,Chemistry,True,train,34.0,0.9117647058823529,1386.0829322813813,0.08044982698961935,0.44184102816461096,0.6666666666666666,1.0,False,0.4911275892727132
ITM_0160,History,False,train,357.0,0.36694677871148457,673.9007200959282,0.2322968403047493,0.4120757781283228,0.125,0.6262626262626263,False,0.03417418958495327
ITM_0161,Chemistry,False,train,395.0,0.4911392405063291,723.2379937053267,0.2499214869411953,0.42637061612565913,0.21495327102803738,0.7310924369747899,False,0.05518855430730007
ITM_0162,CS,True,train,191.0,0.5445026178010471,622.1280546622351,0.24801951700885394,0.029324965309104,0.5849056603773585,0.5660377358490566,True,0.9105595854598806
ITM_0163,Chemistry,True,val,60.0,0.0,637.7433719704214,0.0,0.0,0.0,0.0,True,0.7489704120584985
ITM_0164,History,False,test,316.0,0.6170886075949367,668.032281017224,0.2362902579714789,0.15840722510690025,0.4827586206896552,0.6666666666666666,True,0.5076141985480178
ITM_0165,Biology,False,train,267.0,0.6217228464419475,593.2377888483368,0.23518354865407004,0.34122122605374355,0.352112676056338,0.7916666666666666,False,0.06383807476015609
ITM_0166,History,False,train,5.0,0.6,3745.9967755754938,0.24000000000000005,0.8895160917494285,0.0,1.0,False,0.0
ITM_0167,Economics,False,train,85.0,0.6823529411764706,616.1578134590078,0.21674740484429064,0.32710979470936424,0.45454545454545453,0.8181818181818182,False,0.09086783875103473
ITM_0168,Economics,False,val,258.0,0.813953488372093,729.970406219153,0.1514332071389941,0.3744948938191648,0.5333333333333333,0.9594594594594594,False,0.12624040372779488
ITM_0169,Economics,False,train,428.0,0.8387850467289719,927.1401448107904,0.1352246921128483,0.26081050134334216,0.7235772357723578,0.9363636363636364,False,0.180525535139272
ITM_0170,Math,False,train,52.0,0.5769230769230769,693.0099951194084,0.24408284023668642,0.12312206524312087,0.5714285714285714,0.6153846153846154,True,0.6023747271962329
ITM_0171,CS,False,train,98.0,0.4489795918367347,716.5500510163895,0.24739691795085383,0.2264283294462531,0.24,0.5294117647058824,False,0.1670923409714516
ITM_0172,Biology,True,test,138.0,0.9855072463768116,757.9323538039469,0.01428271371560596,0.24686210311753043,0.9473684210526315,1.0,False,0.28730985433074663
ITM_0173,Math,False,train,120.0,0.275,803.048075615584,0.19937500000000002,0.5234069493613968,0.0,0.5142857142857142,False,0.05653196519857764
ITM_0174,CS,False,train,152.0,0.4605263157894737,785.6993661105,0.2484418282548476,0.549559316966136,0.175,0.875,False,0.07366275334727089
ITM_0175,Biology,False,test,151.0,0.17218543046357615,1024.4490237001257,0.14253760799964912,0.45116773178166897,0.0,0.4473684210526316,False,0.06246674565550614
ITM_0176,Chemistry,False,train,118.0,0.8813559322033898,738.957653220193,0.10456765297328355,0.28906638177705835,0.75,0.9666666666666667,False,0.15834132879624743
ITM_0177,Biology,False,val,138.0,0.8188405797101449,671.2345241048083,0.1483406847300987,0.29441533725604646,0.6571428571428571,0.9487179487179487,False,0.11977212534882194
ITM_0178,History,False,train,33.0,0.7272727272727273,675.7596075909415,0.19834710743801653,0.41407162700754285,0.5,1.0,False,0.08785693650519028
ITM_0179,Math,True,test,411.0,0.9708029197080292,694.7836733520223,0.02834461079439501,0.2279479289806878,0.9038461538461539,1.0,False,0.4900810650751372
ITM_0180,Chemistry,True,train,170.0,0.5117647058823529,701.7484891506141,0.24986159169550176,0.2006981546618268,0.27906976744186046,0.5681818181818182,True,0.7152550022377959
ITM_0181,History,True,test,206.0,0.2524271844660194,673.5624450233923,0.1887077010085776,0.17207303563163545,0.14285714285714285,0.34615384615384615,False,0.47856803688802385
ITM_0182,CS,False,train,29.0,0.3448275862068966,367.919025613186,0.22592152199762186,0.2893250150598386,0.0,0.5,False,0.21007169779396725
ITM_0183,Biology,False,val,345.0,0.21159420289855072,655.2811211463212,0.16682209619827768,0.40800705654185,0.06315789473684211,0.4482758620689655,False,0.050155260298622946
ITM_0184,History,True,train,406.0,0.4852216748768473,670.672540083648,0.2497816011065544,0.21474546359343183,0.3047619047619048,0.5877192982456141,True,0.6485930319229165
ITM_0185,Chemistry,False,train,46.0,0.13043478260869565,591.0703568151677,0.113421550094518,0.4339528043690831,0.0,0.3076923076923077,False,0.08675600726929994
ITM_0186,Math,True,val,302.0,0.9403973509933775,806.7475694357843,0.056050173238015887,0.18831277081356113,0.8941176470588236,0.9620253164556962,True,0.7535991009812882
ITM_0187,Math,False,train,528.0,0.6609848484848485,850.9257471116848,0.22408387855831036,0.5010865378375469,0.36075949367088606,0.9230769230769231,False,0.052744100012931526
ITM_0188,Economics,False,train,535.0,0.44672897196261685,687.0382404163007,0.24716219757184033,0.5248916961327849,0.11594202898550725,0.781021897810219,False,0.04077231976190008
ITM_0189,Biology,False,train,493.0,0.2738336713995943,860.2316672529523,0.1988487918074133,0.3826407791166181,0.06060606060606061,0.45454545454545453,False,0.042746376720202844
ITM_0190,History,False,val,454.0,0.5726872246696035,685.4338957666305,0.24471656736983055,0.3432614807804573,0.32456140350877194,0.7258064516129032,False,0.058952599499201376
ITM_0191,Economics,False,train,572.0,0.47027972027972026,628.3109367343204,0.24911670497334834,0.25615562701384986,0.2865853658536585,0.6035502958579881,False,0.1938088879624223
ITM_0192,Chemistry,False,val,247.0,0.7489878542510121,567.0081916405547,0.18800504843547677,0.11626285132275481,0.6575342465753424,0.7571428571428571,False,0.4756420433716822
ITM_0193,Economics,True,train,52.0,0.5,597.9685711354824,0.25,0.029945772386867207,0.6153846153846154,0.5384615384615384,True,0.9353461786370312
ITM_0194,Physics,True,train,130.0,0.47692307692307695,497.0070162606127,0.24946745562130176,0.07553174319118236,0.4117647058823529,0.5,True,0.8974749800004068
ITM_0195,CS,False,train,165.0,0.3515151515151515,675.4583593878328,0.22795224977043158,0.21932303908462053,0.3125,0.5714285714285714,False,0.16792765352086927
ITM_0196,Economics,False,train,21.0,0.38095238095238093,990.8751989792072,0.23582766439909295,0.7360019249349009,0.0,1.0,False,0.0811979357755565
ITM_0197,CS,True,train,252.0,0.01984126984126984,798.744396366851,0.019447593852355748,0.17310527894540884,0.0,0.06944444444444445,True,0.7473558420533872
ITM_0198,Chemistry,False,train,134.0,0.21641791044776118,624.8207628319369,0.16958119848518605,0.5519159448299507,0.0,0.5526315789473685,False,0.06937690407922044
ITM_0199,Physics,False,train,147.0,0.6122448979591837,677.2545543696439,0.2374010828821324,0.45082814405111193,0.325,0.8536585365853658,False,0.03521844190711523
ITM_0200,Math,False,test,59.0,0.7288135593220338,644.3911666185232,0.19764435507038208,0.5093243929062325,0.3333333333333333,0.9375,False,0.061152849174119915
ITM_0201,Biology,False,train,228.0,0.40789473684210525,721.6114935566352,0.24151662049861494,0.2047675462037447,0.29508196721311475,0.5161290322580645,False,0.333280060718061
ITM_0202,English,False,train,468.0,0.6901709401709402,698.3825695831742,0.21383501351450065,0.5026873855390209,0.3178294573643411,0.9416666666666667,False,0.03749955428685538
ITM_0203,English,False,train,104.0,0.23076923076923078,614.558588079054,0.17751479289940827,0.31603702450802396,0.037037037037037035,0.3548387096774194,False,0.0677962223722181
ITM_0204,Biology,False,train,85.0,0.08235294117647059,662.5409432912037,0.07557093425605536,0.2275140799358693,0.0,0.125,False,0.20378947469948133
ITM_0205,Chemistry,True,train,9.0,0.1111111111111111,287.66783314010615,0.09876543209876543,0.8208915898169155,0.0,0.3333333333333333,False,0.0
ITM_0206,Physics,False,train,211.0,0.38388625592417064,763.9909893263068,0.23651759843669282,0.31597071528054577,0.23214285714285715,0.6129032258064516,False,0.039611703071137885
ITM_0207,Physics,False,val,123.0,0.42276422764227645,425.44980718812235,0.2440346354683058,0.31645639089635774,0.1875,0.59375,False,0.07572309781271916
ITM_0208,CS,False,train,204.0,0.6029411764705882,693.5715329455788,0.23940311418685123,0.6215571915511834,0.20689655172413793,0.9607843137254902,False,0.06202934137627977
ITM_0209,Math,False,train,226.0,0.6283185840707964,772.7304167210515,0.2335343409820659,0.3172350998711656,0.47368421052631576,0.85,False,0.07108457702486654
ITM_0210,History,False,train,21.0,0.2857142857142857,309.7605031785662,0.20408163265306123,0.6013756442559892,0.0,0.8333333333333334,False,0.06792755597059297
ITM_0211,Economics,True,train,93.0,0.8494623655913979,681.6382069240901,0.12787605503526417,0.032976682514186506,0.8214285714285714,0.84375,True,0.8367169576467223
ITM_0212,Physics,False,train,243.0,0.5802469135802469,755.6598898710236,0.24356043286084433,0.15986598361690518,0.49295774647887325,0.6714285714285714,False,0.33857084005828114
ITM_0213,Biology,False,train,20.0,0.4,711.530169485549,0.24000000000000005,0.5389635343219639,0.0,0.8,False,0.0569562223765043
ITM_0214,History,False,train,214.0,0.6915887850467289,724.5833800167144,0.21329373744431832,0.34085983962306077,0.4642857142857143,0.8666666666666667,False,0.044524111143631334
ITM_0215,English,True,train,49.0,0.6326530612244898,673.3525104831418,0.23240316534777175,-0.3107984279205277,0.8461538461538461,0.38461538461538464,True,0.9069781004444876
ITM_0216,History,False,val,171.0,0.5614035087719298,693.7837292255724,0.24622960911049555,0.3368522640228561,0.32653061224489793,0.7674418604651163,False,0.03626398940250906
ITM_0217,Math,False,train,47.0,0.14893617021276595,515.9667379070935,0.1267541874151199,0.4419905312117778,0.0,0.3333333333333333,False,0.11969273502313925
ITM_0218,Biology,False,train,346.0,0.4595375722543353,637.6812624772075,0.2483627919409268,0.5138669209615934,0.12380952380952381,0.7184466019417476,False,0.062305531910860266
ITM_0219,Math,False,train,0.0,0.0,0.0,0.0,0.0,0.0,0.0,False,0.0
ITM_0220,History,False,train,339.0,0.4837758112094395,670.5207998395895,0.2497367756980883,0.41126366383603297,0.21176470588235294,0.7319587628865979,False,0.03893483106279281
ITM_0221,Economics,False,train,223.0,0.06726457399103139,684.1617290489453,0.06274005107683647,0.2794942795253802,0.0,0.15873015873015872,False,0.1288332741413453
ITM_0222,Chemistry,True,train,418.0,0.507177033492823,735.9219925993289,0.2499484901902429,0.1241706071766324,0.42735042735042733,0.5789473684210527,True,0.90708462449011
ITM_0223,Physics,False,val,2.0,1.0,3.3063611642328334,0.0,0.0,0.0,0.0,False,0.0
ITM_0224,Biology,True,train,451.0,0.5787139689578714,726.558519738859,0.24380411109089925,0.2601258038706976,0.3858267716535433,0.7288135593220338,False,0.2683542748788325
ITM_0225,Chemistry,False,train,42.0,0.2619047619047619,712.5385544343628,0.19331065759637187,0.19953335446656145,0.2727272727272727,0.3333333333333333,False,0.39488914095279265
ITM_0226,History,False,train,766.0,0.2545691906005222,738.7193953560683,0.1897637177975172,0.41744570155882266,0.03608247422680412,0.49056603773584906,False,0.04056241940093261
ITM_0227,Physics,True,train,13.0,0.3076923076923077,619.7911343725492,0.21301775147928995,0.3231578261709572,0.25,0.75,False,0.0
ITM_0228,CS,False,train,20.0,0.3,292.288019109001,0.20999999999999996,0.6519180398824727,0.0,0.6,False,0.11823951419066624
ITM_0229,Chemistry,False,train,527.0,0.2239089184060721,748.3376274108653,0.1737737146642951,0.2733858358006923,0.0851063829787234,0.39097744360902253,False,0.04149973988924076
ITM_0230,Chemistry,False,train,36.0,0.6944444444444444,1096.5950475709296,0.21219135802469133,0.4321777332027069,0.3333333333333333,1.0,False,0.10949827726378249
ITM_0231,History,False,train,114.0,0.6052631578947368,727.7795965839919,0.23891966759002767,0.5539594361986613,0.25,0.8823529411764706,False,0.039871307095885274
ITM_0232,English,False,train,71.0,0.6338028169014085,789.5538855585022,0.23209680618924816,0.5468839728866477,0.2857142857142857,0.9166666666666666,False,0.04179900396544809
ITM_0233,History,False,test,34.0,0.3235294117647059,639.9698591526312,0.21885813148788927,0.377413349732323,0.1,0.5,False,0.12200969518593936
ITM_0234,Chemistry,True,train,21.0,0.38095238095238093,425.7802080844093,0.23582766439909295,-0.4139793955582351,0.6666666666666666,0.16666666666666666,True,0.8381786611214518
ITM_0235,Physics,False,train,49.0,0.5510204081632653,578.0537289989827,0.24739691795085383,0.47953959751188224,0.3333333333333333,0.9375,False,0.0388549535627119
ITM_0236,Economics,False,val,0.0,0.0,0.0,0.0,0.0,0.0,0.0,False,0.0
ITM_0237,English,False,val,248.0,0.056451612903225805,859.4090662934673,0.053264828303850154,0.26484735956054184,0.012345679012345678,0.15151515151515152,False,0.1625486576686925
ITM_0238,History,False,test,23.0,0.17391304347826086,375.4044194301744,0.14366729678638937,0.47997236785007463,0.0,0.5,False,0.1120476070683179
ITM_0239,Economics,False,train,0.0,0.0,0.0,0.0,0.0,0.0,0.0,False,0.0
ITM_0240,Biology,False,test,104.0,0.4423076923076923,925.356873597153,0.24667159763313606,0.39710307637310693,0.23076923076923078,0.7096774193548387,False,0.05362132064452903
ITM_0241,History,False,train,86.0,0.47674418604651164,476.3907327665128,0.24945916711736082,0.6248028807916348,0.125,0.8846153846153846,False,0.04343479109087661
ITM_0242,Chemistry,True,train,162.0,0.5185185185185185,989.3538212710611,0.24965706447187927,-0.10880497305426909,0.5909090909090909,0.45454545454545453,True,0.9748221646997669
ITM_0243,Economics,False,train,185.0,0.43243243243243246,583.8058500746649,0.24543462381300227,0.34681397980277984,0.22448979591836735,0.5961538461538461,False,0.06261809538032272
ITM_0244,Chemistry,False,val,152.0,0.019736842105263157,565.8260053378875,0.019347299168975075,0.2067864633416236,0.0,0.05,True,0.5819520140887832
ITM_0245,CS,True,train,36.0,0.05555555555555555,474.6902065858458,0.05246913580246914,0.29948910631048153,0.0,0.1111111111111111,True,0.6495077197811228
ITM_0246,Economics,True,train,486.0,0.4670781893004115,567.950310355384,0.24891615438026055,0.11413800830710757,0.37404580152671757,0.544,True,0.8173906147926705
ITM_0247,Economics,True,train,256.0,0.484375,793.8446670185017,0.249755859375,-0.10773845085187998,0.5416666666666666,0.4050632911392405,True,0.9624915171082893
ITM_0248,History,False,train,85.0,0.3764705882352941,704.7710102969908,0.23474048442906575,0.38342128799384423,0.16666666666666666,0.6521739130434783,False,0.026631963624503204
ITM_0249,Chemistry,True,test,163.0,0.5153374233128835,869.3140716499439,0.24976476344612142,0.17274681430241695,0.375,0.5869565217391305,True,0.7678790084153772
ITM_0250,Biology,False,train,380.0,0.7552631578947369,701.6350880316298,0.1848407202216066,0.28009715108262523,0.6206896551724138,0.8421052631578947,False,0.11720965369012576
ITM_0251,Math,False,train,74.0,0.3783783783783784,753.0672870524253,0.23520818115412698,0.6188607550699614,0.047619047619047616,0.8095238095238095,False,0.03813561919373323
ITM_0252,English,False,val,359.0,0.5738161559888579,707.1993566955588,0.24455117511502864,0.1919292316742162,0.375,0.6276595744680851,False,0.3535755090744861
ITM_0253,Math,True,train,21.0,0.2857142857142857,708.2389263738044,0.20408163265306123,0.18807079623558653,0.14285714285714285,0.3333333333333333,True,0.5855222154879539
ITM_0254,English,False,train,552.0,0.4003623188405797,728.7341523920995,0.2400723324931737,0.5461275502233365,0.09615384615384616,0.7730496453900709,False,0.030350072723240674
ITM_0255,Biology,False,val,59.0,0.3559322033898305,634.8023786589212,0.2292444699798908,0.29415283309087237,0.29411764705882354,0.5294117647058824,False,0.08249772370877283
ITM_0256,Economics,True,test,242.0,0.4380165289256198,846.5139191127873,0.24615804931357144,-0.19422209542893515,0.581081081081081,0.2923076923076923,True,0.7967213245502998
ITM_0257,Economics,False,test,33.0,0.45454545454545453,562.834927323038,0.2479338842975206,0.5431342710290212,0.2,0.7777777777777778,False,0.06988295233930468
ITM_0258,History,False,train,314.0,0.7388535031847133,596.7764983482898,0.1929490040163901,0.43306240416114306,0.4065934065934066,0.9642857142857143,False,0.052072877553287114
ITM_0259,CS,True,train,634.0,0.501577287066246,617.3417590128616,0.24999751216551064,0.08667309834801024,0.48,0.5838509316770186,True,0.8813432434439324
ITM_0260,Chemistry,False,train,372.0,0.3897849462365591,728.4506316246557,0.2378526419239218,0.357378250605549,0.17525773195876287,0.5794392523364486,False,0.05532265147318991
ITM_0261,Chemistry,False,train,320.0,0.515625,613.1897751162547,0.249755859375,0.5357004339588791,0.14285714285714285,0.8313253012048193,False,0.043770543345345726
ITM_0262,Chemistry,True,train,459.0,0.6209150326797386,634.5803760697964,0.2353795548720578,0.11804869510610601,0.5078125,0.6590909090909091,True,0.6582364804945193
ITM_0263,History,False,train,183.0,0.8688524590163934,879.0753139918638,0.11394786347755982,0.391080088160904,0.6923076923076923,1.0,False,0.11416521146971594
ITM_0264,English,False,test,489.0,0.8568507157464212,802.1084916648629,0.12265756667126687,0.34705269711936554,0.6335877862595419,0.9769230769230769,False,0.10298035062792796
ITM_0265,Economics,False,train,41.0,0.4878048780487805,529.544999549435,0.24985127900059484,0.29572721184443357,0.2727272727272727,0.7272727272727273,False,0.08179195535270165
ITM_0266,Biology,True,train,81.0,0.5185185185185185,606.2652212722554,0.24965706447187933,-0.22530099401013998,0.64,0.4166666666666667,True,0.9458781532457691
ITM_0267,Chemistry,False,train,93.0,0.9354838709677419,363.8610581184282,0.06035379812695107,0.30637653283071925,0.8571428571428571,0.9655172413793104,False,0.23259226542583242
ITM_0268,Math,False,train,262.0,0.8702290076335878,898.9620362136866,0.11293048190664878,0.32212919645002536,0.7121212121212122,1.0,False,0.16100341642544158
ITM_0269,Chemistry,False,test,47.0,0.425531914893617,558.6326055241315,0.24445450430058843,0.25151960297008646,0.3076923076923077,0.6666666666666666,False,0.12020432072476239
ITM_0270,Economics,False,train,144.0,0.5833333333333334,552.9766686503358,0.2430555555555556,0.3701371258677345,0.34146341463414637,0.8378378378378378,False,0.06269676305616274
ITM_0271,History,False,train,352.0,0.11647727272727272,913.4145426903947,0.10291031766528924,0.3417419179643941,0.011363636363636364,0.3020833333333333,False,0.0598658138585549
ITM_0272,Biology,False,train,38.0,0.631578947368421,456.09896147466316,0.23268698060941825,0.42965008245806335,0.3,0.9090909090909091,False,0.08631686449668932
ITM_0273,CS,False,train,20.0,0.0,564.4908143454172,0.0,0.0,0.0,0.0,True,0.6050975182320313
ITM_0274,Biology,False,train,5.0,0.2,179.39132453520682,0.16000000000000006,0.5713155403580504,0.0,0.5,False,0.0
ITM_0275,Math,False,val,158.0,0.44936708860759494,702.4911392972729,0.2474363082839289,0.011287373391782856,0.5,0.5454545454545454,True,0.6822371763627154
ITM_0276,Chemistry,False,train,71.0,0.9577464788732394,1147.6839146696957,0.04046816107915096,0.283682836019844,0.8333333333333334,1.0,False,0.25279663319357776
ITM_0277,Chemistry,True,train,6.0,0.6666666666666666,755.1691486534942,0.22222222222222224,0.5463695972893305,0.5,1.0,False,0.0
ITM_0278,Physics,False,train,20.0,0.2,169.19163767787595,0.16000000000000006,0.5158550596602023,0.0,0.5,False,0.10547885542780865
ITM_0279,English,False,val,85.0,0.29411764705882354,765.69254582524,0.20761245674740478,0.4843424074995985,0.043478260869565216,0.5,False,0.055244354153113025
ITM_0280,Math,True,val,198.0,0.9949494949494949,615.6641869679283,0.005024997449239873,0.1535323822536978,0.9814814814814815,1.0,True,0.8473553846169786
ITM_0281,Physics,False,train,48.0,0.020833333333333332,813.6286740168025,0.020399305555555556,0.2793753890632395,0.0,0.08333333333333333,False,0.29525901587048986
ITM_0282,Biology,False,train,64.0,0.625,514.9906706413817,0.234375,0.24329873089743642,0.55,0.7222222222222222,False,0.17058032828888148
ITM_0283,CS,True,test,91.0,0.6043956043956044,1186.1397156191806,0.23910155778287648,-0.3021460845579238,0.7916666666666666,0.375,True,0.8322227245054209
ITM_0284,English,False,val,191.0,0.2879581151832461,621.0335351282122,0.20503823908335841,0.5334231152789635,0.05172413793103448,0.6363636363636364,False,0.033691749673397615
ITM_0285,Math,False,val,234.0,0.45726495726495725,822.3455329745955,0.2481737161224341,0.36738774264368446,0.1935483870967742,0.6451612903225806,False,0.0571177645757126
ITM_0286,Chemistry,True,val,21.0,0.047619047619047616,572.8826625693913,0.0453514739229025,0.32827643780170024,0.0,0.16666666666666666,True,0.5491314985784321
ITM_0287,Biology,True,train,119.0,0.5378151260504201,542.0363151908153,0.24857001624179087,-0.11876438674073815,0.6666666666666666,0.53125,True,0.939703590587654
ITM_0288,Math,True,train,36.0,0.4722222222222222,916.4140318806221,0.24922839506172836,0.09299602890672942,0.3333333333333333,0.4166666666666667,True,0.8821308971247135
ITM_0289,Chemistry,False,test,138.0,0.4782608695652174,634.1921818832191,0.24952741020793953,0.5923982386089494,0.125,0.85,False,0.04471205242063179
ITM_0290,Economics,False,test,95.0,0.3684210526315789,479.6155378941184,0.23268698060941823,0.3066922669129188,0.14285714285714285,0.5555555555555556,False,0.109642035487571
ITM_0291,English,False,train,173.0,0.4508670520231214,796.7242342432354,0.24758595342310136,0.299816444075036,0.23404255319148937,0.6481481481481481,False,0.05775936511933013
ITM_0292,Economics,False,train,395.0,0.4430379746835443,620.5267516333647,0.24675532767184746,0.5435467833662027,0.11965811965811966,0.794392523364486,False,0.03715317311765053
ITM_0293,Economics,False,test,0.0,0.0,0.0,0.0,0.0,0.0,0.0,False,0.0
ITM_0294,Chemistry,False,train,44.0,0.5227272727272727,726.7032942892091,0.24948347107438015,0.5867119214058832,0.16666666666666666,0.9090909090909091,False,0.037410971044575365
ITM_0295,CS,False,test,5.0,0.2,298.8344305452698,0.16000000000000006,0.6875000000000001,0.0,0.3333333333333333,False,0.0
ITM_0296,Biology,False,train,934.0,0.21948608137044967,666.3521287195703,0.17131194145509407,0.25962679266837463,0.0811965811965812,0.3412698412698413,False,0.07236846845723414
ITM_0297,History,False,train,465.0,0.8516129032258064,620.5157891299509,0.12636836628511966,0.39920032135584915,0.6451612903225806,0.975609756097561,False,0.08060872849206319
ITM_0298,Chemistry,False,train,431.0,0.345707656612529,680.0524003173979,0.22619387277200273,0.34179392632338906,0.19130434782608696,0.6454545454545455,False,0.03877835391115117
ITM_0299,CS,False,train,188.0,0.6382978723404256,773.2414891760133,0.23087369850611142,0.5854267198708101,0.19607843137254902,0.9574468085106383,False,0.05787537868354736
ITM_0300,History,False,train,76.0,0.06578947368421052,822.0415186548826,0.06146121883656508,0.22332112182120606,0.0,0.15789473684210525,False,0.2024206955972833
ITM_0301,Biology,False,train,83.0,0.43373493975903615,993.2231165079852,0.24560894179126136,0.28718545773403537,0.19047619047619047,0.6190476190476191,False,0.07292689683780454
ITM_0302,Economics,True,val,412.0,0.4854368932038835,885.4457616304678,0.24978791592044483,-0.02634928959513635,0.5272727272727272,0.4745762711864407,True,0.9753497305338867
ITM_0303,English,False,test,82.0,0.45121951219512196,859.1977310038037,0.24762046400951818,0.3781875671306806,0.16666666666666666,0.6,False,0.061140858443175725
ITM_0304,English,False,train,20.0,0.7,517.199358221468,0.20999999999999996,0.5996140738205854,0.4,1.0,False,0.06083102720768164
ITM_0305,Biology,False,train,44.0,0.29545454545454547,384.6798755790814,0.20816115702479338,0.346818859051056,0.09090909090909091,0.5833333333333334,False,0.05025463642873957
ITM_0306,Biology,False,train,539.0,0.6493506493506493,699.6172449199358,0.2276943835385394,0.26606067829312835,0.4900662251655629,0.8175675675675675,False,0.08701952435373612
ITM_0307,Math,True,train,13.0,0.5384615384615384,622.3934251959432,0.24852071005917165,-0.16827407260207294,0.75,0.5,False,0.0
ITM_0308,CS,False,train,210.0,0.9809523809523809,670.5319955941104,0.018684807256235825,0.2611387074207548,0.9272727272727272,1.0,False,0.22186259414827014
ITM_0309,Economics,False,train,37.0,0.918918918918919,546.003224119378,0.07450693937180425,0.24552521511400802,0.8,1.0,False,0.3072280211705624
ITM_0310,CS,False,train,149.0,0.35570469798657717,543.0026678750522,0.22917886581685504,0.24718287376252873,0.2631578947368421,0.5238095238095238,False,0.0842590226597995
ITM_0311,Biology,False,train,161.0,0.6645962732919255,684.2132852225488,0.22290806681840977,0.4383050157072143,0.4,0.9333333333333333,False,0.0787873213745088
ITM_0312,Physics,False,train,5.0,0.6,662.8391173876289,0.24000000000000005,0.3520968183794999,0.5,0.5,False,0.0
ITM_0313,Physics,False,val,75.0,0.56,920.0299668937093,0.2464,0.6068942050077366,0.05,0.8695652173913043,False,0.041421526328778976
ITM_0314,History,False,train,20.0,0.35,552.7056664143134,0.22749999999999998,-0.15295006185167304,0.4,0.2,True,0.528290375141558
ITM_0315,History,True,test,151.0,0.4966887417218543,636.6608759110483,0.24998903556861546,-0.28841663881137647,0.6829268292682927,0.32608695652173914,True,0.9453396287743996
ITM_0316,Physics,False,test,5.0,0.2,67.59482877230653,0.16000000000000003,0.1360516624103026,0.0,0.0,False,0.0
ITM_0317,Biology,True,test,155.0,0.5161290322580645,604.7368469118295,0.24973985431841836,0.08684463970260717,0.575,0.6904761904761905,True,0.6764164587343552
ITM_0318,Biology,False,test,169.0,0.5680473372781065,445.89425869360355,0.24536955988935957,0.4661456765149351,0.21739130434782608,0.8478260869565217,False,0.06885647863449643
ITM_0319,History,False,train,85.0,0.25882352941176473,643.5347187669415,0.19183391003460218,0.47254216331071575,0.0,0.4583333333333333,False,0.052264586031691145
ITM_0320,Chemistry,False,train,126.0,0.48412698412698413,735.5771203249213,0.24974804736709494,0.5181179407554777,0.15384615384615385,0.8181818181818182,False,0.039264759434993385
ITM_0321,Biology,False,train,120.0,0.5833333333333334,686.8400515259447,0.24305555555555555,0.3801441780136391,0.3333333333333333,0.7333333333333333,False,0.08936332394002794
ITM_0322,Physics,False,val,20.0,0.2,931.5639440602703,0.16000000000000006,-0.12909549343440868,0.16666666666666666,0.0,False,0.366766771368763
ITM_0323,CS,False,test,24.0,0.7916666666666666,1126.3737875218058,0.16493055555555555,0.6167462212267348,0.3333333333333333,1.0,False,0.16068911773697156
ITM_0324,Biology,False,test,215.0,0.2837209302325581,666.2736749653035,0.20322336398053006,0.4066547489603599,0.08771929824561403,0.45901639344262296,False,0.04771339983350666
ITM_0325,Economics,False,train,445.0,0.8584269662921349,835.8831093740048,0.12153010983461685,0.3324292186399955,0.6724137931034483,0.9703703703703703,False,0.13918450860660073
ITM_0326,Biology,False,val,177.0,0.519774011299435,880.4844792426568,0.24960898847712978,0.5263698197835306,0.14285714285714285,0.8478260869565217,False,0.07274954294497776
ITM_0327,Chemistry,False,train,134.0,0.05223880597014925,759.41841300281,0.04950991312096234,0.2512313822759267,0.02857142857142857,0.17142857142857143,False,0.2244421409185268
ITM_0328,History,False,train,47.0,0.9361702127659575,764.6821232050918,0.05975554549569943,0.28151621859977216,0.8333333333333334,1.0,False,0.18452790882918235
ITM_0329,Biology,False,val,470.0,0.08936170212765958,755.6432178814642,0.081376188320507,0.24788689056379676,0.014814814814814815,0.17164179104477612,False,0.13000926698164356
ITM_0330,English,True,train,424.0,0.9929245283018868,717.61952515554,0.007025409398362406,0.13342970189464132,0.9823008849557522,1.0,True,0.869537594551366
ITM_0331,Math,False,test,104.0,0.5384615384615384,848.2061112033005,0.2485207100591716,0.4545354578036205,0.2692307692307692,0.896551724137931,False,0.06588857665921145
ITM_0332,Physics,False,train,648.0,0.9290123456790124,640.1675550636699,0.06594840725499163,0.2581393398149565,0.8192771084337349,0.994413407821229,False,0.17214841429722164
ITM_0333,Economics,True,test,110.0,0.8727272727272727,673.6767807390074,0.11107438016528924,0.05331854730288971,0.8214285714285714,0.8717948717948718,True,0.8083277001757788
ITM_0334,Economics,False,train,33.0,0.6060606060606061,560.2309838942417,0.23875114784205695,0.3689639237865998,0.4444444444444444,1.0,False,0.10941294813063945
ITM_0335,Economics,False,val,346.0,0.838150289017341,787.6302206428923,0.13565438203748875,0.4637699985238787,0.5882352941176471,1.0,False,0.11489511688036451
ITM_0336,English,False,val,316.0,0.9145569620253164,588.7200656038503,0.07814252523634033,0.32689545888814336,0.7752808988764045,0.9876543209876543,False,0.16581643736647522
ITM_0337,Economics,False,test,191.0,0.7958115183246073,779.5148802376285,0.16249554562649057,0.5066334834238184,0.48148148148148145,1.0,False,0.10234231907323604
ITM_0338,Economics,False,train,175.0,0.3314285714285714,899.9921084113048,0.2215836734693878,0.20588119936532653,0.24489795918367346,0.52,False,0.24203304706425463
ITM_0339,History,False,test,342.0,0.3538011695906433,710.7054340627827,0.22862590198693616,0.364181717180715,0.13043478260869565,0.6181818181818182,False,0.04615035852663164
ITM_0340,CS,False,train,425.0,0.668235294117647,683.3528089542107,0.22169688581314875,0.17524455107898587,0.5491803278688525,0.7567567567567568,False,0.38110837211936627
ITM_0341,Math,True,train,350.0,0.9857142857142858,651.0060261661313,0.014081632653061225,0.09984287895356217,0.9690721649484536,0.989010989010989,True,0.8624879357783396
ITM_0342,English,False,train,250.0,0.368,619.3091254463972,0.23257599999999998,0.5855690834880898,0.015151515151515152,0.7910447761194029,False,0.025317526671382793
ITM_0343,Math,False,val,20.0,0.4,531.9459367310074,0.24000000000000005,0.4915138114472224,0.2,1.0,False,0.06428597085134699
ITM_0344,Physics,False,train,157.0,0.6050955414012739,825.8392511428541,0.23895492717757313,0.4293228948467058,0.2619047619047619,0.8333333333333334,False,0.03855455124984939
ITM_0345,History,True,val,33.0,0.45454545454545453,496.1825039568347,0.2479338842975206,0.09489165048569814,0.4166666666666667,0.5454545454545454,True,0.9026052086383868
ITM_0346,Biology,True,val,52.0,0.5769230769230769,566.0437562073614,0.24408284023668642,0.0838197072691367,0.46153846153846156,0.5384615384615384,True,0.7549936797016663
ITM_0347,CS,False,train,108.0,0.8796296296296297,762.8462757660632,0.10588134430727021,0.484431980423529,0.6428571428571429,1.0,False,0.11783259941643726
ITM_0348,History,True,test,141.0,0.5319148936170213,767.9432991810492,0.2489814395654143,-0.2381990204242891,0.7027027027027027,0.4,True,0.9584101204474138
ITM_0349,Math,False,train,107.0,0.27102803738317754,675.2777233893889,0.19757184033540046,0.3930631624385246,0.034482758620689655,0.5185185185185185,False,0.054104634023054994
ITM_0350,English,False,test,332.0,0.8614457831325302,733.0536710640995,0.11935694585571198,0.4695903771106306,0.5777777777777777,1.0,False,0.11990870247378106
ITM_0351,Physics,False,train,50.0,0.86,549.0975004669863,0.12039999999999995,0.3451419812094005,0.6428571428571429,1.0,False,0.08989904269894128
ITM_0352,Physics,False,train,43.0,0.5581395348837209,839.0554166232249,0.24661979448350457,0.11409751443224384,0.5454545454545454,0.8181818181818182,False,0.3706318473439108
ITM_0353,History,False,train,23.0,0.13043478260869565,688.1877404932624,0.11342155009451795,0.45286353427836007,0.0,0.5,False,0.10264559288951176
ITM_0354,Biology,False,train,69.0,0.5652173913043478,642.8023949490902,0.2457466918714555,0.16371292213532138,0.5,0.6666666666666666,False,0.41782496990853035
ITM_0355,English,True,train,93.0,0.5376344086021505,893.4940187639932,0.24858365128916637,-0.04051307011961369,0.5357142857142857,0.5,True,0.9449841836639475
ITM_0356,Biology,False,train,330.0,0.16363636363636364,855.4230491830283,0.1368595041322314,0.27288749970351295,0.05434782608695652,0.3103448275862069,False,0.07529568091379261
ITM_0357,Biology,False,train,100.0,0.58,572.7756068043118,0.24360000000000007,0.20956564626369759,0.5625,0.7333333333333333,False,0.2981948985771886
ITM_0358,Economics,False,train,20.0,0.55,396.66643308129625,0.24749999999999997,0.6493170897066246,0.0,0.8333333333333334,False,0.09492731555918761
ITM_0359,English,False,train,322.0,0.2888198757763975,979.1817096751726,0.20540295513290374,0.29887698222515413,0.12790697674418605,0.49411764705882355,False,0.046195530912662285
ITM_0360,Math,True,val,20.0,0.55,711.4497102907046,0.24749999999999997,-0.28583892149834766,0.8333333333333334,0.6,True,0.877700708070646
ITM_0361,History,False,train,343.0,0.04956268221574344,721.7096864395745,0.04710622274732468,0.30115302124488647,0.0,0.14285714285714285,False,0.20998986324049557
ITM_0362,History,False,test,556.0,0.18525179856115107,770.7263181639573,0.15093356969100977,0.3845386002970451,0.03205128205128205,0.3974358974358974,False,0.04074183180392778
ITM_0363,Economics,False,train,274.0,0.6204379562043796,764.1493862787929,0.23549469870531198,0.5640257707216951,0.2077922077922078,0.9577464788732394,False,0.045109221999633096
ITM_0364,Chemistry,True,train,134.0,0.5149253731343284,639.7510506916587,0.249777233236801,0.02663184703101347,0.47058823529411764,0.4634146341463415,True,0.9491422097847702
ITM_0365,History,True,train,48.0,0.3958333333333333,685.5217682968583,0.23914930555555558,-0.2248169937909824,0.5,0.3076923076923077,True,0.8086682392476294
ITM_0366,Physics,False,train,80.0,0.5625,932.7024658840835,0.24609375,0.39214203627864475,0.2727272727272727,0.7727272727272727,False,0.04116759646178986
ITM_0367,Math,False,train,359.0,0.8885793871866295,832.492160136024,0.09900605985366347,0.34879997898429904,0.7263157894736842,0.9791666666666666,False,0.16498397887644636
ITM_0368,English,False,train,20.0,0.85,563.2623193559191,0.1275,0.08567018605070571,1.0,1.0,True,0.650984875858006
ITM_0369,History,False,test,0.0,0.0,0.0,0.0,0.0,0.0,0.0,False,0.0
ITM_0370,Math,False,val,542.0,0.46309963099630996,793.192645639647,0.24863836276739149,0.5454839365662939,0.10273972602739725,0.7880794701986755,False,0.04795557824524404
ITM_0371,Economics,False,train,138.0,0.6521739130434783,938.9595862715978,0.22684310018903592,0.608440968701999,0.2727272727272727,0.9743589743589743,False,0.04992398106865853
ITM_0372,History,True,val,1.0,1.0,0.0,0.0,0.0,0.0,0.0,False,0.0
ITM_0373,English,False,train,48.0,0.6875,520.0799046331404,0.21484375,0.49200144186090944,0.3076923076923077,0.8333333333333334,False,0.03487598473800786
ITM_0374,CS,False,train,210.0,0.819047619047619,902.4516213524893,0.14820861678004538,0.3496366581984917,0.6986301369863014,0.9836065573770492,False,0.16295903760277702
ITM_0375,English,False,train,5.0,0.8,336.4917085587371,0.16000000000000006,0.8651358037512018,0.5,1.0,False,0.0
ITM_0376,English,False,val,144.0,0.2986111111111111,473.92508325407846,0.2094425154320987,0.4035135797065128,0.09302325581395349,0.525,False,0.041975603888442334
ITM_0377,English,False,val,220.0,0.18181818181818182,668.666645573636,0.14876033057851232,0.3628138564234859,0.028169014084507043,0.38596491228070173,False,0.04787990627255389
ITM_0378,History,True,val,223.0,0.47533632286995514,678.0792301420042,0.24939170303042485,0.02680976194524739,0.5074626865671642,0.4915254237288136,True,0.9619984437284452
ITM_0379,Chemistry,False,train,63.0,0.6349206349206349,511.0469963180033,0.23179642227261277,0.3668452576095922,0.35294117647058826,0.8888888888888888,False,0.047596956396516364
ITM_0380,English,False,train,50.0,0.46,856.9915491155896,0.24840000000000007,0.3931458221221357,0.13333333333333333,0.6923076923076923,False,0.04935778817629252
ITM_0381,Economics,False,val,236.0,0.6822033898305084,760.0458718237942,0.21680192473427173,0.2899500816501221,0.484375,0.8135593220338984,False,0.08366834833508019
ITM_0382,Physics,False,train,0.0,0.0,0.0,0.0,0.0,0.0,0.0,False,0.0
ITM_0383,Physics,False,train,62.0,0.7419354838709677,587.2546608170342,0.1914672216441207,0.5174474164751206,0.4375,0.9375,False,0.055768960846061824
ITM_0384,Economics,False,train,24.0,0.125,548.2062109850921,0.109375,0.7071747558832856,0.0,0.5,False,0.10968741909155628
ITM_0385,Math,False,train,58.0,0.13793103448275862,527.1552439817184,0.11890606420927465,0.3961467429546519,0.0,0.375,False,0.0732896388983326
ITM_0386,Chemistry,False,train,21.0,0.47619047619047616,980.0011134701329,0.24943310657596368,0.2363501059735887,0.2857142857142857,0.6666666666666666,False,0.19639711757978515
ITM_0387,Math,False,train,559.0,0.22182468694096602,832.7315915376906,0.17261849520450842,0.41187354886285343,0.01935483870967742,0.4585987261146497,False,0.03859991593531573
ITM_0388,Economics,False,train,49.0,0.24489795918367346,837.0728071383733,0.18492294877134524,0.10645227477036326,0.15384615384615385,0.35714285714285715,False,0.4184014699330648
ITM_0389,Physics,False,train,35.0,0.5714285714285714,1738.9041255573622,0.24489795918367357,0.28374116957794704,0.3333333333333333,0.7777777777777778,False,0.1052530145085427
ITM_0390,Biology,False,train,38.0,0.0,737.9499093557756,0.0,0.0,0.0,0.0,True,0.588757277634162
ITM_0391,Physics,False,train,85.0,0.8,932.414834865225,0.15999999999999998,0.5321051155193874,0.4090909090909091,1.0,False,0.0779991673479674
ITM_0392,CS,False,train,58.0,0.25862068965517243,538.9572778978301,0.1917360285374554,0.24665242411848387,0.05555555555555555,0.375,False,0.10003848560375556
ITM_0393,English,False,train,47.0,0.6382978723404256,480.9457823299135,0.23087369850611134,0.34898686133983925,0.2857142857142857,0.75,False,0.03651598913087677
ITM_0394,Biology,False,train,127.0,0.30708661417322836,855.1696799191924,0.2127844255688512,0.2219578906886023,0.20512820512820512,0.3684210526315789,False,0.09220061814891317
ITM_0395,Physics,False,train,488.0,0.17418032786885246,774.0275082785274,0.14384154125235146,0.27487743633527334,0.05426356589147287,0.2847222222222222,False,0.08229485192986054
ITM_0396,History,True,val,4.0,0.25,793.3294149071971,0.1875,0.6642610457245477,0.0,1.0,False,0.0
ITM_0397,History,False,val,179.0,0.7932960893854749,701.2497211933266,0.1639774039511875,0.4445164488503158,0.48,0.9607843137254902,False,0.06437343023300313
ITM_0398,Math,False,train,20.0,0.55,513.5771790910683,0.24749999999999997,0.4213719177899115,0.2,0.8,False,0.1062699613662833
ITM_0399,Biology,False,train,123.0,0.6422764227642277,678.1644706545466,0.22975741952541473,0.18785918393358783,0.5142857142857142,0.7352941176470589,False,0.35830061462006185
ITM_0400,Math,False,test,0.0,0.0,0.0,0.0,0.0,0.0,0.0,False,0.0
ITM_0401,English,False,train,20.0,0.8,531.1599411987966,0.16000000000000003,0.5020114008955644,0.4,1.0,False,0.09243056656791426
ITM_0402,English,False,train,210.0,0.8380952380952381,748.4059613447915,0.13569160997732427,0.3905114958933494,0.6349206349206349,0.9821428571428571,False,0.11614245772244729
ITM_0403,CS,False,train,20.0,0.5,365.8199594936405,0.25,0.5474345098609976,0.3333333333333333,1.0,False,0.11452368764558281
ITM_0404,Economics,False,train,339.0,0.6017699115044248,754.8744877357728,0.23964288511238158,0.23867941015841862,0.3793103448275862,0.6966292134831461,False,0.12272347316018095
ITM_0405,Economics,True,train,76.0,0.0,774.7106493779066,0.0,0.0,0.0,0.0,True,0.797007069481568
ITM_0406,Chemistry,True,test,21.0,0.5714285714285714,366.06615572338626,0.24489795918367352,-0.2379178096478457,0.7142857142857143,0.5,True,0.8031330668416292
ITM_0407,Math,False,test,372.0,0.06989247311827956,610.3553811086787,0.06500751531969015,0.28339138856429813,0.010752688172043012,0.1574074074074074,False,0.14056816052006313
ITM_0408,English,True,train,134.0,0.007462686567164179,525.4736003704783,0.00740699487636445,0.1275645370152012,0.0,0.02857142857142857,True,0.8347416107552138
ITM_0409,Economics,False,train,0.0,0.0,0.0,0.0,0.0,0.0,0.0,False,0.0
ITM_0410,Math,True,train,50.0,0.08,476.3563428456647,0.07360000000000001,0.08170761481722899,0.07692307692307693,0.07692307692307693,True,0.7630987057151012
ITM_0411,English,False,train,135.0,0.3925925925925926,723.4161349425514,0.2384636488340192,0.4891358184656516,0.1111111111111111,0.7297297297297297,False,0.0305752943987614
ITM_0412,Physics,False,train,999.0,0.5725725725725725,757.9674975382683,0.24473322171019868,0.21059321782921203,0.4334470989761092,0.716,False,0.2255381242156317
ITM_0413,Math,False,train,138.0,0.2608695652173913,667.9377477189388,0.19281663516068048,0.12368126689606666,0.125,0.3142857142857143,True,0.5189502392829953
ITM_0414,Physics,True,train,79.0,0.7468354430379747,1076.2860598256666,0.18907226406024674,-0.009759433906763926,0.8095238095238095,0.7083333333333334,True,0.7158012728399634
ITM_0415,Math,False,train,134.0,0.26119402985074625,622.1630595620882,0.19297170862107374,0.4572028177389591,0.05714285714285714,0.6,False,0.042327228853290454
ITM_0416,Chemistry,False,train,0.0,0.0,0.0,0.0,0.0,0.0,0.0,False,0.0
ITM_0417,CS,False,test,0.0,0.0,0.0,0.0,0.0,0.0,0.0,False,0.0
ITM_0418,History,True,train,292.0,0.4623287671232877,573.5745227325956,0.24858087821354852,0.10147952739661403,0.4578313253012048,0.5365853658536586,True,0.9195726644711719
ITM_0419,Economics,False,test,130.0,0.05384615384615385,668.7889024857647,0.05094674556213018,0.41329074477674743,0.0,0.19444444444444445,False,0.22301815157827168
ITM_0420,History,False,train,67.0,0.3283582089552239,1070.105153741701,0.22053909556694137,0.3537952788365218,0.17647058823529413,0.5294117647058824,False,0.05233569874026722
ITM_0421,History,False,train,47.0,0.6382978723404256,421.0750558462427,0.23087369850611136,0.24280628686415873,0.46153846153846156,0.8333333333333334,False,0.11783664742289021
ITM_0422,Physics,True,train,341.0,0.5102639296187683,722.9373410145839,0.24989465174878098,0.0038182764635258867,0.48314606741573035,0.5053763440860215,True,0.9592802735941336
ITM_0423,Biology,False,train,140.0,0.6857142857142857,754.3096019738098,0.21551020408163266,0.4464744493603767,0.40476190476190477,0.9714285714285714,False,0.07675862462813632
ITM_0424,English,False,train,88.0,0.6590909090909091,697.4073690805117,0.22469008264462811,0.29044577581064623,0.5357142857142857,0.8333333333333334,False,0.08655993157089233
ITM_0425,History,False,test,99.0,0.30303030303030304,606.7535849690993,0.21120293847566574,0.38564960157360906,0.14814814814814814,0.64,False,0.030504530839988612
ITM_0426,Chemistry,True,test,53.0,0.22641509433962265,995.4594952773814,0.17515129939480242,0.08337563265472456,0.14285714285714285,0.21428571428571427,True,0.5178682117664255
ITM_0427,History,False,train,145.0,0.8827586206896552,678.2710906760864,0.10349583828775269,0.40566770773365235,0.6666666666666666,0.9743589743589743,False,0.11336707884972379
ITM_0428,Math,True,train,85.0,0.09411764705882353,625.6862142205786,0.08525951557093425,0.20636153647067457,0.0,0.16,True,0.584943125824934
ITM_0429,Physics,False,train,191.0,0.9633507853403142,570.3603747775663,0.035306049724514135,0.2739148853181289,0.8771929824561403,1.0,False,0.1773269126670516
ITM_0430,Biology,False,train,93.0,0.5376344086021505,974.283846085949,0.2485836512891664,0.40299705144625464,0.20833333333333334,0.6774193548387096,False,0.04761560012855871
ITM_0431,Math,True,train,23.0,0.9565217391304348,729.7203378297644,0.04158790170132326,0.12128046074945412,1.0,1.0,True,0.8518050748380162
ITM_0432,Biology,False,train,220.0,0.6590909090909091,555.6311080602062,0.22469008264462811,0.4281437636080766,0.38181818181818183,0.8620689655172413,False,0.06429163847505888
ITM_0433,Math,False,train,21.0,0.7142857142857143,784.929030585146,0.20408163265306123,0.6685118294731844,0.3333333333333333,1.0,False,0.08910096081339246
ITM_0434,Math,True,train,159.0,0.4276729559748428,744.0324441612976,0.24476879870258295,-0.1696702489339903,0.475,0.3488372093023256,True,0.8158178042104502
ITM_0435,Economics,False,train,15.0,0.26666666666666666,439.1270782580187,0.1955555555555556,0.395256637949157,0.0,0.4,False,0.0
ITM_0436,CS,True,train,23.0,0.43478260869565216,192.89139606413352,0.24574669187145554,0.19194269340513798,0.2857142857142857,0.6666666666666666,True,0.6155411355669781
ITM_0437,CS,False,train,129.0,0.5271317829457365,635.5106887660942,0.24926386635418546,0.07679914540869358,0.5,0.5263157894736842,True,0.8210439761931315
ITM_0438,English,False,test,5.0,0.0,316.93695881162967,0.0,0.0,0.0,0.0,False,0.0
ITM_0439,Physics,False,train,21.0,0.6666666666666666,474.08331770483363,0.22222222222222224,0.6267362626987296,0.3333333333333333,1.0,False,0.05223936035302854
ITM_0440,Chemistry,False,test,62.0,0.9516129032258065,786.0096627353801,0.04604578563995838,0.2598065366467896,0.8421052631578947,1.0,False,0.2787072947265557
ITM_0441,Chemistry,False,val,50.0,0.62,575.0407890299714,0.23559999999999998,0.4661483764397216,0.38461538461538464,0.9230769230769231,False,0.052945932442156333
ITM_0442,Chemistry,False,test,77.0,0.33766233766233766,455.2198593824219,0.22364648338674312,0.5658726979631679,0.0,0.7727272727272727,False,0.0448631126022488
ITM_0443,Economics,False,val,442.0,0.6221719457013575,636.1552887478911,0.2350740156835445,0.2780146001277092,0.49193548387096775,0.8062015503875969,False,0.09007639553165886
ITM_0444,Math,False,train,248.0,0.47580645161290325,689.5401516993072,0.24941467221644123,0.20438809446126205,0.29411764705882354,0.5538461538461539,True,0.575908884612305
ITM_0445,CS,False,test,15.0,0.4666666666666667,166.7493809413221,0.24888888888888885,0.4543512324860691,0.25,0.75,False,0.0
ITM_0446,Physics,False,train,572.0,0.5664335664335665,798.7803013086414,0.24558658125091698,0.5955339169977645,0.12,0.8986486486486487,False,0.06728538757609172
ITM_0447,Math,False,train,1.0,0.0,0.0,0.0,0.0,0.0,0.0,False,0.0
ITM_0448,Biology,True,test,176.0,0.5909090909090909,652.5934789462535,0.24173553719008264,0.28047975198646036,0.391304347826087,0.7291666666666666,False,0.12477194443938144
ITM_0449,CS,False,val,529.0,0.6578449905482041,738.8762560790932,0.22508495895883737,0.18153206923199225,0.564935064935065,0.7449664429530202,False,0.34707998730444983
ITM_0450,CS,False,test,451.0,0.6274944567627494,749.6604237389887,0.23374516349477145,0.2378378525127215,0.4918032786885246,0.7435897435897436,False,0.15436635987087052
ITM_0451,History,False,val,44.0,0.75,369.8413080122415,0.1875,0.582094193974938,0.18181818181818182,1.0,False,0.050181522920057925
ITM_0452,History,False,test,345.0,0.020289855072463767,885.2879592986676,0.019878176853602186,0.1943768165143958,0.0,0.06666666666666667,True,0.5243092724974946
ITM_0453,Economics,True,val,21.0,0.0,369.1120899070156,0.0,0.0,0.0,0.0,True,0.7937976394664418
ITM_0454,Physics,False,val,0.0,0.0,0.0,0.0,0.0,0.0,0.0,False,0.0
ITM_0455,Biology,True,train,47.0,0.2978723404255319,1019.8767009182787,0.20914440923494804,0.06933820677436994,0.25,0.35714285714285715,True,0.6029227962625404
ITM_0456,Physics,False,test,124.0,0.6048387096774194,663.1239057972496,0.2390088449531738,0.39262721240510395,0.29411764705882354,0.8857142857142857,False,0.03331362555830251
ITM_0457,Physics,True,val,0.0,0.0,0.0,0.0,0.0,0.0,0.0,False,0.0
ITM_0458,Economics,False,val,156.0,0.5769230769230769,478.49096805240146,0.24408284023668642,0.41573305547353173,0.3333333333333333,0.9,False,0.058414646109991454
ITM_0459,Economics,False,train,227.0,0.36123348017621143,798.7532419410066,0.23074385297599415,0.42324752985417835,0.171875,0.6388888888888888,False,0.02758145112674539
ITM_0460,Math,False,train,265.0,0.6037735849056604,702.9411906605347,0.23923104307582768,0.5030693479431116,0.3,0.8625,False,0.04310893290233151
ITM_0461,English,False,train,249.0,0.42168674698795183,731.3551564466727,0.24386703440267093,0.33164561805650383,0.234375,0.6515151515151515,False,0.05357051927866006
ITM_0462,Economics,False,test,217.0,0.2119815668202765,618.7625595168881,0.16704538214869719,0.29089184560331915,0.06666666666666667,0.3448275862068966,False,0.07981273971620775
ITM_0463,Physics,False,train,243.0,0.35390946502057613,847.9154979211945,0.22865755558942574,0.08695544016323586,0.3235294117647059,0.4084507042253521,False,0.36915730770160315
ITM_0464,History,False,train,5.0,0.8,439.9370650998165,0.16,0.6712198316335471,0.5,1.0,False,0.0
ITM_0465,English,False,train,227.0,0.31277533039647576,851.6733503072998,0.21494692309185118,0.3234740878133877,0.15625,0.5789473684210527,False,0.05464225050670867
ITM_0466,Math,True,val,119.0,0.5462184873949579,667.9816190589124,0.24786385142292214,0.09342169641139059,0.48484848484848486,0.6129032258064516,True,0.8503537511197665
ITM_0467,English,True,val,135.0,0.9481481481481482,574.6932570938088,0.04916323731138548,0.20687979448454413,0.8571428571428571,0.9743589743589743,True,0.6805194485705592
ITM_0468,Chemistry,False,val,88.0,0.13636363636363635,1057.7732177928735,0.11776859504132231,0.38745860667496623,0.043478260869565216,0.4090909090909091,False,0.061397784296428115
ITM_0469,Biology,False,train,458.0,0.9475982532751092,1152.707078886756,0.04965580366507121,0.30264172761091235,0.825,0.9920634920634921,False,0.18965125529953952
ITM_0470,English,True,train,310.0,0.4967741935483871,813.9120772301962,0.24998959417273675,-0.08585077370497213,0.55,0.4642857142857143,True,0.9481675960256039
ITM_0471,Physics,False,train,161.0,0.5900621118012422,891.1677613634301,0.24188881601790055,0.31101295046910615,0.36363636363636365,0.7272727272727273,False,0.04408325858870577
ITM_0472,Math,False,train,179.0,0.25139664804469275,711.941382094639,0.18819637339658557,0.2933096224115312,0.0851063829787234,0.40384615384615385,False,0.057962999780828126
ITM_0473,Biology,False,val,263.0,0.2813688212927757,562.7525800526533,0.20220040769708975,0.5849328515553266,0.02857142857142857,0.6756756756756757,False,0.04304403755185685
ITM_0474,Physics,False,train,197.0,0.5025380710659898,1117.6502447261273,0.24999355819526403,0.5476673250111616,0.12727272727272726,0.8846153846153846,False,0.046407900892988435
ITM_0475,Biology,False,train,297.0,0.40404040404040403,732.3373646910064,0.24079175594327115,0.2544592117346197,0.20689655172413793,0.525,False,0.08929646774272681
ITM_0476,History,False,train,147.0,0.7551020408163265,507.2062693211753,0.18492294877134524,0.2872056087772164,0.5384615384615384,0.8444444444444444,False,0.06862263894942638
ITM_0477,Chemistry,False,train,316.0,0.7151898734177216,658.8206581190694,0.20369331837846494,0.2735578145145847,0.5842696629213483,0.8571428571428571,False,0.06571352607122431
ITM_0478,History,False,test,59.0,0.7457627118644068,577.4863885608949,0.18960068945705255,0.5620060159352775,0.3333333333333333,0.9375,False,0.04692192601402251
ITM_0479,Physics,False,train,59.0,0.6271186440677966,822.0114378947837,0.23384085033036486,0.4890915443240252,0.3333333333333333,0.9375,False,0.03885563537506487
ITM_0480,Physics,True,val,336.0,0.026785714285714284,723.1754913245627,0.026068239795918362,0.1365232881884878,0.0,0.06521739130434782,True,0.7137379832600159
ITM_0481,Physics,False,train,223.0,0.7040358744394619,764.5789032671337,0.20836936194172415,0.4287765784269958,0.42857142857142855,0.9285714285714286,False,0.05254576222680412
ITM_0482,CS,True,train,43.0,0.6976744186046512,489.72904814232953,0.21092482422931305,-0.22335840030865567,0.75,0.5454545454545454,True,0.8353089002091658
ITM_0483,Chemistry,False,train,725.0,0.48551724137931035,741.6956088122889,0.2497902497027349,0.15035364053623157,0.38341968911917096,0.6030150753768844,False,0.49781727515701396
ITM_0484,Biology,True,train,60.0,0.4666666666666667,1221.9181971365413,0.2488888888888889,0.1537362343014552,0.35294117647058826,0.5,True,0.8528404318977022
ITM_0485,Economics,True,val,272.0,0.48161764705882354,842.5380731568112,0.249662089100346,-0.1509222521266898,0.5769230769230769,0.38235294117647056,True,0.9633605693849095
ITM_0486,Physics,False,train,454.0,0.7400881057268722,643.7901714736093,0.1923577014884822,0.2796881877193366,0.576,0.8682170542635659,False,0.056821921109942365
ITM_0487,Physics,False,train,212.0,0.3113207547169811,656.8947516057804,0.2144001423994304,0.4682932487541441,0.05084745762711865,0.5932203389830508,False,0.02618521638590421
ITM_0488,Biology,False,train,218.0,0.2018348623853211,706.4233609691017,0.1610975507112196,0.4174427683123455,0.016129032258064516,0.4603174603174603,False,0.053975233204332486
ITM_0489,Economics,True,train,59.0,1.0,905.0070047256881,0.0,0.0,1.0,1.0,True,0.8671859329710613
ITM_0490,History,False,val,157.0,0.5031847133757962,580.4533663152158,0.24998985760071396,0.2109435633207471,0.2857142857142857,0.5813953488372093,True,0.5493857347922666
ITM_0491,History,True,train,379.0,0.5065963060686016,782.2596265296307,0.24995648874624934,-0.07658755177799717,0.6146788990825688,0.4807692307692308,True,0.9781528315629984
ITM_0492,Physics,False,train,203.0,0.0049261083743842365,843.8437423854594,0.004901841830668062,0.1083853133507812,0.0,0.017857142857142856,True,0.501836295677808
ITM_0493,Math,True,val,21.0,0.47619047619047616,669.1633403188432,0.24943310657596368,-0.530501170437141,0.6666666666666666,0.0,True,0.9441099840981457
ITM_0494,CS,False,train,43.0,0.32558139534883723,650.8423267524491,0.21957815035154138,-0.16913296344183118,0.5,0.25,True,0.5834272144850816
ITM_0495,History,False,train,239.0,0.28870292887029286,597.8185252464664,0.20535354773200748,0.2810850402176015,0.13333333333333333,0.4507042253521127,False,0.04805253709710199
ITM_0496,Math,False,train,212.0,0.6084905660377359,681.6369615311476,0.23822979708081168,0.5103448832666668,0.21428571428571427,0.9433962264150944,False,0.04406491937348777
ITM_0497,CS,False,train,15.0,0.7333333333333333,274.11442853506475,0.19555555555555554,0.05904613822653073,0.75,0.75,False,0.0
ITM_0498,Physics,False,val,36.0,0.3333333333333333,933.335129808986,0.2222222222222222,0.5871240605171677,0.09090909090909091,0.7272727272727273,False,0.06690683136111918
ITM_0499,Chemistry,True,train,344.0,0.5087209302325582,939.562437841888,0.24992394537587878,0.10781734768057938,0.4946236559139785,0.5955056179775281,True,0.8886403366104934
ITM_0500,English,False,test,46.0,0.45652173913043476,1171.3788119350188,0.24810964083175802,0.4443603038868903,0.15384615384615385,0.7142857142857143,False,0.05172016138849189
