pc_1,pc_2,pc_3,pc_4,pc_5,pc_6,pc_7
8.085226649349798,-0.3692167848160091,-2.4810874607656297,-2.674393922400993,1.341423411159605,1.4379835775237655,-1.800199971913712
0.10576730616197615,2.7832223429470875,-0.14133825981576123,-1.4120539152617475,-0.13371320797652733,0.010770784510099067,-0.4371449788836939
4.366506260563335,1.9655089037564712,-0.2510110078956626,-1.1129406078918844,0.661389013933661,0.5054875921034647,0.3137832175521868
10.643354820357567,-6.029537481129986,-4.25374547390983,1.9602754694193774,1.8891730530998634,3.076090062712953,-0.9780880285865302
2.018154560098849,1.1531300710275119,0.9285818494640362,-3.344611020222236,0.5830069325806716,-1.3019526528778051,0.5722817291042016
3.939025707862091,-1.9990088613548103,-3.4010810203233968,0.19230104593993155,0.5535527447333289,-0.42650373719464374,-0.3571623210323683
0.723778164084069,2.666990511378883,-1.0374413264797377,-0.19812497735667037,0.028921695726965315,-0.14161990968443197,0.16899607178688045
2.7678868465958533,-1.3362508411856997,-1.2885810460413671,0.920296205256815,0.8909406187655194,-1.2445841903493229,-0.973625952010029
4.589534787976506,-0.8605041189248587,-2.9796342502892603,1.5306843865676276,0.8686092889163688,0.5654750160804694,0.18332736326710847
9.320422944190687,-3.0576284654226296,-3.5150113284523594,3.9587407208796477,-3.5672912690249463,-0.5170207240723459,-1.411477835545502
-1.8455572828344657,2.023183151343404,0.2541896819687886,1.4403128033686412,-0.6574975018063169,0.16038036545207598,-0.5091686260255617
2.277723068211256,0.6805715153646056,-1.305413178606782,0.09589844483257397,-0.5631403672565873,0.8011488776491247,-0.2537290187122779
7.242275117527069,-2.1644316741523113,5.29149289677918,-0.020209119104097322,-0.5915701686149218,2.550410952499253,-2.1981080808176743
-0.10328950113080282,0.6544131223394998,2.200419913427477,-0.1927234625230426,0.11809500103252116,0.9414113080926968,1.7665992231667513
6.20503340541466,-1.8484491632867273,-2.2538577498279553,1.6957664372725163,-2.096565369252083,-0.26235569219356464,-0.6338633578557303
5.068321515661795,-0.4185378185860058,-2.425603485087238,3.0705810713165476,-0.7776076581069974,0.5745220424444467,-0.15859007314635967
-0.42041746535052493,1.5670553538823537,-0.4456581475112814,0.7048834467789175,0.2610522546178149,-0.7601086456843735,0.32388746538376073
4.432180139945887,0.1953904903697588,-2.1720615809932804,0.9382325059331793,0.9470928444233048,-0.7541245633158059,-0.5643813617704307
2.1814284836326867,4.001963852557218,0.3352882241469995,-0.3490114255906407,0.23569515124340898,-1.146694702307201,0.6256413632163583
-1.062662416945195,-0.05837642272667104,-0.922262628754331,-1.3447944049966465,0.838822427443582,-0.09872208554390702,1.2025559012556546
-1.0204043245284524,-0.59434710556569,-2.142245992548478,-0.46310557140319225,0.2598157012215619,0.43723410817182967,-0.6344168323178379
-2.307940220239322,-2.2043256104656264,-0.6143244492232498,-1.590716493864451,0.7584258725655092,-0.79052321621067,0.22494935110195927
5.572444225319161,-1.3883156178765752,-1.8010704647620979,-1.7139012685227388,0.49947641041453844,2.9854292570133216,0.9183805695050671
1.1575018861291597,4.614471563018798,0.3286630168213554,0.48356094618055917,0.5681144343861225,-0.6187696470584939,-0.2864839257824454
3.3614924071187544,2.279076654880753,-1.5813130209086774,0.5148927890226623,1.3485329903238763,-0.8011792359062344,-0.20435138743745135
6.548964098037689,-0.6602182234572098,-1.094534772705959,-1.8375886422942345,2.4043849002793705,1.1300327973571527,-0.9767632031341308
4.390970084098864,0.33929897331250286,-3.162566942520016,1.8333644560451938,-0.7426556550490736,0.8405136088347982,-0.14753887251956285
1.4160451391453237,1.2225833479508421,2.6162501010380215,-0.7770022812340782,0.7159889084172999,-0.966591330302976,0.42324547662852763
3.914406940139459,1.3866923647841145,-1.893474838850863,2.196592570129717,-0.24648540751603265,0.22745325597662952,0.3851486303299779
0.5255901837983035,0.9898778984537551,-0.16232779501450495,-2.0402522263062997,-0.012726049793169564,0.010741214952321138,-0.45175074848208324
4.739099798905152,1.9367660138258804,0.1557406892356943,0.9832100021456148,0.5348742882262075,0.25085254289289216,-0.47606932576046085
4.257172489564477,-1.9810085618679467,-3.364793214076139,1.5120105561014323,-0.23116566959063992,1.3294716635103718,-0.8856081598308476
4.13153129563333,1.021092264083971,-0.3545557977959283,0.9004015062590595,1.494686526465551,-0.23819172554901696,0.557065902091609
3.791550452206523,2.300387090359941,-1.6185400150968514,1.2220951983881516,-1.2073758497320193,0.3345640185224548,-0.4832133473556348
3.0576971207050416,0.6606461360693768,-3.089396866404993,0.5012970128075426,-0.6535956814630869,1.0530624055950033,-0.5777798367309255
2.3365981742011046,1.302758107743769,-1.403897215721714,0.8427138433719719,0.6966097480443978,1.9953139583481416,1.3082928921673749
1.7152927658935273,0.19082527836773883,-1.09373722815084,1.1013541675576988,-0.8266029202330326,0.5998138710561328,0.6854687794269188
-3.7505558046830947,0.13749775570908615,1.9453067361728955,0.07291726391794387,0.2974774001847068,0.24048445154952283,-0.45813230657193393
-2.7079800255366315,1.7727438063267145,3.7581356715583003,-0.16044039916782557,0.5989489055871007,-1.495359471409816,-0.9241158627090195
1.439251761634072,0.4760326393329312,-2.226299233019579,0.4204553470649077,-1.1913320000440693,-0.9900829375134451,0.5760566631356165
-2.411040135241822,1.6967747141265457,-0.5454714130000693,0.9459928509157206,-0.7483721016817894,0.9642093515381278,0.28519077821756195
1.2820836740427919,-0.7858582122598168,-1.7678583050499284,2.21382559677331,0.9128339184465876,-2.117127293471681,0.6854612485657022
8.14478672057017,-0.40667703153410284,2.354880703229539,0.33927904128029274,-0.633115146691094,4.306911185858477,0.34794481740246364
1.4570904331658265,0.05271074106348115,-2.2020662118116485,0.8834296793267041,0.1005042763503028,0.2771723818801762,-0.3092700698902374
0.11964424696785218,1.222954169885308,-2.6828015964525127,1.428206090921137,-0.6858002517224033,0.16726958762918281,0.321938379006989
4.519050229581165,1.32776650458185,-1.5371730728007484,-1.4429319293067464,0.21902286351305347,0.40037103995476525,0.9971240711936975
-3.1129160640864852,-1.8873211718327494,-0.5856146785361288,0.22134763329320944,0.47530289931834585,0.5955891123564901,0.3963125171577364
2.8063563745521503,-0.5613409601622696,-3.0356312095218283,0.9415147006340857,0.48604932818872687,-0.26230519667927515,0.49251295227080644
-1.6477882532136578,-0.1794130970437969,-1.8448741596694345,-0.652690280587515,-0.06265668773003377,-0.6724270874470297,0.12409927417846163
-1.585711409150291,1.2116502733190473,0.30904176416077755,1.1660444402256935,-0.3342463239775584,0.5458872099935932,0.5841224995571879
-3.548198501822909,0.3077733819338774,0.9357873409240196,0.48369410799152834,0.10657926469115682,0.2757040235202876,-0.19858167440425184
-3.351044055854633,0.7702504925070952,-0.2930036528607104,-0.4729628630962849,-1.4331465367551028,-0.21940825708615588,-0.4337246639975946
-3.105102878078917,-0.29799684075356303,-0.42406028768454235,-0.3940148695157598,0.077076854605098,0.6357313376944674,0.2637592682644307
2.039040308984479,0.9802032180709875,0.509749795880385,-0.8602692788947333,1.548668026165143,0.672050295519533,-1.671445473543514
-1.3011542660101922,2.05402410745777,-0.6933559601269853,0.9260802061281234,-0.5341148871578357,-0.6368763036994581,0.5050072760781652
-2.3580182016248927,-0.7788510801672539,-0.07879490719701603,-0.024073179570698884,1.5744348798107146,1.2388728437021244,0.6301066191296263
2.686783372764909,2.379263275514442,-0.5538211141994414,-0.4547409649562818,1.3228463852437717,-0.20869048352443761,0.16721700436454484
2.5044664521088342,0.37185937563800286,-1.5946772911362035,1.0773156664533579,-0.06847313357780505,0.49254883881846506,-0.7377402748059261
-4.105442158398058,0.19477899269435764,0.9685419332672527,-0.09800358908906502,0.611058481723387,0.6931719574704656,-0.44209858987551715
-2.460100908603874,-2.725782935585721,-2.4867496136126332,-0.8484463208564039,0.9078073728388215,-0.8819865321177875,0.46201938528724884
-1.1308067689851236,-3.3766341297463724,-0.44902072089761835,-0.47196097968976314,3.37974895000838,2.476476899290297,-1.1334091469528238
-0.837093923761353,-3.0771639112647966,0.5929990010093507,1.5918483096020717,2.4098333610026623,-0.8660203201587895,0.4742633760072522
5.402585068868344,-1.0277308592906855,-0.10331625249679552,0.38650636581614767,-1.4780702515725503,-1.161378333152961,-0.10897686269605145
-0.686876948196622,-3.632234183363527,1.8849963041577633,-0.5580733009935374,0.7343227177070809,2.931762234607116,-0.5808623252714441
2.3612066134653906,-0.05150848211341321,-1.5102846331164796,1.9337427167133139,0.48800920007372683,-1.222050316334149,0.5853945277492977
2.09653383852309,0.43832673892631285,-1.0414502380404507,1.6192801837126791,1.025985909381655,-0.7516705232552966,0.16098831027877777
-1.264492627273805,-2.175627316824615,0.20424163447016616,2.1872023878183824,0.9621970973259716,-1.1859279087598105,-0.05914492727567631
-3.143314976271693,-0.028950753512925382,0.5001425279912026,-0.11668038008449895,0.06718287760181318,-0.41310590569116995,1.0092501882164453
8.111521768640234,-5.7493640638138865,1.5294115140803122,-1.661489317000811,-4.084223150493152,2.291348004161168,4.439561453027816
-3.1309572182442134,-0.014407682915855872,-0.1044368911083602,-0.9614702175375485,0.8073861118803827,-0.47820626115927173,0.6962600057499434
0.11084730885325544,3.645015026542456,0.6954842858427632,-1.0307357042332368,-0.01591577392153985,-0.2991044716331378,-0.19657007826131412
2.4445658325239825,-7.38222828042275,2.181753744826671,-2.3865003407488596,-2.301367177211582,-1.5760687164407157,-2.4326295094439927
5.1561052351630625,0.8626506073580839,-1.4156766014255702,1.5375575770375032,-1.6539049270194188,-0.4446924082397974,-1.0763378052890784
-0.14740463335571857,0.1518342419861207,-2.1061080299860713,-0.7633897368965239,-0.9008975172064021,-0.8814598915475701,-0.7344285876924261
-2.4091658314710838,0.27147649891832776,-0.607292358682296,-0.3294496143759574,-0.49920253537967973,0.055354450738709184,-0.0803397088519076
0.19084907496540074,1.5241691401334458,0.9734196765625722,-1.010014035156332,0.9694368926481689,-1.0417304371214469,1.495522430081403
-0.15902832250654145,-2.659888893504011,-0.7095878963673043,-2.4366692114705915,3.086434429003842,-0.7340891051179167,-0.2461887041609661
5.278024508853223,-0.14374116770393014,-0.7524451897745137,-2.289757298918294,0.2602932589607135,0.7187498215551521,-0.9007315830652566
11.425301637417233,-2.404183161795193,1.337551135969865,0.2758582205908457,3.8636967045374253,4.728797015471574,0.5161424192981715
-1.7167988542921788,0.020042517218949982,-0.6671122655536146,0.11169245801753469,-0.06579532468584742,-0.0643516949046678,-0.10889382008450028
-0.6532150188278916,-1.682143147969299,0.25333799741855684,2.1034528057684723,1.1849524514439964,-1.5137367115437168,-0.32340765909276487
2.369012099681543,-1.1464116673035056,-1.9063418279155915,-0.2914387731528357,-0.30209918802145536,0.14450507573367122,0.18404902000853626
7.817996061280896,3.401316883244599,1.060540499654025,-0.47500797504690545,-0.7888950815313599,-2.2169491615436323,-1.10624631441259
4.256152892957554,-0.42352445356714,3.04236573308055,1.110954956926371,0.5093663534189997,-1.5006775172667532,-2.0894907691311873
-1.510583849845427,-0.5803990942169209,-1.1537669492763707,0.30891110594728766,0.7112626553264013,0.8767332746753504,0.3331406145136825
1.768297098547582,1.420546823178027,0.13736324160795052,-0.24480036878810948,1.5911118509409332,0.9149291504708682,-0.18382739517997246
0.6138200984659163,-0.06876039821295049,1.9534621508990109,0.6860712860418056,0.8164389074163491,0.4996544010792923,1.3224507673249637
2.198497290990201,2.8186829833182863,-0.6954966397983426,0.5164789109762501,-0.3947596116432164,1.571059501895455,0.35714752851666887
-0.22600999828331553,-0.5407377433706675,0.22591306659163315,1.305888780483281,-0.411090420531738,0.2439755974883927,0.04065712389224744
1.4407347484648678,-0.7212425024689048,-0.656851180894063,-1.9160404816934897,0.33078906603225094,0.8135391169295297,-0.09571933249880739
-2.0181143336257104,0.9985723132723926,0.6991276102108611,0.8685460573006059,-0.1898094082354059,0.3330459633064584,-0.4602164044400609
0.13929880298900635,0.5815260033533882,1.0244352823968303,-0.4223175415398039,0.06780008139009097,-0.25523656254321486,1.5210155180924856
-3.645033263178382,1.7112656968414988,0.6788038503246007,-1.237208350764924,-1.101299496428741,-0.27349675276786245,-0.03194815626333377
-2.0186321662273397,0.4659480373948552,-0.03662892579508025,0.17686861664346887,0.5743956993006372,-0.3484179061601394,0.33516813971308523
2.758853887428898,0.517344099241471,-0.3991898779354141,-0.7370752286394545,-0.2525996602736286,-1.088199243304761,1.1775381578566377
2.584406065380888,2.0935120402819556,1.1848816514413514,0.39629463900559847,0.5170482345315603,1.7597297846598003,-0.3187091527231206
-2.152846667607785,-0.9304430839189892,0.5503596294178158,-0.5499628708219713,0.7563230929410167,-0.13030718738490943,-0.7029350749358592
-2.9106588158244704,-2.046884081377035,1.0638162982185646,1.2108099654377895,0.2694009067308147,-2.3351390333024598,-1.26292568562203
-2.151912752287065,-0.6972661507062755,-1.914819350377556,-1.2593626661373878,-0.2978909706604095,-0.4026764028715793,-0.14171003980887814
0.9134204450217698,-0.1444730052831419,0.21881995457354333,0.9736864937685844,-0.2790908305318759,-0.8628944115575684,0.10023499266975269
-0.7691292869577452,1.5630816502278233,0.6011223754863957,1.6127925755481771,-0.3417807395703538,-0.5711727912914619,0.3021207614432055
-2.462176360370877,-3.9646541013211305,-1.7741015034099201,0.5196805032112526,2.152384985947669,-0.8942329788808068,-1.3742260631619967
-3.3029315584903114,0.9200622347130342,0.4478051724649769,1.5333148923817679,-0.2123966366072096,0.35775464298423876,0.20906757458939146
-0.7093630060922839,-1.2691266318878134,-0.6941880244443235,0.7816954376927298,0.15511239153153572,-0.9820889764666563,0.8493518835717199
-1.694077135639519,-1.7991037739775084,0.38425604370863303,0.41391301547391457,1.1621875112295599,0.9227619408942553,-0.2662552630650785
4.68976730372474,-1.9490868050953927,-3.146923329773425,-0.4719981314530569,-0.11755692017359223,-2.170917082769323,-0.7077810329918508
0.32602281287249235,-1.1306031495219213,-0.6855678592850218,0.9873003602248829,0.582028750496465,-1.618259184786529,0.5226296077380644
-2.8395960378521954,0.8411684093339958,-1.1252964086154904,0.640398669742165,-0.8430786908869272,0.40223832421727007,0.07866437232379087
11.027487321164962,1.2536086844781937,0.33367476101213966,-1.6173482231474512,1.1144855946529653,0.9848540121606645,0.031944192837592006
-1.4131282097007594,-0.4533351348795734,-1.0009552513056155,1.451717013268055,-0.34196611237119023,-1.3960125802685934,0.7845140897465827
-1.1563944264962913,-3.053789022300606,0.6808479366439871,-0.14988593245896764,1.1535529583941664,-1.1233418615635535,0.09745166084481904
0.9082154212662564,-2.0597727012541776,2.03823017081614,-0.15261278444897494,-0.26922747388342544,-1.5044980545207725,0.5560982725758388
4.8229794250051174,-2.465228421448147,2.569157892566564,-1.5521817802089748,-4.878599554062269,0.9160747051292383,-0.8098411863846006
0.3251726547765609,-3.4523222551601753,1.1155944906809425,0.21675161165092785,0.3507333170618291,-1.2797596889992169,-0.661995095282374
-0.555065818828951,-2.6284390330244967,-2.556701201811036,-0.22197143205702208,-0.01765888716432312,-1.6608475275971808,0.22341253973900366
-1.5021357531466055,-0.3727750832945406,-0.5836342328166562,0.7198124556159086,-0.33236810056027755,-1.303381161134551,0.03279929118726779
-0.3589289712346543,-4.045921901966286,2.694132328538679,-2.3173114005926,-1.4784369011496934,-2.3102700568700834,1.602388175821906
3.4819755609314824,-0.05473667403657753,-2.6698195554001636,0.17007787845163452,0.8922824986589662,-0.7780166926549252,0.2098239822104783
5.363979510614515,-0.37274361953885743,-1.663685828257198,0.9856299884327446,-0.36875793635734044,-1.4531588546699825,-0.04689738341964562
-0.4399153446264802,1.539277841163536,0.7208529339027747,0.20475353603270124,2.5141281568196505,4.885544169053409,0.7908780973562913
-2.2208492560710376,-0.5874171465192777,-2.647262047358145,-1.4318109459592985,-0.17880718335309043,-0.4148572864153558,0.4233490021455552
1.9019586760441711,0.9755302096634333,0.5053014751150277,-0.937721981918588,1.3276032892244196,-0.6317780781267158,-0.23070330900402486
10.829232610433746,-1.8812342975371632,5.000649141358288,-2.0716518875884953,4.549121520310727,-1.1122744425036133,0.0654647606649178
-0.6516640735019643,-0.1567132873800584,-1.6235557827991363,-2.1740165769552178,0.48053555643279205,0.14391572996834218,-0.22991106278409393
-2.0100482832546107,0.33175701712353967,0.7587525063983694,-0.8941481314745049,-2.6517791097588566,-0.19782310307879727,0.2547918284669907
-3.4786921159930713,0.8213224099155706,-0.6045796465606372,-0.2574588802385595,-0.4503509355948332,-0.21250526699684427,-0.3985645928327512
-0.6354167520709366,1.4823023181882329,-1.3176797225864487,2.3587382756242925,-0.3384670365051844,0.1875678670344707,0.643326726645796
-0.23354670046922904,2.504090198580203,1.5245759686572284,-0.9929213419430912,-0.0777980389454196,1.4436691158119932,0.0692374719932221
1.7584625968964886,-1.000549462312697,0.24194546622079977,-1.966553275835856,0.8007451536797197,-0.6118187068761389,0.2835693339858249
3.4953792337358762,2.52542447377131,-0.024229366373367246,0.7965579724569558,-0.0860699598027559,0.6617903458008007,-0.012920285451262713
-1.0567735680683463,-1.6804442609565629,-1.8829029530886972,-0.8453339579324084,0.8498557399595497,0.6410877196265811,-0.3286972836485668
0.8913966502201585,1.477622154077119,-1.0819720532798214,-0.37315877947921205,0.7213541574642555,-0.8123098054280066,0.5179082999869705
0.7307486414429148,1.4831067821101127,-0.7275245294927098,1.0405373666074087,0.7725048652042031,0.6673999796272099,0.08800413495082558
-1.2479706770913972,1.0129083303003874,-0.6907065589134902,-1.7588197297120602,0.23122263020976805,0.2015570105535028,0.21433828448342698
0.5224667927646024,2.5772193918133737,0.01742852888571668,0.5540437560657526,0.42540476593532567,-0.39686654805701554,0.19409706704304805
-1.661362958950278,0.37320460184022064,0.10564826338943661,1.7412700727519275,-0.12633414738208185,-0.6975680036945308,0.6149582516359686
-2.468869059798958,-0.32651759631560406,1.6867967496384286,0.11708198247848882,0.04456269702559712,-2.0547485236551326,-0.5896309908147463
-2.71376051427215,0.08898248370140419,-0.8028164127224252,-0.5640763540943735,-0.032865487837072695,0.06730309041804432,0.3035081795156017
3.145751102836379,-0.8173612727445729,2.402571731176796,-2.0627620928441,3.0581308228818256,1.359668797297209,0.9588508153855789
-1.0530963651205656,-1.628918852420906,0.40462147310138047,-2.023861501442733,0.9488940318726437,-1.8248081152864686,0.7420376700186165
-4.08172219933597,-1.66844733516274,-1.9879920471005972,-1.1985006651522983,0.7874332199427869,0.9539274694215905,-0.7916142798586562
0.34316776888194633,0.8344358091265464,0.33566541863676475,-0.5454945728406467,0.5940186994042814,-0.18211641865088518,-0.5945278151617687
-1.6924187581529684,-1.2458779320567335,0.029010863851722135,0.7849840527540375,0.8601137369373539,-0.793014849363427,-0.6511649913239793
-1.4924699004202322,-0.03276180419004653,-1.592830951605851,-0.26693616066267284,0.02208977539125865,1.085128873275741,0.1768210638051088
-4.026856608291804,-0.16667687965543765,0.423089701713446,-0.6753092837381695,-0.8635864424956159,-0.07001159397453327,-0.0797693177759485
0.6141148671127056,-3.9685016074385717,-0.7199458622147739,-1.4575885461409328,0.42425668135114525,-0.3846340269878092,-1.500808841555649
4.334857298059556,-2.918933483165054,-1.5363669024872746,0.6501773208482613,2.3237942380568875,5.079054527211295,0.5683599416644003
0.5526447239204694,-1.5081553607942904,2.284475871285767,-0.24523095908927323,-1.4152713812385378,1.5695349528585358,-1.1842127351608278
-0.37709055035443073,0.4690176685040705,-1.0285367951990676,-1.4697532132924558,-0.4932879523897513,-0.37059757897497686,0.6764384737910645
-3.459123895876802,1.3162264888869517,-0.17191399614081274,-0.5940796381417193,-1.5116580704305744,0.45325240289004026,-0.40776848648489067
-1.158437942485847,-0.7206778323011591,-0.01810202084645049,0.3415262045009641,2.7855126310943215,1.417489618696499,0.4802825300997512
3.3096124504550937,-5.311215292087451,-0.4031675747009969,2.2673028915295745,-1.7364301347005566,-0.44858333791091526,-0.8882434291468476
11.317225302497766,-9.642022552890655,6.756827791958983,-3.9779597215431313,-5.7739812945859965,0.8746882647233737,1.809249581883466
-3.0796524031102814,-1.138281013204294,-0.9263124938411481,-1.3440181946330523,1.3376663664612105,0.11251581938735003,0.6746779146040953
-0.3967995352887288,-0.9581428283396376,-1.2876111427908423,-0.5740651405308421,0.6806115193848392,0.953427498788402,0.8564230970333947
-1.9081604558042098,-0.1878622542254943,-0.8228757199529034,0.2996000932943972,-0.11479836109827145,0.8845105404917952,0.09529323255150786
3.1150854841758955,0.6993951382531162,1.324937204571317,-1.1039947053553305,0.48694751565755934,-1.0718110391697329,-0.04834429914109567
-2.084355199276564,1.9536851217270454,2.0296051800462096,0.13309808270671475,-0.6059237203887345,1.282258407658826,-0.3244222038332527
-3.3287059656343416,-0.1474457988015791,-1.3100590747633458,-1.2203433930169558,-0.17920899067279886,-0.40366580600547947,-0.14359011848245903
-4.462017467661863,-0.1251617336956341,-0.7910031008460863,-1.0333989346449644,-0.42517986792486684,0.19082432942048855,-0.3714066484894304
0.14473074137945316,-1.7918274007050117,0.8714068848165596,0.5394257030428741,1.527654104575047,0.5490716018922029,0.06565998628901923
1.098944866859853,1.7632294707708784,2.4084209117250173,-3.6378042333058196,0.8212454012410374,0.5138671518064921,0.9797322117165169
4.291554308549191,2.8871846072049823,-1.133169103895507,-1.004998675163672,0.6391232450238693,0.32575289223987686,-0.3964191686756543
-0.47823449594320605,-1.5044051972403307,0.8723204756825269,1.1304461618530717,-0.21399635031966674,-1.887874955553635,-0.0838939796100547
2.534933664287852,3.7512043506032833,0.23820441140884535,-0.6392158570777107,-0.22880137700385042,1.0278968524787662,-0.20812107832590676
-3.6553800313437597,1.5952446373960034,0.31087960796530856,0.11803951502551967,-0.2767865229215229,0.7109162419352916,0.08456297059786913
-3.7110214825152417,-0.9833881163743782,-1.865845909327121,-2.3029757343533124,-0.20767064651181738,-1.6729058211481282,-0.03138441543043378
-0.012189140206067702,1.483268275035234,1.1442956985969885,-0.6611225205237072,0.31634490315664865,0.5950425048674592,0.07983074620878516
3.294466979801744,2.2742676555479497,1.4207457402204968,0.060100625751989115,-0.779801979499062,-1.923544580455767,-1.224998519924028
-2.4572395382229875,0.9947868202592853,-0.2126751599114566,-0.5408689046822335,0.44834679737501165,-0.32134302109254514,-0.1112266698344891
-2.0480327263548905,-0.6767002656518301,-1.1975214280954751,-1.896848537182942,1.170703878938818,-0.09939462540775919,0.8934120467715844
-1.4973467430741052,1.354747144580672,-0.11997503131166398,0.5625759885100688,0.12969730122545306,-0.41141567660259803,0.5001987798031747
3.0222170014910765,-0.2348636776307288,-2.5875107419758887,-2.1997406603448812,0.41284285034473894,-0.586705662110196,-0.33083599367197225
-2.461736105527802,-2.8799336495360084,1.824891685752167,-1.2197972647513486,1.2251335561331689,-1.4228246105112758,0.3063442243529144
-4.229503528263327,-1.3120807577058344,0.7475726191398175,0.008023645263137369,1.9824981161038326,1.2999520567369438,-0.601456378501938
-4.1781390846571504,-2.167754044781469,-0.7713000784526596,-0.6187725261788456,0.7894828445317454,0.23769417790988417,-0.8064878874960777
3.7625589617118926,-6.2822733921799845,3.6528742463000587,-0.5763537164758725,-2.5848833609022552,-0.3438834458902598,-0.8066930879092074
3.0782786576334065,0.5860390879056473,-0.2925988796095796,0.030759543516622447,-1.2906537612225406,-0.2684137686805071,0.6939579015856132
-5.560606587240518,1.86768533188163,1.1143601354866628,0.9825543847150939,-1.2040614667122633,0.9667910265998159,-0.3399490328163967
-4.144108324137806,-0.35046385828351073,0.007085840788189275,-1.6914081228387023,-0.27753690122649344,-1.5118733435733318,-0.5185127331167171
5.292476477095771,5.594112248297378,0.55981437455639,-0.7911137195069667,1.1204041238488274,-0.9197682360063506,-1.060912674124416
8.018620006316908,1.9430817096855164,-2.1630898216072265,1.0421489390378844,-0.44409647452542306,0.7565660157601065,-1.4216727648052998
0.08405574832978364,1.8549284350799442,-0.8110505132949779,1.064925200295642,-0.2697874700902566,0.11297050092359989,0.2684444758704976
-1.999844276449836,-1.2096312012156616,1.4405083225259763,-1.994161844571114,-1.7504159456115478,-0.9867192305987762,0.2714314654243323
-0.5485355505030006,1.3111454600338623,-1.9492594755902823,0.9502356202939938,-1.2587089959201563,0.24575718607054609,-0.36519998758267297
-3.1838607724226153,-1.9893038290452656,-0.07401335090981992,0.04411952432355697,1.9749249839297454,-0.8234675965595516,0.259054470400242
-1.1090305226469328,3.197870899577008,-1.384333783871522,-0.42831475443844585,-0.6273062152109014,0.5046665720197896,0.3849454031677337
-2.4230625264522083,0.008033632545301143,-0.5653483392387744,-0.7155399148712109,0.18049870980913957,-0.6473409504055522,0.7628008788005203
-2.685264762628444,-0.8501392517704621,0.3715919039809936,0.9263292135229926,1.7560633766076426,0.6395563872607671,0.5037656379891708
-3.249534963920431,0.23259245513873059,0.02025547700245105,-1.0226112924996953,-0.46134428509766556,0.69587012446254,0.33529152736855855
9.207273649727144,-4.591245071785013,0.28427977751502254,2.609320794588119,-2.2450257025384484,3.7544736139933383,-0.12016834335493204
-1.969640711593114,-0.5686590170711144,2.7823900226935883,-0.4107985732388655,0.18704068461669987,0.9937011687395435,-1.2273214576428235
-5.085794952486831,-1.3567822898864343,3.9957244948600206,1.9457903300065513,0.9634048418155922,2.0687706101697985,-3.1961197473374265
2.9449966299047863,-1.088826052369471,-0.3930723260312655,3.3953136985867878,-0.3826088045649559,-1.1423635202227431,-0.007741057752737197
3.0683410650601752,-0.2952692696915529,0.2062005263075769,0.057474219062137094,-0.9900225785392122,-0.009962884278558438,0.7417303052916308
-2.6937125715481556,0.3642186819537225,-0.34845497559775934,-0.5618155827709199,-0.3962025012616046,1.211616880149206,0.503565731290302
3.009763492407015,-1.4082119396245913,1.1236565237823433,1.448984353937604,1.6961259035750655,-1.7647861357142076,1.0376164222609776
-0.23349480172841403,1.469020328474765,2.8899057402651747,-1.1270930446753669,-1.5003955454628684,1.225153992765387,-0.08352417693920584
1.879603636958609,2.50884114052321,-0.25564426675182683,0.7126625740351481,-1.1618736842763302,0.3388458034840928,-0.08466217252005447
1.6038746247764875,1.0172565285566912,-3.271790996905371,1.4217031828045756,-0.029177406458107007,1.2571950964505787,0.531427222256702
-1.0696196414772403,-0.08587833554596362,-0.21699754450546838,0.6907192731450064,0.5048227827397834,-0.5464944577425689,0.19971616457358973
0.5492671637586439,2.144208300789631,-0.3575281680597246,-0.5901770025198215,-0.6569457139319854,-0.3466898770730444,0.6765200232529482
7.379726323486901,2.202841560207677,1.4433388148249513,-0.13537435516887888,0.1746149448348494,-0.4301624160161788,1.5038177007332554
5.369542264279298,-0.7327343041849734,-2.0969330719055748,3.4611337884315327,2.33317073644016,-1.1932377527271822,0.24219391789928116
-0.29459669743975353,-0.4351572530338869,-0.8395229518727223,0.10981682122874163,0.26312936531424574,-0.1513115688118185,0.032986850898286096
-0.43917961080000956,0.7260668418576577,-2.217980753543834,-0.6808176832016647,-0.7680600187446498,0.07664429709647992,0.22240150841584552
-2.2614324717988508,-1.5772750951987369,-0.6593604717978849,0.40953993876066,1.7002199716369273,-0.3633145257127193,0.4089454550077074
-1.0174109706300871,1.9253583576336801,0.4768892122514531,-0.5923124314019429,0.8318505163216029,1.626948183206264,0.26869081185131843
1.3718775523516065,-0.9907022868049983,-1.8631816670009487,1.6353302634960534,-0.4840518273572053,1.240397630154526,-0.6539148987063118
-2.770823004627551,1.5667582141652667,-1.35928339978058,-2.117061322251304,-1.4422572216871496,-0.5044272506601318,0.2070179973914291
2.405033712313345,2.5718033995797605,3.017700015214876,-1.305075833326613,0.7213925306599516,0.9016990812007819,1.4794214507737447
-2.5739326021976896,0.015611140315372696,-0.5472850116611139,0.23222002038379622,-0.8040670692634045,-0.3314538630765064,-0.0398380615216636
4.557549410571973,3.828670213297111,6.067371257537475,-4.965936026459009,4.61304620368719,-0.7746555070102037,-2.6278846577528214
3.48894530128636,-3.248233902244291,7.328629002422951,-1.765736683517082,-1.1161248179354086,-4.3557162664060245,4.22595524523159
3.275619389942844,-1.453722840542563,0.37574463739245667,2.3594453584783484,1.7475556773764243,2.409215751793806,1.0785763236257633
2.247978810749032,-0.9407980602334032,-1.691736543951552,0.36582809938488636,-0.4342518940531658,0.5904434735987515,-0.011717031040719602
0.7769804216191587,-1.7373248153977283,0.5836388783374841,0.3388477583523242,-0.06586367510461079,0.8367711331468259,1.1175029001177939
-1.8701305098598344,-1.4971093355746832,1.4729243676974202,0.15457887114907448,-0.8096526851007153,1.8158762424825725,-0.3959049766111857
2.5302817457140185,2.5201490025740445,1.0022350705127974,-0.6026474611664558,0.7390416671666166,0.3451399361224279,-0.2525587430207235
1.5493603971715824,4.69050439968729,1.6533226076420124,2.834638323033113,-0.7593595628789777,-0.8584010458068404,-0.02158876643974052
-2.322810752717739,0.08800731279308956,-1.824201387500267,-1.6503166166175212,-1.0793123826925757,-0.8219292356480109,-0.6522533037401614
-0.5953355211801363,-0.4830391887186738,-1.9411723725475791,-1.4891530421853594,0.2872883135474813,0.2811530115422753,0.03385216781067851
-1.7255415911558334,-2.0273727450090053,-0.9373068038151783,0.43469916784638285,1.2306302083301337,0.04059166408305125,-0.4811612033074736
1.7554794972437076,0.7672534248123886,-2.190046226632812,1.1653908602552363,-0.00248154318841079,0.5957155302521122,-0.09656445120589942
-2.6601462347888307,0.7215491877717376,-0.2561507971833221,-0.4687077150920826,-0.6129443587038306,-0.43160982372628676,0.3914020897184632
-1.3933591948355868,0.45756628426662754,-0.42769831230309585,-2.0269009154552133,1.607854753318909,0.8349136600852609,0.838467749648543
-3.0094550570096765,-1.0996083217145263,-1.5266250046970955,-0.3250172777857903,0.6079822626183838,-0.6809814432523029,-0.5646553680235247
-0.5137258539385622,0.5985079175810395,-1.2196826234584723,-1.4016110941535314,-1.565191152248272,0.9867404465176141,0.2163414979874421
-0.986901555908393,0.6980431354227818,-0.3102221345956663,1.641465993370747,-2.0846594365915463,0.003910601253822233,0.14373573502247242
4.208946993606755,-1.1588250943595448,-2.161085288441446,1.441744398222313,-0.8555543414348478,-0.6446940948217974,0.14762428140296763
3.04741761514605,1.5402911869536025,-2.3938588265046437,-0.4769676705453911,0.4946663292272027,-0.8472935248055778,0.8011895966701947
-3.687827414110724,0.9955225614021286,0.42600927611492423,2.293302006257179,-1.3839306327246073,1.5907270183653268,0.08186688005542393
-3.367017314372775,1.073780696844581,1.478762314499482,4.368697726166618,-0.30291158446372374,1.0930614043982476,-0.3176991488216202
1.0620002721182826,3.7649725685569115,1.193015777501902,1.275512378462656,-1.0448945729550432,-0.8810265564251394,-0.18180767287753377
-2.8684858679050516,-1.7581284205920908,-0.5019536343875914,-0.48558488070411016,0.5555062406664797,-0.8083619918581322,0.8100809939002749
-2.5138264279502227,0.6402207835875517,0.6398852974885612,1.036529313615193,-0.23591446039140962,-1.2385057984004013,-0.055042984690645565
4.912574059068839,4.402325950661601,0.7869097536898001,0.10148710675041049,0.36013158208856505,-0.4941653940785993,-0.43616327111246084
0.12921996344901918,2.7660040945028075,1.8741617288989643,-1.128787054281836,-0.8479337033899927,-0.9238670347377778,0.44925455249347795
-0.819696679064055,1.2638129257040536,2.5900160535251744,2.773962786887275,-1.8749521858291884,-1.247083291615932,-0.45194382723800086
2.3266341306265494,3.4932495049529066,0.8062751691087061,3.659941726019965,-0.7852115608892927,-0.6560984823099281,0.39117135195927527
-2.3602225139416744,0.503343773747912,-0.45171252015661556,-1.4451417952561623,0.39507104151601286,-0.08905635299669243,0.6447629443861499
-4.443212257239083,0.6243972628492723,-0.9476177834139902,-0.6937795017917151,-0.5565955586777255,1.0284415845183132,-0.145928846984449
3.3546101811692117,-3.066910172527762,-0.6088466090678716,0.9207037325598103,-2.7386014812105826,0.5596334232162604,-0.5105809830162269
-2.2313139114773826,0.8610689608943461,1.557674849255478,0.20772613644550988,-0.583317302244854,1.608307628981684,0.11328559566570807
2.6186663251808,1.1380957028450263,1.4333196972638123,0.44937411483267825,1.1171482415174772,-0.6114341085620872,0.5505867439902629
-1.1281987616862756,-2.4981169278553588,1.9053827444150104,1.6657962357272587,2.7630548353617437,-1.0918140349895165,0.8127431488539805
-3.1255549921998087,0.38744781240687237,0.718900291251366,0.611833918625616,-0.938646502484102,0.6490643245842279,0.3083559803052761
2.0987451150365475,-1.1388751364915959,-1.4905130630592525,-1.7345075039668856,-4.1245945750385395,-0.090042130075441,0.18776893359900718
-1.6468330216829938,-0.49241201608719015,-0.3373958947822491,2.8968089473084313,1.0043510057312415,0.15473762577901218,0.3101640651859868
-1.7772829027127222,-0.6332225463496866,-1.0095930920568053,-0.6320506391679788,0.48053055594372995,-0.3889969542503906,0.2920020208578182
4.94378536463103,2.678840261695057,1.4449112428384978,-1.5601683912192608,-0.135708049441528,1.1427125964588034,0.4032684448345943
-2.81598932230649,-0.02472134644270507,-0.10632645142465769,-0.36408491058461523,0.7853429453017633,0.5581524259230467,0.2870517606796229
6.179480158843678,0.9660791527974517,-0.7977743416872033,-1.0463162613406785,-1.7195314390317826,-1.7551195779896367,-0.2417633224960742
0.4983639219744971,1.9629850482492264,-1.1883659354360465,-0.7439574481512151,0.19717304803688027,-0.12719412217469456,0.5934497380428709
1.8482918605501617,2.899877493854671,-1.2949423007687253,-0.8933882191126716,0.3005574088730376,-0.22323955425175238,0.11756458176888186
0.6731558206169106,0.02713790090652673,-1.189890292588671,-0.7874533034802281,0.5812913497365357,-0.1136554896367489,0.5442846957728176
4.3431313784083665,2.4842349681136673,1.2033963145737094,1.1245018839469465,-0.845126238772061,-0.07201980279166177,-1.1295175520455591
6.175574408998229,-1.9272162411382843,-1.4174821739450352,-1.1264845330888449,0.9789845133622911,-1.4217075660787604,-0.5727320118052485
8.476587637060685,-1.1817790661521188,2.2232297406158583,0.07291011268709309,1.0793454963026778,-0.5845076751071359,-0.6453110111894182
4.190256745243931,1.6119877039617336,-1.805899253485216,5.06326254191376,-0.6773791808869571,-1.0793425821655407,0.4266332679029683
1.5216008116517983,3.689659212749069,-0.3481923916216186,1.8896265973184705,0.35970033206756563,-0.5187614063367464,0.3945336107544065
-2.323975555854529,2.3775481187179333,0.8731048588780163,0.9197302419143351,0.06324453343890125,-0.4331175533149271,0.07408202510938591
2.0252726017072367,0.7446521844718426,2.5714463273788066,-0.6023570394884082,0.1331061222570892,1.446962902728757,0.0053980166854291
-2.8267142008908066,2.417995182948351,-0.2196095093815437,0.6768291622649247,-1.1165006354155467,0.3566868769742657,-0.05658685618733794
0.43948760078387084,2.7351967489071902,-1.2947865110681085,0.44974235800357343,0.335105962841617,-0.2581769152777565,0.8086870822344434
2.467945380133727,5.4613242921639715,1.9055083167820535,2.5646607892021205,0.9821769150374714,-0.7231654015268651,-1.4892494886916794
-0.49890918421015373,-1.6334783983968368,0.5998732887649285,-0.22108381712195607,0.5374627691264536,1.2351858648255771,0.132152744977009
-2.1661084540383837,0.4423681826400748,1.7981477402908985,1.025172580044461,-0.7657178029510183,0.5499225038579013,-0.3340318161547089
-1.8785976036383933,-0.4156454265740891,-0.6416527277669857,0.08069989597569524,0.8046446589133007,1.7588159612673262,0.4875670469738263
0.8170913937545005,-2.647978426262064,1.251568293298456,-0.005479843148941356,-0.8626781566456447,-0.520443418987717,0.2884128001974868
-5.163386804943236,1.5000024147610604,0.09922282408362987,-0.8017150817943134,-1.141256508720532,1.1575272078929002,-0.22909575717008068
-2.387961076952319,-0.8025978519123793,-1.7324997961770703,-1.4848247624452824,0.21756761279586434,-0.28121208327995667,0.14281604917513696
4.51183410145122,2.8953615204458867,1.5372406439819846,-1.2080072387080159,-0.6135890365736522,-0.0478136764295391,-1.2902431216980996
-2.4539472197984358,-2.2359629491423054,-0.1322397034734491,0.0016103565772373687,1.5212611348262515,-0.7777798869259827,0.6094639807622437
-1.1312272028722368,2.4682335587785893,0.8020750342116028,1.4501530229959407,-0.23802553719206065,-0.7202483795101574,-0.18209271643491307
-0.8422956948210393,-1.468233752444632,2.092740525828583,-0.9507952478556208,3.3771225321528444,-1.5015441190251324,0.7160477059613333
-3.926047641109663,-0.97372026650587,-0.35026575622780504,-0.49336660120354187,1.6181865917500426,0.4963370313537327,0.06319208963270269
-1.533197532778867,2.3991136345225446,0.8733295953502744,-1.039952151796076,0.31321971931947146,-0.2356516649967949,1.4364508154485032
-4.051080843816548,1.4457144589512059,0.22346518943082214,0.04850860383251168,-0.5231794205875889,0.2469659392164795,-0.18578451877174726
-1.8756630727759476,0.49391024515624155,-0.9905261138750255,-0.8314504377147754,0.4522993676992717,0.8893123212958697,0.21211208007236274
3.6489032309117455,2.356360426079653,-0.5940886685074971,1.4805813816421602,0.2545195988606516,-1.0887409076898569,0.48671554172790543
-2.314881157464818,-0.8509479892762766,0.954932110917125,-1.5049087942951922,1.2143438645830233,1.820906566271979,0.4229690167395013
2.467373027337431,2.4412620747925544,-1.0651432674203143,-0.42859387106298846,0.6559216637104384,0.07556299325548808,0.7239323041209378
2.6946236975844777,0.5841035514034041,-1.5200686523188065,-0.3678913225390429,-1.2108751096592936,-0.469500982799321,-0.6122611543153316
-1.0623516389893315,-0.31633153303200695,1.7573390617098885,-1.7574150986863124,-2.3357744685512456,0.01427265545415304,0.7810302043132044
-4.212912997881426,-0.10258272446971757,0.6425906329287857,0.18032630545790196,0.6096212164701352,0.8198246390631363,-0.5608218137863045
0.15604285013869446,-1.4580051111533685,1.1314946643184285,0.27269347510019626,-2.345289250994517,-0.2344080365749224,-0.642126952837982
-4.477988720827369,0.6062677351195709,-0.37356916709120536,-1.9518229399122018,-1.5867779855789925,0.5021520351089723,-0.015362362415364858
1.9172842635549536,-3.4903162320176215,4.247985137392413,-1.261604132344135,0.29836194886660894,1.7329634190270775,2.2088827614588595
-2.3713346896344922,-0.9782678373603536,1.050544018998705,0.8728029532094399,1.318897127481387,1.95360373961664,0.07775058785679424
4.038698930489907,-4.317585042982071,5.439712243986719,-2.3751629684471656,-3.1389718689341066,0.9139377715855936,-2.2355339441503173
-0.5622061704557767,0.8876855216183158,-0.7864741856796421,0.08935816757863838,-0.3026431816478359,0.24554457719353787,0.16689630724289323
-0.5668215035429772,-1.4262893851515002,-1.2676637662473964,-0.5861781850226128,0.40733085950408027,0.07970695077988486,0.4211214033550765
-2.364551020784601,-0.025476049886302022,-0.434899574681754,0.4429599021699704,0.46490537502979884,0.40318588468962235,0.8812690924831406
-3.1759761558179536,-0.07309864652692707,-1.2340485191044255,-1.3487185661992749,0.1596689860781978,-0.6694574901437705,-0.010752605203336235
-3.497018555665113,0.21646487852951654,-1.007314800550516,-1.5011221211044314,0.33390638852983745,0.6107793154386352,-0.26392699693959215
-4.292016228053483,-0.8188803154218984,0.3398177638452888,-1.9233976600147418,-0.4953168058301646,0.9633425829840131,-0.7104703634891653
-2.4808395457018064,-0.043278841788414915,1.5196053364138424,-0.2197148870514461,0.5910229838368865,-1.000279521443075,-0.9698504698400452
-3.377982534580542,1.6472915568140063,-0.4139277818664138,-0.12054915544213742,-1.7587519595078518,1.0029903675263183,-0.40656111343266943
-2.5647535757908506,-1.4684659325289424,1.3155939103973937,0.3880480570355242,1.1507098958490798,-0.06865350773681954,0.42093613449972106
4.534079002339324,1.8961795776604482,0.1457629677452839,-1.2982224480715954,0.32928494798548286,-0.8757507139953394,-0.9466793270831326
-0.9494631552578935,-0.8267153716601009,1.0609223157147853,-0.5158640359626105,-0.8670646025753496,1.071424047026961,0.07633747179991295
5.5926139651240625,0.47346454373987445,1.7531148512188046,-0.2852033106077567,0.8812203752587386,0.40538596487098716,-1.0259444228305756
-2.5359835370881183,-1.3060865274006068,0.00449082932914742,0.5345454520653631,0.42846249457377955,-1.7749089029109772,0.04898705676209451
-2.67203611478322,-0.5141196158086293,0.36631291144708267,-0.4371425925543861,-0.9199599514524657,-0.4904278798208351,-0.45345480968316826
-2.6404248638452295,-0.2254217588012898,1.5966636382796422,2.020140375481609,0.30477838269249696,2.3569277918270926,0.04023311473374237
-3.9569512010127794,0.3672142028937566,-1.3437331645760309,-0.5173292786818458,-0.6489116913652306,0.3296434612009053,-0.9231649580723827
-4.3523052251739385,-1.6867023919871431,-0.12302309870896341,-0.06979679465704271,0.2524811166275431,1.5031262640644936,-0.7420098158231059
-5.357858466360429,1.184926903854045,-0.2531369214146136,-1.7433367850118646,-0.9194220320275952,0.5762407067108763,-0.6149039499756025
-4.655250117315215,0.8520169426361475,-0.08233179379611587,-1.5986412330278148,-0.406742065125046,-0.07840536611901061,-0.8001036658109846
-2.7519031950358697,-0.4236836253178138,-0.3099414263904309,1.0117318456641946,0.9009648585626723,1.334383549524335,0.3634215763061694
-4.208209526846113,1.5938306842718393,0.2058539421872482,-0.9725064171239187,-0.06240392945283093,0.6280896537886208,0.08838529425452563
-1.871887094023904,-0.6354115476099498,-0.5387086221304539,-1.858070911560658,-0.9982039452332121,-0.039227776760503597,-0.16375029731174534
-3.5171118963782155,-0.6614064417586372,-2.068045603278286,-1.9027752820493713,-0.07980621641743353,1.7102315393005867,-0.18459325676968227
-1.7885649403129509,-5.6914254183177,2.3286376406389357,1.6263590823461234,4.717897336036251,0.8371065735011489,-0.6347620362752008
-5.092179226833882,0.8580106519918175,-0.2185320753511477,-0.8366914771126959,-0.6953045443219227,-0.806856935590805,-0.2610983942085188
-4.829175035524136,0.25750574199389786,-0.2441945421350746,-1.5728297289848314,-0.1784255294616189,0.7911733233779338,0.05355293098683793
0.637438564680131,2.4211033402596502,-1.1489905387816246,-0.8263910168028261,-0.12157423312341364,-0.4093140917431782,0.3314715868832304
4.200702222648741,-4.847428442084277,1.466005787920653,-0.2745247504487622,-0.9525433633312963,1.1293223841175797,-0.2784944626077617
-4.197227873425357,-0.40712531514503386,2.9399050382023724,-0.6322390937135244,0.38016749884951434,0.8739176735068714,-0.5204756554984274
0.42430211716841815,-3.2069521610999163,0.4469855919694673,-0.6308409101792422,-0.06724643600605344,-0.8372275048974966,-0.46926453772967547
-0.5242136044640199,3.2362649028572754,0.723281999754807,-1.5164456674253988,0.4851606722013731,1.6025099636846865,0.40383059843097996
-1.288623963232745,-0.5367867825540972,-1.586943599941685,-0.8555089110785833,-0.005060237220451421,-1.784288176436878,-0.15047197330116882
6.188394691437809,1.8242310488062412,-2.3328133590691036,0.7378132632214413,2.408109090925258,2.425698020159476,0.21609287364173935
-2.9724737561251526,0.03985620862944174,-1.1510547781395453,-0.48090575300162663,-0.453279801186599,-0.13261064977413756,-0.3765972728016899
-2.6193592669480785,-0.21887631282093187,-0.8046110946202518,-0.33117248465915566,0.8964314706444105,-0.3344684040178182,0.29457959129029654
-3.53553327117451,0.3877848415629661,-0.3271016504700299,-1.4706657743900367,0.001140753626981258,-1.181116187274924,-0.3055243269987466
-4.698043108621305,0.51283129019208,0.014732877367503375,-0.21990800083974366,-0.8938694978102755,-0.12841728084321932,-0.7526446005835742
1.8439641758137741,1.0060369419961155,-0.7631492204595105,0.45547320183365986,0.9642517580554697,-0.9184073582271113,0.47994017903834607
2.109524038411869,-1.1014439009970145,1.6055088066178536,-0.34069694617040913,1.470828906123875,-0.019691539452685432,0.1091011370752682
1.554557804371203,0.9409117270951477,-1.437444757095123,-1.1753358101030664,-0.9556626484888998,-0.12561205923303354,0.5741142329350852
0.14050949052346784,-0.9539092163031904,-1.1085421915756697,-0.2041245008545786,-0.7187971058723914,1.2843800660265734,0.17370043060931903
-2.4046336230690937,-2.0423336776533114,0.9267577746448221,1.3419234220922878,3.3889642641413023,0.7590558254285049,0.5989451460209715
-4.083748926486443,-0.3617422409840601,-0.8337308344906822,-0.15421070712710275,0.19764764355842857,0.5558768871928652,-0.5373422772572047
-3.5912015372002486,-0.08059573686153103,0.5671762343605387,0.9760213805753788,0.1634062279845042,-0.28152492462310613,0.06013084993457989
1.9475215879518089,1.6815959591681537,1.5497985941574632,0.37457336993758883,1.0266147278549864,-1.2166521521096945,-0.051367202750911486
-1.6705633430415026,-1.5460027990044714,-1.2212467272195158,-1.3507166470034195,-1.3887400874687004,-0.2911105429178967,-1.4720202350399842
3.3438609308887273,1.4290964491208904,0.29519946415342346,0.9286267895369101,-0.038825272173053954,0.5151798309045259,0.17313892723229546
-2.006921830876391,-1.3304538780663826,0.04443662450620678,1.0881875412515414,1.1477173466473758,-0.20797848476354655,-0.017899877495499306
3.5187543995382566,4.825177332661158,0.863009270451689,-0.833394818943432,1.1318755239664229,-1.281714492692367,-0.40188340590106747
0.39279976268552264,0.024407732923330875,-1.164831576161405,-0.8775092536214263,-0.6544755825325969,0.5973776800814257,0.009124568427393906
-0.2910676274038891,-1.8089762285301982,-1.2112713335902083,0.11829761819934893,-1.5919447050024225,0.8175768867663342,-0.1286456634558817
-0.8540938452126847,-1.6035695248542299,-1.7150285249013508,-0.5145998604196093,0.32121819119590933,0.12210207222605929,0.2862800036241898
3.528177763152935,1.8324184715285858,1.6070812958905216,0.8652797855719493,1.2892374213964226,2.492561654243166,0.3112774906499426
-1.4856006499616816,-1.3729519331143523,-1.1549219695809496,-1.091410676431479,1.6427112136527984,-0.8148668092556683,0.39145991185728785
-0.9040778151975947,-4.327433689150543,2.416219835028853,-0.30623852836087173,1.4076755992653727,-1.0822306720608559,-0.16821132456199375
-3.0779860746993903,-0.18943745353336333,-0.2389900139563304,0.8160898337000504,0.020901816871152792,-0.019454154541002903,-0.16543389999739821
-1.6591780827310754,0.6503167691012756,-1.1536994541769003,-1.6333903965224208,-0.438675862962675,0.6420112300652396,0.0739868252070318
-2.5655333297945067,-0.9857757222091705,-1.3660877255144035,-0.20661849241299196,0.4145005339934537,-0.8761844906999935,0.308016648157266
-1.1208397350240613,-1.8540993703894482,-1.1585957121944253,-0.8821299610733676,2.0662304687192905,1.2647020848332302,-0.6419075234624217
-4.062177059950965,0.0862923628271099,0.13961119899073876,-0.8292242871330169,-0.04520234883262111,1.0055486927467423,-0.13351721317962933
7.509178722689106,-2.887925357604784,0.24209432187918012,-0.8317467979583973,1.2019992248931939,2.381987661469026,0.779390056681949
7.178353925404382,4.20503742625487,-0.5840760542575485,-2.497125423556562,1.3628792402373433,0.13099390174319536,-0.8441579334416409
1.8737610180297406,0.17466169613730073,1.1432858650206912,1.2864537569739554,0.3017601287317648,-1.738043843477254,0.6965085976279479
-2.5998005625320593,-1.2895766721987882,1.2869050867901874,-2.199955018636073,-1.1289148961666455,1.8679808429018705,-0.08269941518832824
-0.49518568315194017,-1.074232514152364,2.3110753946266605,-1.0196247249144317,-0.981506969465627,-0.27726392095410973,0.8737794156641606
1.2923090731981421,-1.6131876601935964,0.5527200558116258,-0.244160641760842,0.37203098082452757,0.5177761871255174,0.5112831055054877
-3.5432444394457328,0.664579768678943,0.16388546221100894,-0.0351249664603931,-0.16661249226392597,-0.49470599298399226,-0.5017171865338506
-1.9860644526030884,-2.3163213953837904,1.4367676561752498,-1.416131299184237,0.29731866644877014,0.6081526667582644,-0.02454316586973629
-2.496773910455931,-1.0598289002531796,-0.17239171501558959,0.37385078038576525,0.310488342510644,-1.000010438116989,-0.7339165251185696
-5.148160098960551,1.0412146462224101,0.8239131496866114,-0.6023241661119145,-0.026787381246791645,0.692219779480961,-0.13897018720487775
-2.5272106653135236,0.6165184440121074,0.6956862966866988,1.0834906322048086,-0.039755882236116966,0.5376543115964263,0.014004383075914882
-2.029199234962292,-0.08869688630913042,-0.29649864596207504,0.43523717974335263,0.24347389260176702,0.011992274748654797,0.11697515275961899
-1.6469837791457598,1.2399466161042885,0.6021034754551501,-0.3039531474921951,0.4044006356623934,-0.9443940929785425,0.2976539763470591
-3.188202066646158,0.7664864113943238,-1.069450068738338,-0.44044167723498506,-0.8794494019120523,0.35390330915493623,0.10413407452526349
0.3810717515579609,3.1751196693889674,0.5708220686267641,-0.7681488851773687,0.16937525933453387,-0.6226457145505667,0.3033049518405033
4.358244207128773,1.6882823872119987,3.1960851805500976,0.2809110931702344,1.093951592649799,0.9083447444496265,0.38786322405931395
-1.9039294144382795,0.19024847648810161,-1.1622148848306535,0.11485240646813165,0.04858254367257275,0.4119326918898553,0.5880362289687353
0.7755930909882746,4.941337604049983,1.1237599632580013,-1.9557203060540642,1.4867523097777129,-0.795571586315506,-0.8455653014950846
4.19709496001604,3.8512862854191345,0.09308719798083336,-1.6432540813474532,0.13986804580709877,-0.4873157954983389,-1.218842509449018
4.349359544388753,0.6092488692654634,-0.8933757366138483,0.9597782851821367,-0.003920107180542047,2.666246829035451,1.331003988761787
-3.009881514611214,0.8780579578206377,-0.836223874192105,-2.123019677654198,-0.5773828867874178,0.602769652506951,0.2961930053843604
2.177197124046634,1.8874327685639507,-0.2232414238357279,-1.829114830661843,-0.12657923106385824,0.17622938245726735,-0.7148150161383933
1.1423069605998548,3.413917171379992,-0.585013121486393,-1.6555863704711267,0.23743730161365156,-1.0716922543475464,0.5712666129461907
-2.6394768472791337,0.43602593133705236,-1.3086364845048273,-0.7059003057422342,-0.31995693325984936,1.6299548546211997,0.09477493875033428
-0.11002109581082835,0.03405307779179062,-1.7167534545705125,-1.2477245597867674,-0.12252364327740038,0.7542114929511353,-0.42246953484570837
4.728689488085588,-4.410606131051525,1.344907192522809,-1.0412676470916518,-4.347820276077305,0.023753830172647896,0.5574148619042766
-3.337320147427731,1.629870508752093,0.7089279829867439,2.5582169284138607,-1.1100019883877115,0.09649413134354975,0.09970348571871117
-1.1385734036658812,-0.3850824395033796,-1.6128309502701366,-0.7709017910729579,-1.2595366736954867,1.0761741970052858,0.07158192523600827
6.408576508060261,-2.1767857800119352,-4.721498412833577,2.3544910456443575,-0.7659284256789256,-0.834123892756987,0.47204699531004357
0.3546400222573937,-1.6877116245074038,-2.351621101326904,-0.7049317221383306,1.3741852197986437,-0.44147879604753015,0.033665975667487226
-2.558928472370502,-0.5634320962468765,-0.8790310442118289,-0.4010154323331159,-0.19211114635496346,1.5314547531361171,0.01622387063738337
-0.7109685778252609,-0.8252343261857925,1.922891593290432,0.5670723434431844,-3.5830183413195207,0.39600457593718036,-0.6362076816590034
0.6367765364351904,-1.6554755009573607,-1.1745096088651155,-0.1513148533834029,-1.2912195217177298,-0.4813615225053481,-0.5009935545429968
-2.2126013327323024,0.5268219523646361,-1.1736492993727181,-1.621126376012188,-1.2844183449647317,0.5401483126827586,0.3664642477390797
-0.8642075815197425,1.2198185874516447,1.6295991772271585,0.856044175920208,-0.09981990444041225,-0.6652550455312514,1.2054619300255438
-1.528582268332931,-0.5626558624456325,-0.286714390354078,-1.3827669761590837,-1.8883770249191607,0.8914537883578257,-0.24820593995743076
-3.9824066963862337,1.0927499618625118,0.14077339131755387,-1.2324698432565209,-1.3066445778357811,1.2998725968564173,-0.16815341439725742
1.097114753216346,-3.4935897362335395,1.5289708575612055,-1.8875661621007427,-3.427988783545834,-0.8270659470031618,-0.3592342654192942
3.6215933500149933,0.21059821443566568,4.299512088439262,-0.2047677667896321,0.6152154136388472,-0.38239982553085833,1.3090767801690002
-2.675976501935096,-1.2325292123317078,-2.0189187183391946,-1.3845848518192285,0.46178977221882694,0.16483989322490608,-0.17814438432576912
-2.2439528304153606,-3.5016251016732465,0.5221991486470275,0.925020983656753,1.9630921288247745,-1.8589033599510858,-1.4052213888343614
3.851716421491748,0.457951443976354,-0.7946932758400341,0.20426323421612866,0.4513952111252971,-1.0215156531714946,0.11675607359383336
6.195804865358281,2.4605085468046646,-1.3807986378587704,-0.2571616480335619,0.44067856779104303,0.4560802217317237,-0.42962841734117835
-1.4450495264108814,-0.627645214551139,-0.3294158664937447,0.6351120173646833,1.3847721656861753,-0.11351405437115442,0.29882976706228737
-3.1370291882270505,0.7467672727493805,0.6511317275419554,0.10370625386731022,-0.18145765382610557,0.3621854204315642,-0.009375672598562472
-0.06445789485126334,0.4530942664799951,-0.6477908748890422,0.24097362939223307,-0.1401463885890549,-0.7582107761492863,0.6815610335013349
-1.8422002476508088,0.08711160269413176,1.529009943930683,-1.278793139591308,-1.5926915123344958,0.22080987621179402,-0.06744490345057823
-3.2444206698411797,-0.2433179145727711,-1.2219171766214247,-0.5728161954258187,-1.767923774850407,0.15821357406775735,-0.6656330533138651
-2.3489521412728083,-0.22908769125012404,-0.5382430829276107,0.1651495843698225,-0.19507163050531565,0.2014752657218067,-0.38769294942026494
6.446460152399534,0.34293445898740965,-2.658281348598315,0.21258514256752006,-0.42862061872171175,-1.2549686347949318,-0.04370507569262044
-3.2781098221705918,0.187124109041473,-1.0826740858794952,-1.1360136438165318,-0.12611649720144158,-0.6835770608158687,0.22667013470393146
-1.8243135237221324,-0.22923178020758678,0.7525231332678148,-0.05158610112970113,-1.0856411206134917,2.4512302640008845,-0.13175433461931232
-2.066464715254329,0.12886085539979933,-1.4900607604419442,-0.1557158950009924,-0.1498213631908647,0.9509295458725034,-0.21928254832928495
-3.751336689461278,-0.2053411359166396,0.7513530340595551,-1.6774799803198073,0.7197806655090853,0.5573913070958497,0.2865303895498948
-1.71344745733202,-1.0712544100509693,0.7700175716779215,0.38969732819883146,0.4229731890342483,-1.4299136470149139,-0.03745759425939789
-1.8043669410441838,1.2597557951137273,-1.1736436452016807,-1.4491462423481714,-0.0971093850000993,0.27817600179612195,0.0783979959501788
-1.0561619270335636,-0.9204924082149574,2.7184243941313713,0.20276831691741623,-1.7668691234497629,0.9776063151139431,-0.8215658666955244
1.9082628492017863,1.4873586941316141,-0.7938931032151751,-0.4079015181941168,0.37403897233915356,-0.49541040409706233,0.3591165932600277
-1.6282072309252866,-0.0612236231631808,0.5081087590756895,0.8334083483972705,0.8068088621592004,1.5634455637990528,0.5282489426341037
-2.430879839154027,0.49247772750442836,-0.630635143975802,1.9127148939064427,-0.05917361649923467,-0.4389504706804305,0.36587262420063354
-2.145540143511181,-0.4981416963677219,-1.0795583837496827,0.640005590603425,0.6760326270900908,-0.3339959052252161,-0.1819631043531816
-2.7850866559678136,-1.1526390912838789,0.38914791906676127,1.2051306545300497,-2.2780392050977865,-0.18296812854707242,-0.6653420441300666
0.08802782337985922,0.7313519851432333,0.21287599174895527,1.105605984256059,-1.095552408700624,1.274012245592959,-0.18537239021139806
-1.7027868984836605,1.48104871574382,2.1761226515487913,2.568626186870448,1.0008658579551923,1.596611136396542,0.8061039301472528
-1.1757410316708106,-0.9634922168370794,-0.13122098836133733,0.976687088168307,1.0535000049081358,0.09277608121631625,0.7175026835259848
-1.2682644956522326,-2.8730718574196534,1.8497304397640328,2.537132557837082,2.68832161315617,-0.84452584243835,0.012466773423856643
4.4550480327339725,0.558583967457876,0.6714195576671691,-0.6937617384831491,0.9159738413235798,-0.786808102662543,-1.152553706047836
-2.52971461480774,-0.7441708117242152,-1.4666093705181196,-1.4238256213205667,-0.4984796169073345,-0.21432032976530768,-0.5359602750760334
-2.79833588503125,-0.5658336905545509,0.36639843296807334,1.5311362133776272,1.1923676542796,0.15155924874730037,-0.12350546380960556
-1.2994737080688714,-0.8457594357530125,0.07131892823800574,0.7400604624638526,-0.23264803688760455,0.7097312056226996,0.32683171659012183
2.3442453738493385,-2.2074098906314283,0.37129959877711827,-1.629855008589611,0.2559259755019347,0.10174505101551812,-0.7623047699337044
-0.7984833238487634,-0.5508234764990482,-1.3670342147593804,-0.9979602332584465,0.45400920224108304,-0.2586617089663429,0.6012009484984097
-0.00923045370889469,0.3781100153957908,-0.576995287402936,-0.18358414137400159,-1.4804902223021137,0.5102150407596748,0.007392080712344354
-0.7616450726994586,-2.9634988015783206,0.5609837985965961,0.6116623490920974,3.285270993162054,0.4756105047973082,-0.473970591502562
-4.032393227282544,-0.2739193976945235,0.06735831284258666,1.4951150537782392,-0.486698478062563,-0.2761043915306346,-0.780923192289273
0.045361310579683733,-2.193840505241407,-0.664892618113905,-0.5337969604757654,-0.6713686542478974,0.3070912646709559,-0.04037216834569653
-1.614726278419258,-0.34683678601653156,0.47058862722003786,1.6980960834588095,0.10193479362809321,0.5241259562028172,0.5618562011905175
-4.212335329332173,-0.30345501580183354,-0.015054583922580743,-0.5345217133696578,-0.45500223700186065,0.24237893763310253,-0.2639922924842072
-4.253796067643588,0.6326465723111585,0.5428259938779647,-0.707019257902819,-0.12657998926407424,-0.0702172999741423,0.0985373236256827
5.936789152750667,-0.2773429567335882,-0.924599387112935,-0.027347599308876338,-2.9461929189752603,-0.2546372270358249,0.9168777257321539
0.21262615041010774,-2.4084636236404737,-0.05715025046033466,-0.012421927161540362,-0.20500283590620547,-0.9973317837790017,-0.1424297919981457
3.524342713945085,1.4036901840757023,-0.020535300471899557,-1.1908242127466635,0.8199306147766176,-1.0297607175613297,1.3971060462758587
3.1170011907824953,1.1543752197790302,1.7865814152984865,0.1322406055191597,0.6549545233907165,-0.05609555994467696,-0.09131130710279828
-2.628525654943489,0.8902460438139895,-0.40692046207373,-1.0499081788820623,-0.2677575608406847,-0.17766779181484088,0.1255137715898527
1.067963634675218,0.6386068345502895,-2.169175410556504,1.089727430550725,-0.5015662270146177,-1.0498493353917497,0.1112530703172489
-2.144093726774855,-0.11259837163491954,-0.7819002112223723,0.28331589649887834,0.5859931380260545,0.9599566534136792,-0.346241207751147
-2.454972399932313,0.1413448478322362,0.19194810681067498,-0.815562045926722,0.3407755252910234,0.1758062255484941,0.06110316367791059
-3.065845773766529,0.7467577352046322,0.9497466587912473,0.6773421499150396,0.2432916612345242,0.07797954902771466,-0.4795436357718232
-3.646017793444713,1.0781449942532788,-0.13219751655265632,-1.476757173872036,-0.8677136755442044,-0.1024364452767378,0.046608354119112266
0.8953797986496528,-1.2835345935864422,0.17697697130305362,-0.00397054993178235,-2.243990551041161,-1.0460120126276216,0.8459661539259575
1.568109707070237,1.9453565693480492,1.7858167993770275,1.2590029187704277,-1.440528974992303,-0.9485445755352627,1.1045708634019944
-4.00473983311363,0.5795453660962674,-0.16304769341404116,-1.6400580839021555,-0.6629429154484353,-0.9217781009531799,-0.6223771050833009
-2.985956737337019,-1.6410817901746095,1.9412340829797032,0.6802721068255901,1.0034306210157669,0.847767231140881,0.18196142893792533
-0.051676718079451046,2.0460629219605018,-1.1867232834802723,-1.2116681828334932,-0.8436062381353878,0.1407439801866048,0.10422976005828527
-0.4013555006378992,-0.7113411825676627,0.45745150857717026,1.2308923518644435,0.16293296604232704,-0.7077009392458373,0.4014413691179171
2.2913495655996265,2.918376264372977,-0.3444450498676448,2.030358862051787,-0.9818695410011865,-0.576264357622951,0.5053014740596866
-1.7349827964689084,0.5502767077793141,-1.2856985833724368,-0.2745987470624031,0.41873170888380007,1.5210652598834657,0.33237776260045254
-1.588542526741792,1.3345877602333363,0.3587820818764646,0.3315553550202411,-1.5782594718479097,0.04406511661350949,0.0735976071746352
1.8356925908435473,3.9194020207861953,0.7741484421765352,-0.4472633633272347,-0.19749505564183212,-1.4583552543137637,-0.051952957642186964
-0.02765614852268831,-1.5907210185479368,2.3309834315283617,0.3686002483326718,-3.792886855999648,0.4432846779458562,-0.6054809222376152
1.0274247808987491,2.277794310752162,1.6573436803702577,0.22404220460980476,0.9661021732313507,-1.929120232230859,1.8709822308121453
-1.6208905753010396,0.06091886900507426,1.5186000500371257,2.9001011613636227,-1.115514654608681,-0.4429037090057947,0.18618810586931656
-1.2337888656691958,-0.07918085265463119,-0.9515867713306719,-1.8747938857348287,0.7387286941689835,-0.5320729684981281,-0.12396547288689391
-2.649785392707094,0.6598887198406463,-1.4265741306687671,-0.23597885716075567,-0.1906797320684256,0.9899642077701477,0.4033553474205312
-2.0572544849164918,1.3689735040957047,1.889404181774964,3.441725710046436,-0.5076820583140924,-1.1718816916706054,-0.4969888387540943
-0.570593368226516,-0.3996450171728759,1.977295812034679,3.6035295037135793,0.5973023505124871,-0.23598692320167663,0.9490649361768861
-2.8620978125827405,1.2676527561382955,0.5430746701219723,2.030140657057944,-0.22509335648795076,-0.5596462349669714,0.4682305189940878
-3.4012522495054385,1.4167827331519665,0.6726234482070642,1.6426620017950362,-0.1316912963380123,-0.47227451832261397,0.3234809113047956
-3.3272794541895285,0.3395915869995343,1.3722437543529638,3.0509326102498093,-0.719319597884201,-0.2593790991650975,0.12190519036692424
1.861316581129441,1.5633106134835872,0.9057433045776825,1.2671867619454849,0.9680958395114587,-0.9779415649546013,-0.24718223465846564
8.548325177684298,6.445075521243024,4.283050030592734,-2.747374592143831,1.777759999560821,-0.8968681900918426,-1.7914167868710547
-3.08427082412445,1.8018230653546918,1.0751037341511647,1.4811336726455733,-1.2293510673064534,0.5201330418332504,0.3857204528795326
-2.370205548405375,-0.17374736127642232,-0.7860409264749469,0.1912137316766916,-0.4120555410933554,0.3707343146368507,0.7153746643107483
-2.888589689948609,1.2887194868477685,-0.35556201726457975,-0.39791129382839946,-1.223705075512852,-0.6311988479750323,0.6526980850647036
2.1481484447183554,-1.0234501747067013,-0.43756711480132643,0.04502262723827744,-4.250890624732669,0.36088909577170697,-0.3034674675351316
-0.08362707159051525,0.32665566321875533,-0.16887822367010882,-0.052490046421308924,-1.5796917108960002,-0.5131888797368412,0.8871868379042085
-2.930658696106149,-1.6251105815494495,0.05688299460615431,0.7907640768345154,0.9781162857859554,0.08426926498649183,0.08133427886148832
5.301410006698364,-0.2601509767042873,1.995193273479276,-0.5790921198112413,-2.801625062417052,-1.0072268573039327,-2.1003058593428463
2.0489007010000178,-2.5967976674978477,0.048365612290432784,0.21226411598517575,1.1790723329433026,-2.4769419141956655,0.8912130504148521
-1.5772673633954548,-1.4754337842104843,-0.1483323628409711,0.6303557588624336,0.4763241018370996,0.9456869810627485,-0.025060939518231518
-2.1464676937736464,0.27561356960349076,3.1402582039202867,2.4205261021697195,0.6811001291078627,0.0915758535771354,-0.5292681955880881
-1.8695988458252581,1.292333706366563,-1.3073082569610563,-1.5495288827961369,-1.580027862782124,0.6535604217054733,-0.15005423176594568
-3.6743517205766696,-0.06453056367529013,3.968992692814218,4.360663627435551,1.1491250534133683,0.8783474813856859,-1.6493260128480738
-0.6892819910893733,-1.4175336669545309,-2.388706030571982,-0.4773701305773801,-1.6466251481760472,-0.3311315589343476,-0.8676223069792002
-1.5698145796072145,0.20254720431670292,-1.6462703999589408,-0.941393133005891,-0.8378472036793817,0.3907829586916484,0.7197890096740598
-0.7564317967727484,0.9544334843841965,0.12664414567211144,0.07068380456594238,-1.4983615593180895,-0.01278969050988637,-0.06677338033708909
-3.5281983090702718,1.1392557085566943,-0.7473137748136145,-0.5948816204295452,-1.4040070615051035,1.3813122691767037,-0.33792647098875284
-1.2213317234996166,-1.2660895072207168,-1.2688610740483277,-0.31252444267406015,-0.3413359528313604,0.0025853125805515883,-0.20185678320737033
4.339867873289052,-0.9970316327912737,0.25740927900751487,-1.1314829750231137,-0.7167608288542269,0.7668918143024184,1.2441037179563663
-2.704675772374059,0.23447572074725007,-0.45740892488501655,0.6250948370480242,-0.8081219590806497,-0.5038281469533665,-0.5093772068973037
-3.0515897683637947,1.5598338035670345,-0.048617775054865045,0.05276487087851073,-1.1435576173330533,0.02151053463544431,-0.3845833187619109
-0.701006979265738,-0.3382514167482547,-2.552706821327242,-1.053723362557259,0.135890821354521,-0.014107385320192291,-0.3800611453032392
-2.3062862592086515,0.8692119241958612,-0.8016096929610629,-0.3963924509628135,-0.1266433717126637,-0.1643304064427542,-0.11943801429059643
-0.012117103960912588,0.3229132790898178,-2.4269915211042363,-2.4634321854843133,-0.2642879017754319,-0.9912665568940365,0.5628137009027885
3.706479719318328,-3.3706600393254993,1.241636502548849,-1.6140326294923264,-2.2416601264110425,1.5831575124094541,0.47057377316219423
-2.8560212533550584,1.762476552076074,-0.32497763839953975,-0.3163914547153147,-1.0015153074398169,-0.08593251577094312,0.13464801841037283
3.4431255805457854,2.299054750455859,-0.5504897201013518,-0.12480696634549437,0.2978225477704459,-0.3850002829555627,-0.06503439036720948
-1.0460866064700616,-1.1897032343437242,-0.773670921361448,-0.43114294864161246,1.4581071032610762,-0.9037637551825016,0.32489356694755805
-1.6467985418079232,1.9845495733630774,-1.3879379746261276,0.5676792359244615,-0.46662691105592835,3.224798162658306,0.31928881931798897
-2.726429369500395,0.6352429386134544,-0.38250638315855395,1.8202591455868584,-0.6099470637850686,0.2637656719315443,-0.11969880131109793
-3.64069843628475,2.5406262092163368,0.819785244768401,-2.2872229195185594,-0.6778995551969168,-0.5725693051173392,-0.690298557969529
1.7254000809750072,0.8364601145715372,1.0542736674943824,-0.6151115289525806,1.5042122022999924,0.873695243393187,0.018250783778332034
-3.9798940352211565,-1.3110543416553189,1.4706084723469843,-1.5000177136959463,0.33727120564962904,0.5328112571248229,-0.6110917596305655
-2.907400485976324,0.10594829730572573,0.9795552543663677,0.9774453138544401,-0.2165828141493133,0.5789874422300142,-0.22876051423623345
-1.7992670553239838,1.1018440355604462,0.8771415229711123,0.3924359286058701,0.034252507064737855,-0.47622077686758557,0.287450288464479
0.6902465942192004,-0.6426695568575728,-2.3243019300235606,-0.058684842843347025,-0.5907888721154682,-0.561607166533778,-0.1303798838741847
-2.268928647215746,0.6321767301351913,-1.429264713747694,0.07684665357455266,-0.7282401489106747,0.24779563461727155,0.1661758366952348
2.345816530994319,0.8603576894496657,0.2997553945228014,-1.5545073514527903,0.016209536365140203,-1.1044547615975595,-0.8275111884060414
3.373463693728543,2.5105873276921193,0.019707695420174434,-0.30018684346569624,-0.11250570371034968,-1.4791428077551092,-0.2024322507269226
-0.8800152727088146,0.48536988208000037,-0.7596375594331938,-1.22321676572132,-0.8072672696628354,-0.8347285582343794,-1.3727523738676126
3.9139580615871346,-1.8161111523069475,-0.7658886033377393,2.009958507752991,0.9768205801457212,-0.5122025155249428,-0.2189218575648536
-0.5245400389103629,-1.5712171045531866,-0.9660687852827099,-0.3612771892257348,1.9521913505884152,-0.30965136840138163,0.791556517722964
2.9270442736605147,4.3001687078161535,1.7058030507016277,-2.5696006042771877,0.31412468397558924,0.06574704203126948,-0.5122078245362318
4.29520893469877,-6.1727076845385795,-2.663419507232079,-1.1978212399672312,1.8114599426369635,-2.2253608459136496,-1.8395480085181077
4.263118312402291,-7.077523822878861,-1.2555593497431943,-0.5958161812070304,1.2252456827424647,-3.5318135785959774,-0.82929453038643
-0.15444633684577805,-1.0695296825830227,-1.4230764029783136,0.25158644922771006,-0.263105015309909,-0.46455516667272617,0.12485528466418609
0.619108372237963,-3.8245504453901646,-1.388389133758933,-0.024663288911844505,0.8726993254903712,-1.9563448140140738,-0.7347973910462252
-1.66665621239052,0.9304224895318436,-0.6605963013025256,-1.922789928945796,-0.08591442284137264,-0.8830203503542661,1.0105901659541046
4.93645408766709,-0.808932722052131,0.21509940618342746,1.7988397726551888,-0.44127166685255975,-1.6178270437722782,0.6409054432134653
-0.8075419899321672,-1.7425847117587967,-0.12837251874117328,-1.622960975526723,-2.300756430137656,0.31188449632074344,-0.32703149259848274
-3.3116286154271695,0.8922641463765837,-0.12959426871451937,-1.8225873089490865,-0.1317698253304342,-0.002038137107299391,0.7063403656982583
2.975551712110669,-0.286218092020596,-2.1946247974743005,0.9019559048950226,-0.006912766275522677,-0.10593841821458332,-0.17646397606240155
-1.5829657640713561,0.7966089885733236,-0.8569806242160426,-2.004081169393035,-0.07262417523770583,0.06158750145931657,0.09549660208791254
-1.3899347867660317,1.5683880599522593,0.1443518333267009,-0.007979635346036473,-0.6353740112223603,-0.7645029040323521,0.05618669196399884
-1.4785286602532506,-0.8353525204621909,-0.7070872749713842,0.07224725313293687,1.4342602359830579,0.0057771898213370195,1.1214399187306283
1.4171226978808094,2.035178067308709,-0.6228718939703018,-0.407395362539572,0.7999622204739522,-0.5251555089344696,0.1230157328776116
1.7020190239849398,2.2546855690812966,-0.7049576128008757,-0.7093433209023812,-0.3123961600771254,-1.0348721497112534,-0.5521653038873895
0.29113311883567883,-0.7923770826327072,-1.1444058431395328,-0.06709851054632308,0.6144185841102598,-1.2885878450533321,-1.2247465285524484
-0.6168206483031046,-1.1247397651365945,-1.3742184973267182,-0.26574752600495183,1.303881520039076,-0.28683023508411576,-0.28272359776032036
0.8587549905199476,-4.7283027936566855,-1.443494506880099,-0.5400249531730812,3.8787624998515047,-0.650296186750643,0.8764618755717437
5.259140831501947,3.4510816226893186,0.09865272073853747,-1.3957402240352053,0.4743774555472882,-0.025743488159721047,-1.7075733367992199
-3.970815166823059,-0.001143881406155967,-0.42704566259293064,0.8542576973563613,-0.4987958578214481,0.1390080789484603,-0.668470885261555
-0.22109085653496371,-0.5542313635432715,-0.5642375252512352,0.23794754742726676,-0.05234868526164487,-0.5968732914940352,-0.2669599321780557
-2.172286527123664,-1.5791577531955947,-0.7689976545584324,0.1314977183305012,-0.2606360531738367,-1.3647463701537426,-0.6291341301912546
-1.544187421894682,-2.407581977028753,-2.6841142140563194,-0.4014959370393482,-0.10521253558988305,-1.1561871771543195,-0.13359241010592598
-0.44363800990472924,0.4438974546135426,-2.735821831998137,0.5198380399220087,0.17729221652007182,-0.3454687222766308,0.38250550766380653
-2.8179963555661733,0.563840269620134,-2.344334426744419,-1.0871153406317864,-0.42257398736313667,0.34988011692469817,0.27682561724995414
0.7221810384094701,-1.9681396484789506,1.9920193835618474,-2.1181112634766213,1.5303224843284682,-1.806015557168863,0.28323128318916796
-1.8412799547312955,-1.037177555096135,-1.990614913367281,-1.4530651774318244,0.800731251447295,-0.867555681265706,0.13774799148989622
-1.0754398000136678,-0.4959943562911379,0.36877684689950513,0.4910653621057242,0.6391572244895724,-1.1171291944645232,-0.4655583520465263
-0.9127545250587225,-0.29905832926515513,-1.9833899946799052,1.3232457354265288,-0.06674946887416029,-0.24330168371696098,0.04981299747270011
-2.8614909441432106,0.7868098125404026,-1.8288615605799057,-0.6869508892408746,-0.3854753710081086,-0.17407667835931875,-0.34650914567316204
1.8674059437269706,2.4516601128696056,1.9857814106481213,-0.8093351798931433,1.2339955576524857,1.8647725247220082,-0.11814598086852195
-0.9323236859693179,-1.280313162867144,0.25281242757588557,0.3373564948586853,-0.756935570461897,-1.5414063271523124,0.7201615876686871
3.244875412372598,2.71279930946946,-0.012612172548352849,-1.1635444136332544,0.7732748929638753,0.5262194861207191,-0.3829991037432511
0.9452201051827666,0.49004845163715666,0.3823472687818877,1.5410218438941516,-0.4158536367914505,-0.5371559688799173,0.634850961886487
1.921425953889034,-2.4983982968948175,-0.08337049233531696,2.2255159277484506,1.3836458125651827,-2.373082778262746,0.08071875630153172
-2.635490091199032,-2.8461912099547195,0.6961409604253709,2.779114135553417,0.7536168043085997,0.0996571366787556,-1.2630328038693743
1.6477302019829305,-4.329380512743271,1.185604780817877,2.119705106464374,-1.424605312500651,-1.0844228594905727,1.0549291388858582
-0.43472440697858444,-2.6438453117592386,0.9737879159164072,-0.9777586533761476,-0.1046135909297954,-1.2147515519901426,0.31494889817271976
1.4264442998456737,-0.3445686346908504,-0.036511634446107534,1.5514959928476015,-1.5246029297188644,0.4735985028187274,0.056887036677681024
-1.7614777641033843,1.4284615357454133,1.1397777430979463,1.3725637372335706,-0.316780055957093,0.7597752940422057,0.2808240997597638
-2.4463157813516334,1.4683833409011897,1.3934673403627045,2.515285907236066,-0.3731788457251354,0.07619188526750549,0.21556245036776045
-1.5402658971439587,-0.2560060319507382,-0.12266272913041915,0.19689023455400215,-0.7191650978695723,-0.9093231398615752,-0.6373500717046334
-2.0667960044633147,0.5945388347397979,0.8026057143478855,0.9815366994406765,0.06641256259725284,0.11391559377076152,0.08950897952513251
-3.453850444635439,-0.9066834683410797,-0.8519006989458177,-0.0773368449931556,0.5341581799562533,-0.13740316538735411,-0.04817724657823117
-1.168907823764245,-2.2912315722164807,-0.443515455149287,-0.11253405432767936,-0.5689579493867348,-0.6539886642860095,0.26446926401544024
-2.9686943990225556,-1.0595982225809526,0.667049020649449,0.5310996198713964,-0.30029748214075563,-0.08321341229975514,-0.07042108291615506
-2.1399827815778774,-0.7347136245783301,1.2562709334732347,2.2031234893407285,0.856341269081946,0.8692672916523753,-0.542965627325517
-4.401011086962183,-0.6235939296064738,1.2503225489169543,0.8708120674598371,0.599758285749151,0.8536899530353592,-0.4397587522779957
-1.032360071753645,-1.1383250462139345,0.5274163173788017,1.1349419984957094,-0.15675570478406614,1.805437055689141,-0.5124547344023684
-2.868797093416455,0.9809386218218163,1.6139550885343668,2.5789086006052524,-0.0705241934013255,-0.5823525243083206,0.9675016575969301
-2.221308825548449,-2.4454596601616436,2.349880699278609,0.7214865733481961,0.6969403214072964,0.38418876355391485,0.2591537429094377
-1.9174455247667557,0.7664903339488627,1.5236292740509385,2.4201878838778956,-1.00438568515051,-0.5231318422455798,0.9508204730291839
-0.7390683939292909,-1.1975588412767282,2.4784021969832026,2.5053854172512033,-0.5487034597766272,-1.6392024749336225,1.2249371833117177
-2.8752610222195174,-1.9819826959704583,1.3291672124133262,0.7618657515960237,1.6789713329134617,-0.8695623167640437,0.03521443510221637
-3.484902697969945,-1.095157184188803,3.1684122536010846,3.5157709582009726,1.5269862067973075,0.16576416302314986,-1.00732272358108
0.0071734563836366675,0.4526432747844032,1.1930480666516492,-0.08274473281828934,-2.839563752154655,0.05700881410731124,0.251059880037617
-0.08113092592973156,-0.6989444646319681,2.289871465318173,2.610090100335402,-1.4071923269059057,-1.6957046943044776,-0.045927889665659895
-0.4094090149046643,0.18800462105844476,1.572647185610303,1.5463390656361122,-0.5569114752515482,-0.9910343375456968,-0.19896528915647554
-4.97139114586313,0.769724338801054,4.443923165881863,4.255015820051671,-0.17897486836274584,-1.1011289754902474,-1.3057553672481383
7.183768997289468,0.22108919955477813,-1.5879156617094279,3.603015164894635,-2.845320941480948,1.124104660746777,0.37115603964594296
6.829692532895366,1.8254159139620354,1.0552959033012133,-0.994355233693491,-0.31518884150984977,-0.3205213261544312,-0.14273247221282093
3.4752540142332116,3.2331361989433702,2.440737169317051,-1.9969214477557669,0.9328280681977136,-2.422487023045238,0.4523476813337666
1.4889994437033016,3.2364470164490395,3.164354934970053,1.5845164168269394,0.6673535626204788,-0.29438796958647206,-0.12537127752690141
0.3460529134929347,2.026783045338416,1.6574464526942045,1.0514494088598467,-1.8906641055795155,-0.5004032547424162,0.45895459036927133
9.63377942766062,1.396648343881314,-0.683136291597446,2.218321131012526,-0.5008082546479307,0.5864873392434319,-0.433066536302471
-4.797505504659675,-0.20107421118726082,1.5156478937107836,2.125942264150271,-0.486380188830946,1.6921367506512837,-0.6775688025610078
