session_id,student_id,assessment_id,tab_switch_count,face_count_anomalies,copy_paste_events,time_per_question_zscore,network_latency_flag,webcam_dropout_seconds,flagged_by_v0_proctor,ground_truth_reviewed,confirmed_violation
1ecbe284-7e3e-4024-83e7-a8513bb5fb55,6c913abb-7b95-4327-be25-6d7c904316cf,LIT_301,0.0,0.0,1.0,0.8527736751222195,1.0,1.7354242023882065,0,,
9e1ab2d8-5396-4225-9889-f029ca1011e5,964cf8a1-369e-4884-9cb2-8089276b799a,MATH_101,3.0,0.0,1.0,0.7600559636896026,0.0,3.062731297166667,0,,
b5e321cd-8d62-482e-94d1-e147c053b315,8ed03a17-ee26-47fb-a9c4-423695b7f079,LIT_301,1.0,0.0,1.0,-0.33381948975600995,0.0,2.6781910647468012,0,1.0,1.0
32bd51e0-e6fd-4900-b89f-332fbd52fddb,33ede6a8-b3fb-4e99-a853-f9861ccb37cf,CS_202,1.0,0.0,0.0,0.9648516330974576,0.0,2.6843494172906586,0,1.0,0.0
c4400045-768c-496a-aa1e-1d377a309fad,fd2675df-cb54-4d90-a411-503719245257,MATH_101,1.0,0.0,1.0,-1.6624919880356743,0.0,2.759705105791522,0,,
3928355b-1b4d-4442-b642-4bc2ca159f0d,f2f0b359-3b05-4399-ab07-5e7a249f7a96,CS_202,1.0,0.0,0.0,2.062524919243145,0.0,3.0315809831030545,0,,
4442989c-4f36-4453-b8c1-98ba3e21d649,c8facb4b-7555-4277-b94d-dacd0d362052,LIT_301,0.0,1.0,0.0,1.1267051368275833,0.0,1.1383965114424754,1,1.0,0.0
2ec903e0-2a1a-4e9c-bdda-454806dadb45,7d8e6e22-3393-4f60-9572-2bdc3025fb70,LIT_301,0.0,0.0,0.0,0.9531366339132451,0.0,0.5777470190385317,0,,
5b89f545-addf-43c8-81d1-8ea1bd549543,c8a4d42d-64d5-43a6-af7a-f2388c1b283f,CS_202,2.0,0.0,0.0,-0.1044492185374715,0.0,3.652668632221283,0,,
1929a962-eda3-41b9-92a7-d94f84ee91a3,2514e25e-2ec6-44cf-8dea-f7a9a6248118,LIT_301,0.0,0.0,0.0,-0.24606248812994858,0.0,2.233774491452259,0,,
1275b612-f88c-4304-98df-aee28dc58306,a04c087b-6224-450c-b53b-5a17cf27e602,MATH_101,1.0,0.0,0.0,-0.8661748482145009,1.0,1.771454534529418,0,,
f7aeb65f-3fd5-4634-982f-1164ff300e0f,1ab95906-6b59-4fa5-beef-4647fb01979e,MATH_101,8.0,0.0,0.0,-1.3459796802467485,0.0,0.9990962457673288,1,1.0,0.0
8befc7e4-302b-4fa2-9141-980f6c748680,992309d4-c2d1-4d8b-9759-1c1afbccf1f1,LIT_301,1.0,0.0,1.0,1.0325462043416573,0.0,4.919616465792632,0,,
9525a751-3afb-4dcd-afc8-e1d5e20c5c0d,4d0adb28-4558-4711-bfe6-30cc81121f39,LIT_301,2.0,1.0,0.0,-0.30920907704986345,0.0,2.3131855740636516,1,1.0,0.0
0db0890c-cb01-4644-91ff-cd9345b99fe6,02eb1f44-d9d1-408c-ac18-fc981619f5bb,CS_202,1.0,0.0,0.0,1.1,0.0,2.372235826668418,0,,
96248318-43fa-40d8-839e-5bb1308cb6e4,dcbdd0a1-7474-4a40-b7fa-ebfd11cd58fc,MATH_101,2.0,0.0,1.0,0.7479102561175338,0.0,0.13229316618459816,0,,
81e19166-f22a-402c-b2c3-02a24cae72dc,9a047f50-aa35-400d-a463-ec71b6a25fe2,LIT_301,1.0,0.0,0.0,-0.21492103028873533,0.0,0.01819079921445722,0,1.0,0.0
b95b2d08-c7f7-4e20-b21e-15c7d8f9acdd,bf58e7f5-7344-40f8-8dec-4a6f9b7623ae,LIT_301,2.0,1.0,0.0,-0.7191533192424201,0.0,0.6778431292674276,1,,
849b191e-fa05-4860-9a53-29b2125dd99a,abd0c0f9-3cc9-47d6-89fa-17a5a538dfc9,MATH_101,1.0,0.0,0.0,-0.2918112689155441,0.0,3.0980886191541974,0,,
efda6741-9c98-41ea-a50b-8a902d2f0924,74d097df-61ef-45cb-99da-f4a823c7f531,MATH_101,3.0,1.0,0.0,0.513907849658915,0.0,2.4710702467136554,1,1.0,0.0
8dfdf0f3-5be5-4adf-9226-d0b6664b4967,84c87a70-1c6f-421c-9c8a-e9eadbda99ff,MATH_101,2.0,0.0,1.0,-0.4830610516834395,0.0,1.0988856460398193,0,,
2d565c1b-986d-47d9-b78d-e01523486eb9,c2f42f64-a3e1-4402-abc4-f8e54d19dbed,CS_202,0.0,0.0,0.0,-0.08310557262869477,0.0,1.0367997575476584,0,1.0,0.0
121824a0-da5d-4f71-9a24-b6f45657fb7b,948ffaee-b22b-429b-b4ba-2c4cf83184dd,MATH_101,1.0,0.0,0.0,0.7082144232565571,0.0,0.030452027769782227,0,,
977a08b5-838f-4c55-b56b-c396baae669c,b1ba054f-bcb7-4835-9490-7d418af898ec,CS_202,2.0,1.0,0.0,0.2801611588196068,0.0,0.5688674289142449,1,1.0,0.0
d00b2f3e-fbdb-4f8d-9d8a-f149d450f925,ee2cc99f-1d12-4b9a-9579-f06a525499a5,CS_202,3.0,1.0,0.0,-0.668144085538994,0.0,0.3852814869166537,1,,
153ba35a-3a2a-4af6-a218-214232075d15,fdbe8230-782c-49c4-850d-5e5687b12aae,LIT_301,2.0,0.0,1.0,-0.4473218956587512,0.0,6.009916225071519,0,1.0,1.0
f91ba81b-be57-48d9-9d39-b97664222171,18e060b6-5981-4655-80bc-69bf549a450b,CS_202,2.0,0.0,0.0,-2.1218548990085946,0.0,1.1075643223755363,0,,
d6dde4a1-6c88-4566-ba39-e38f7e8c479f,62071ed7-ea3f-44ea-97c4-770d989cc253,LIT_301,2.0,0.0,0.0,-0.22346598237185214,0.0,2.5969828468404286,0,,
faf41d7e-295f-4f19-92d6-97c63c7bb78a,049b29b0-c971-4851-bc79-cc94f25bfc43,MATH_101,4.0,0.0,0.0,-0.36682441181468756,0.0,0.5126906903662256,1,1.0,1.0
e5c8b09b-9ef6-484a-82fc-659c3f4d618f,18a53eaf-e533-40d3-8f91-35f988c50fcb,LIT_301,1.0,0.0,2.0,2.0740826697499735,0.0,1.1736842584557927,0,,
d21130fa-bf4f-4c74-9698-a4aca21b0c3c,140e0c5d-5f98-4f70-bcc7-51eaf3f724d1,LIT_301,0.0,0.0,3.0,0.07005216311318138,0.0,2.432764161320476,0,,
2b4b7c34-4b3b-4b4c-bade-b98c987b4f85,63d746d6-b2d7-46e1-a017-52d2e3f835a2,LIT_301,1.0,0.0,1.0,-1.1437262073206618,0.0,0.7505723969681785,0,,
99b3de37-f194-4fb4-a7cb-b774da97c0bc,0f327a34-75a6-4a37-a381-58bf4f174cca,CS_202,1.0,0.0,1.0,-1.1939250063990554,0.0,0.6262828971717277,0,,
f177d387-764e-4c52-882b-21ebdd8ccab6,2a76069b-81d7-4b2b-bc50-75e0e196eed9,LIT_301,1.0,0.0,0.0,1.0010460925671412,0.0,6.824634472806166,0,,
8fc76068-6e9a-4cf5-b2fb-957b89d6c720,5d9cb416-c31a-4cdc-a9a2-6578bdd54ac9,LIT_301,0.0,0.0,0.0,-0.13125696709230472,0.0,1.8508506538853347,0,,
c3f04d3b-b533-45b5-a27b-517658868ef1,3db1fbbe-338e-4559-a2ef-a451e221dfb2,CS_202,4.0,0.0,0.0,-1.7485319732381808,0.0,1.1368487136501377,1,,
d47aca1d-e61d-47ca-b9b9-1464d9161ca4,e5941230-aed2-4da0-b3e4-ab01a95882af,MATH_101,2.0,1.0,0.0,-1.0003313246055747,0.0,0.16340911090966223,1,,
1e432082-8b8d-4e1c-a355-ce120129d32c,228d15c8-107a-44d9-92d4-341c5d0f6614,CS_202,1.0,0.0,0.0,1.1,0.0,1.8209567264407178,0,,
75efca42-2515-4619-8780-1e166e17470c,dc8afacb-4d87-41d7-afd1-996a9b1b950d,LIT_301,0.0,,0.0,-0.7991920066502536,0.0,,0,,
c3ddf9f4-48b0-408c-8dd1-545ed843fd13,ae500fd5-43a6-4e77-a96d-0dd0b228e331,MATH_101,3.0,0.0,0.0,-0.060660813814620775,0.0,7.861264266559312,0,1.0,0.0
ea7d17e2-3265-4c3b-8a22-a46a0e5cbe08,c16cab41-153d-49bd-8bf7-539e76328e87,CS_202,2.0,0.0,0.0,0.5796331732135757,0.0,1.4141694690315991,0,,
9a0a3cff-24f8-4fc0-b7a9-30120b6c0d7c,f9070249-9cfc-4a36-b9cd-3bf313bec1f3,CS_202,0.0,0.0,0.0,0.6380511014407572,1.0,3.0965635861499208,0,,
6697436a-322b-4a8c-bb9b-fd4b4eac83ba,040a4ad8-f449-406e-a5dc-53bf7fd26dbf,CS_202,1.0,1.0,0.0,0.4966992232365217,0.0,0.22274201418164916,1,,
95936399-a493-464e-9e6b-204789d77f00,121d2374-91ef-42a8-9f8d-7e10d06bae2e,MATH_101,3.0,0.0,0.0,0.1946074552372427,0.0,0.10645516809244548,0,,
b70fc73d-0dc3-447c-82a8-ae711ea8cc8a,6d4b463e-d62d-491a-a515-b68b426e1b1a,MATH_101,2.0,0.0,0.0,0.985729995679863,0.0,0.14763387400605255,0,,
25ae7abb-928e-450b-9e34-e22982f55b08,073c7a79-998e-4adf-968c-000051788438,MATH_101,3.0,1.0,1.0,-0.25890497370407733,0.0,4.644355498354066,1,,
3d274b14-ffcf-4687-8218-ab235f2af912,48a2f858-5c6c-46bf-af59-8a86bb05a86a,MATH_101,5.0,0.0,0.0,-0.1681438185847896,0.0,1.1687488398079504,1,,
e82c265d-b4eb-42a8-bac0-cf78f6814c1b,5e313266-c474-4801-b15d-2f7ccf804355,CS_202,2.0,0.0,0.0,-0.20922187374452778,0.0,0.191681911211672,0,1.0,0.0
dfac0ee7-132a-4c4a-bb65-ac00915c7d20,0075ba75-63fb-45c6-ac3a-a96f983e8062,MATH_101,0.0,0.0,3.0,1.3103087461196083,0.0,2.0305004827063358,0,,
2abc7e3d-79f0-448b-ad80-0a431dc6b567,7249ea07-de15-486b-9e57-0f55e9eb1394,MATH_101,2.0,0.0,0.0,-0.6124373746404379,0.0,2.4526404489001523,0,,
4de92c13-d4bf-45de-bc44-d268131c5d83,79e767ea-6608-43c2-a913-8c1da0613910,MATH_101,1.0,0.0,0.0,1.0760071385985983,0.0,0.65105249928659,0,,
24ea4811-ccb5-4f35-b527-b1e5f6d254a1,ee14a82f-4d4a-4c67-af09-c6f34a93a617,LIT_301,1.0,0.0,0.0,-1.1057046684859357,0.0,2.570711503912119,0,,
3991f1a2-de92-4085-b0bb-8daed24cc498,7baf8bc7-ee8c-45cf-96e6-6932e5432df7,LIT_301,1.0,1.0,1.0,0.12637957954641182,0.0,1.786310046599916,1,,
acfa1b3d-044f-4c0d-a7c8-124ebc32c751,e2997b91-c1d6-4f93-81c8-d49207102103,LIT_301,2.0,0.0,0.0,0.09798315347089544,0.0,0.4107219673553782,0,,
c2170470-37f2-4c32-ae45-ebd78a9197c5,14e87c88-5cbe-4cb1-8be2-ab6cb5d0abd5,MATH_101,0.0,0.0,0.0,0.25373966149457344,0.0,0.34749824079036656,0,1.0,0.0
c92fabfd-dc64-4447-b8a7-8545f736cfff,411352e4-6fb9-4612-ba4a-050fa6d7a81d,LIT_301,1.0,0.0,1.0,2.1709427174978138,0.0,0.5766122643864525,0,1.0,0.0
e40ed37b-3e12-43a7-9abb-0e91d9f90d5e,ed8c1eac-f87a-4a2d-ad8c-0f508479ccd2,MATH_101,2.0,0.0,0.0,-2.3629324355418384,0.0,1.3112795092716114,0,,
41887761-2f61-4bb1-8c3f-4826a4c9f151,c85a89b1-14c6-4a22-8184-e80722ac8e56,MATH_101,0.0,0.0,0.0,0.7999419019420501,0.0,0.9577423313643417,0,1.0,0.0
bed1107b-8ce4-4ac3-b60a-be3a9be99504,7654f796-c331-41e9-9e30-0d000a0f7d07,LIT_301,1.0,0.0,0.0,0.7094518171390395,0.0,5.0764761514240755,0,,
99b20be3-2136-4872-8c95-8dd98818d106,080a88bc-2759-4c61-88b0-cfbb3c87b3fd,CS_202,1.0,0.0,0.0,1.1,,,0,1.0,0.0
42c7ce08-9119-43ea-84f0-29bd426f2cb4,1ea0b525-595c-433d-a0c0-aceb8bdbcfd6,LIT_301,2.0,1.0,0.0,-1.801057734152739,0.0,1.9898413147100436,1,1.0,0.0
1cc2056e-3170-4576-85c9-44e283671e2c,fcbe054d-e4c1-47cf-9add-c5dc4a9d8fe1,LIT_301,3.0,1.0,0.0,-0.09858813228426173,0.0,2.0911185616462635,1,,
1e0d4506-108c-47fa-8df8-d820080f38ff,34681c57-685a-4871-b6f1-13e65d8458c5,MATH_101,0.0,0.0,1.0,-0.5621680265783021,0.0,2.503895665264673,0,,
8bde7013-d39a-48c2-924d-306634e9e0f3,20fa8364-c800-4b91-b949-867babd69063,MATH_101,0.0,0.0,2.0,-0.09053328230416077,0.0,2.3894274834967595,0,,
4eff93d5-e0e1-4c28-a39a-7f1b752a6a8c,0be28a57-454d-4cf0-8f22-cdf55070da49,MATH_101,0.0,0.0,0.0,-1.5137143926128271,0.0,1.4625331374118946,0,,
e4f1141e-ced3-4da9-9e33-2c7c67a66317,277998b1-8695-4b62-9384-310e5a8040f1,MATH_101,0.0,0.0,0.0,0.1904996797790664,0.0,1.2387384884585517,0,,
87861750-3f32-436d-b946-b7884739722c,4fc39cd4-3129-49c0-bdf7-2396846b094c,MATH_101,2.0,0.0,0.0,1.1876793884615637,1.0,2.4939090719848465,0,,
c6abb510-b878-4712-a3b1-640efdb034bb,41734b45-8ff2-4151-89a8-b1236d25c32a,LIT_301,1.0,0.0,0.0,0.8474216771504216,0.0,5.403883667534351,0,,
df72adb0-2ef5-4fd9-bbed-9aecf768329e,1fde19cc-2a92-4241-9c51-f38d8aa114e7,CS_202,0.0,0.0,0.0,0.14294309476370676,0.0,0.9191529071062944,0,,
b1cc5845-6210-444d-b117-ca0156d6cad2,33fcfdaf-6aa9-42e9-97d3-5a2ceeb8002f,MATH_101,1.0,0.0,1.0,0.12320480678448567,0.0,1.6960775242450719,0,,
c2c46ec1-63d1-40f4-a2d9-50852bc4b6a4,a1e8d402-54e1-4f86-a9bf-12d0d99ff804,CS_202,2.0,0.0,1.0,-0.6500025808234597,0.0,6.04921931486486,0,,
4e62effb-cbf4-46c4-8cdf-b55258256fdd,4d8f0519-1c0e-469c-9289-527f2de2dffe,MATH_101,1.0,0.0,0.0,0.09284490114111471,0.0,5.791276519397838,0,,
171582c0-f9f6-4c19-9ef0-846924b53cf5,b17b76e2-e81a-49d7-b64a-e3637c3acb21,MATH_101,0.0,0.0,2.0,0.15985639199740037,0.0,2.6676712276174452,0,,
2349886f-9625-43bb-89a1-19b28a5825a7,fe20012f-dc10-47c1-befd-f37d09b82249,LIT_301,1.0,0.0,2.0,0.8712972974572442,0.0,2.8068668766400817,0,,
2390eb18-e5d6-4441-abde-87fb705f0f20,d0096684-161c-4194-ad0a-935ff5ce69f3,LIT_301,2.0,0.0,1.0,2.2313001461926323,0.0,2.1960032354921304,0,,
86617028-f841-4aa3-afb2-be59ad9a1d89,b39cf188-8e0b-4086-a67a-889b4b8e2c27,LIT_301,3.0,0.0,0.0,-0.18714426500454878,0.0,0.4640553198262061,0,,
34eb2ca1-f4da-4b72-9d2b-19d1dc071144,11f88b20-403b-42bb-a327-0deec9a5b73d,CS_202,3.0,1.0,0.0,0.19438430157733602,0.0,3.330732083323666,1,,
7cf3bb0b-ba1d-4031-b3f5-53693fedc8e8,f0ad00f8-845c-4cbe-9ece-4c212df04944,MATH_101,5.0,0.0,0.0,-0.4646172972983931,0.0,3.394129501260106,1,1.0,0.0
8f6f1cf6-3d43-4b53-91f2-796af86ab0b7,3028f488-279c-40c6-85ab-26e5872781d5,LIT_301,1.0,0.0,0.0,1.1873860515647512,0.0,0.14300831413790926,0,,
9b341e91-8e59-4d66-bc26-0a9273d055db,a142bfd5-e152-41ae-86d7-cd70bb5ea09f,MATH_101,1.0,0.0,0.0,1.6155828235482317,0.0,0.027681797717852966,0,,
fa4acbfb-cdc2-4180-a7cd-4ff365300109,b08893d7-e312-4f45-8da4-abdc403c17fd,MATH_101,0.0,0.0,0.0,0.0064222698109378164,0.0,0.16926299365638992,0,1.0,0.0
285b9b71-f3cb-44ce-bc52-afb3ca33feeb,48ee2944-d6ab-44c0-94e5-8abcca0c6f36,MATH_101,0.0,0.0,0.0,0.1895816165987434,0.0,1.581212726377801,0,,
13163433-3ebc-43c6-b2b2-3980e11b38e9,9d8819ae-8e58-44d5-b76e-8d34675b155c,CS_202,1.0,0.0,0.0,-1.1267674689098053,0.0,1.5458182760697725,0,,
83dd9571-db4b-4fab-9dd2-d9a050ade1b1,003eec3e-5a44-4f1d-ae15-e68d92ad21ec,MATH_101,1.0,0.0,1.0,-0.6459641791245353,0.0,2.862649760601149,0,1.0,1.0
3368613b-221f-47a3-8678-27832b2b27c3,c10c830c-c550-4296-966f-4481757f1c1a,MATH_101,1.0,1.0,1.0,0.32579631658216646,0.0,1.0532734996033275,1,,
362ba80a-d097-4c31-b76d-f07ce3b00590,9048e6fa-0dad-4673-b530-68b3ca59a19c,CS_202,0.0,0.0,0.0,-0.622649361734452,0.0,2.241838001779072,0,,
ba87a805-c9bc-414f-a90e-0088934ec3b9,d67799ca-70f7-4e00-9b47-f0f9518e4b6c,CS_202,0.0,1.0,0.0,-0.6540756831274238,1.0,2.534918494699556,1,,
c83f8efd-ed84-4fb4-b046-3b0c93ff143c,ab89fec4-0cbe-4075-b23d-115d57a4324f,MATH_101,1.0,0.0,1.0,0.40373009033660945,0.0,2.708787882561248,0,1.0,1.0
4d486289-7d9b-43ee-943b-bae5c17107b2,3cb2750a-d32f-42c3-95ee-43e3cd9980f1,CS_202,0.0,0.0,0.0,-1.0065425652796411,0.0,0.3287945020560986,0,,
36b0af6a-67b4-40ca-9678-520292ef2a60,c67ca2c9-13fd-42fa-93aa-860661159d28,LIT_301,1.0,0.0,0.0,0.36728731340134063,0.0,3.883359352744885,0,,
5c8819ca-27b0-40a1-9876-961a06ece987,37bd157b-72f1-42d8-b3f7-dfc026d2ff9f,LIT_301,0.0,1.0,0.0,-1.0276751409259581,0.0,4.291057132688894,1,1.0,0.0
7ec5a694-7ebd-4aca-b5a7-fdbc4a14d488,54232148-db13-49d6-b8a5-4a3b4c266cf5,CS_202,0.0,0.0,1.0,0.883109777147159,1.0,1.660565681903547,0,,
46053e3a-efaa-4386-8ac7-7a34e681a0a8,1420b65f-0b70-450a-a323-1fbd4f6a449f,CS_202,4.0,0.0,0.0,0.8968393158655319,0.0,0.6138011765400787,1,,
a55ca14e-780d-4db7-86b9-ec0ee8571ac3,af20d325-2715-4c55-ab8f-9d92d4d6efd9,LIT_301,2.0,0.0,0.0,-1.053682419146354,0.0,3.0854814357662397,0,,
564c1048-fd9c-4187-a46b-412d1700cd2b,1aafce98-0cdf-4f9e-96dc-716065d328e8,CS_202,2.0,0.0,1.0,-0.9745293046706415,0.0,0.21631989207718816,0,,
c8bf8020-54ba-46ae-9ca4-6f186f3c7f5c,c8c318b9-efce-4afe-bb99-dd3801584d9c,CS_202,2.0,0.0,0.0,-0.014452270878279104,0.0,1.8665265313898347,0,1.0,1.0
dab170d7-7e70-4171-93c9-16c1a5c825a8,0bf09073-82e8-43b0-8f9e-2b3bbefdfe1d,LIT_301,2.0,0.0,0.0,-1.881849045497639,0.0,0.22388829031485427,0,,
279b7944-38b0-487c-b4b6-98b84e5ca44e,a209ae72-293e-4326-9a7e-6fb2107d45e8,LIT_301,0.0,0.0,0.0,-0.23893209916969432,0.0,7.229635072557551,0,,
d39ad064-4a3e-4e28-a63c-0131b9dc214e,f36af476-0b7a-4832-a460-17bcee003cf9,LIT_301,0.0,0.0,1.0,1.1096998419562232,0.0,0.086696821044225,0,1.0,1.0
9af11a61-199f-4568-905b-0f3ae9f4cad2,b2138f99-f698-4c72-a22e-0e32188c74ff,MATH_101,0.0,0.0,0.0,-1.0727430257398065,0.0,3.4830063304143035,0,,
2932fa61-7bb1-4261-8cbb-e94158cf982b,09c73fcf-e611-4344-a083-f24a7d22ec7c,CS_202,2.0,0.0,0.0,-1.0675329142542729,0.0,1.2938090248233634,0,,
e380711e-c782-4263-8364-7d4f09f4f279,515831b0-4828-448e-b965-bb2856ae78f2,LIT_301,2.0,0.0,0.0,-0.10730214400422888,0.0,0.9276071815125889,0,,
f92b6f65-5417-44ce-9bbf-e7f57bd04828,8d8d8c1a-870f-4714-bc35-c31a4559834a,LIT_301,3.0,0.0,1.0,0.4283070972076486,0.0,3.86245969058071,0,,
56772213-2ef1-4d92-bf14-58a01cbc5771,7d54af60-07be-47e2-9193-3fc4621986e2,CS_202,0.0,3.0,1.0,-0.11806852699107874,0.0,0.6638878038808874,1,,
bb93812a-9a0d-4cb9-bdce-07329c72908d,593cdcfd-9ee8-40cb-9dee-2cbf57a14ecb,CS_202,0.0,0.0,0.0,0.5467335682013793,1.0,0.11236713831299383,0,,
1aa65f34-19d3-4a98-9568-952479f5f73f,f2f5ed2d-daf8-4201-8fa9-efb60eccd23b,CS_202,2.0,0.0,0.0,-0.01941960588773261,0.0,5.878351061018403,0,1.0,0.0
ae60f9a6-2c12-41fe-8af7-de0365e0e444,680cadc0-2654-4a9c-aaae-8587d1b1f98a,MATH_101,5.0,1.0,1.0,-1.5811907020321334,1.0,2.6779437647354163,1,,
44c8cfa2-abbf-4159-bd37-36920e12b6b3,ed46b9dd-ef69-4670-b7d8-a302535826db,MATH_101,0.0,0.0,0.0,-1.5029703283951532,0.0,0.6028497418291304,0,1.0,0.0
f1ae3eef-79a2-4dc6-9445-5023d5a8b947,b598fc28-5237-468d-91b8-5a2f31019fd3,LIT_301,2.0,0.0,2.0,-0.21113023882769444,0.0,2.138627798766368,0,,
0a53ab9b-41a4-4b9e-882c-995e909b36f9,8b14ffac-ef7f-465e-89cf-66c490a9b7ad,CS_202,4.0,0.0,1.0,-0.07783719701280203,0.0,0.8881368237533072,1,,
708f274a-92de-4fe9-b80b-3065e7dd4477,b197ffdb-7f17-49b6-863f-997ecabccbc1,CS_202,0.0,0.0,1.0,1.775310892609512,0.0,0.031029246928829947,0,,
5ee0a12a-69ce-463d-af42-5e145e7a3597,0510cf3e-b2e1-4b72-9882-6342b059f629,MATH_101,1.0,,1.0,0.48473281729447476,0.0,,0,,
2d9dda9a-be87-4274-83a6-9724e4807e85,2bdcdd12-d60c-49c2-8a29-bcb3c86130a8,MATH_101,1.0,0.0,0.0,0.9528745472029388,0.0,1.0101963870055586,0,,
6eb34356-d901-45bd-85c5-e834fab4f843,8d629289-b3f1-427a-b9b3-b964bef1099b,LIT_301,3.0,0.0,0.0,-0.47490365662252443,0.0,8.380619077364752,0,1.0,0.0
b7fb1a37-f871-4547-bcb0-7fe312757bd8,ab2ee7de-ea83-4238-8678-1dfaf9976334,LIT_301,1.0,0.0,1.0,-0.7521564055905832,0.0,0.8083004173809956,0,,
d4dde99f-ab95-47e4-90c7-43660689f289,c0fed148-5277-45b4-9253-3e3caea4f713,LIT_301,1.0,0.0,1.0,-1.067802921579193,1.0,2.651858563944405,0,,
24bcab3f-44bf-462e-b13f-c748f2b77458,d26e9573-541d-4999-bd3e-21589d59f10f,LIT_301,2.0,0.0,1.0,-0.47209057769712737,1.0,2.0957755621064074,0,1.0,1.0
69002da7-3e29-40a3-a094-cb96200e452b,a58fa622-9631-458c-a275-5082658c5f39,MATH_101,3.0,0.0,1.0,-0.7424705856980482,0.0,1.5919492147397791,0,,
eb19dc6e-e0c5-4602-8f40-aab15fc0aa09,735f082c-c17c-475a-80ae-7ded67cfbca9,LIT_301,0.0,0.0,1.0,-0.5353281859539227,0.0,3.5147893602561635,0,,
55c90cda-ff3d-4a69-8518-b4ece6af8241,26a4caa2-8911-4980-b821-f6d0a57d08c1,LIT_301,0.0,1.0,0.0,0.9694572005267368,1.0,2.4155573711421625,1,,
a5001bd5-0a13-4fb2-a852-eded7d138feb,0b651aef-52e9-4cab-9d6b-5352e4dca024,LIT_301,3.0,1.0,2.0,2.589563642018614,0.0,5.653144586567092,1,,
0019c185-608e-4b51-9d53-40145313ea4c,5e6a7554-bb9d-43cf-b33a-243642e940b8,CS_202,1.0,0.0,0.0,-1.4575514994649306,0.0,1.1339698253218857,0,,
525588ed-c8cc-4337-8eb8-7ccccf0b0711,c6076eab-9646-4181-9125-523cfd85443f,CS_202,0.0,0.0,0.0,0.4891871301476635,0.0,1.7530479342938856,0,1.0,0.0
c1adae51-4061-4edf-926d-37205e70f100,644eb0b1-ff2b-4174-abf9-65881dc1a454,CS_202,0.0,0.0,0.0,-0.8096035199216461,0.0,0.1291331406466294,0,,
e7a31d25-29b4-4496-9fcf-bf5ad7fa46ad,66fc0c66-bec1-4d5c-be95-71e288952b23,LIT_301,0.0,0.0,0.0,1.0859821161750323,0.0,0.847284488332029,0,,
6d667a64-75e2-4dce-94bb-6e700b73c05d,6f52e9bd-70ac-4ba7-8a02-8a96baa42a49,LIT_301,0.0,0.0,0.0,0.10855970577652314,0.0,0.6324271820651319,0,,
3d6eeaea-2eff-4c44-bbfa-878854a121e9,c449e689-fab0-4c44-a89e-3e5feb004778,MATH_101,1.0,0.0,1.0,-0.10960980392583083,0.0,3.6463991463165786,0,,
2bbc6856-3bf0-42e9-a34e-071136d29a00,263d47a2-d310-4e70-9e58-261576e02e18,MATH_101,0.0,0.0,2.0,0.738810480887503,0.0,0.640607753857549,0,1.0,1.0
bb5fa1e8-cbd8-4ad8-babc-05019420f2a8,92dc5f5d-0718-47c1-b995-f81bc73ce90a,MATH_101,0.0,0.0,0.0,-0.33477533210654087,0.0,4.490412454761041,0,,
d98150d2-4026-44ee-bb13-16b8717ae9bf,eaa53d6e-0aee-49b7-bce3-205d1b5e1245,LIT_301,2.0,0.0,0.0,0.6778753195309076,0.0,1.4055693378571474,0,,
0f601bce-106f-492e-8637-faa0e44ee0af,7f8835f1-b00d-4296-94d3-5f3c45c5cd1f,MATH_101,1.0,0.0,0.0,1.1,0.0,0.7246460494479172,0,,
1d1c7527-8f32-41df-9c71-ed1d854ab97e,196ad1c3-1b77-4349-b381-3a8a5cf0ef58,MATH_101,0.0,0.0,1.0,-1.5047203740310022,0.0,0.14160301282717758,0,,
2ba7dc37-0df7-433a-8bd1-be42af2d3577,4c34a5a2-3d59-4baf-b52c-607d721f8287,CS_202,0.0,1.0,1.0,1.0005823180429783,0.0,1.1965987466954007,1,,
8ee96dd7-7578-4cf9-8a15-048b6a1e769e,981176da-d593-418a-93ae-0322954af946,CS_202,0.0,0.0,0.0,0.1684609762696143,0.0,2.949139466118524,0,,
2f50083f-0799-48fd-80d4-2c5c9dbda925,ba2b0647-d108-4da0-aaad-7fbcdeeeb2da,LIT_301,3.0,0.0,0.0,0.08243975293450329,0.0,0.6730677859034276,0,,
8f1dd2fd-e1a3-4384-a98d-25eae1c438ec,a083a2be-6741-4ff5-8e7f-3e25b31dfc67,MATH_101,4.0,0.0,1.0,1.0857863249393471,0.0,0.14619961320134336,1,,
7cb43aeb-3a2c-44c7-999d-fe5bf8b05c8f,1aebe216-9716-4be0-a755-6ad5a77743cd,LIT_301,2.0,0.0,1.0,1.281016361735113,0.0,1.7427412983477275,0,,
5e0674d1-89d6-4ed0-9667-b96087172cb4,e7ca8f62-6a3c-46a9-90f5-e97e4f6b0191,CS_202,1.0,0.0,0.0,0.21319662823768915,0.0,0.4437690358575452,0,,
e696e8bb-73cf-42b2-9e65-ebf597f7a80a,0c632ce5-1355-4059-a571-687ba56f9eb0,MATH_101,4.0,0.0,0.0,-1.0097307047099375,0.0,2.171988533791091,1,1.0,0.0
ab9763a5-1d9e-4ab7-aa85-da2857346b54,6a711f4b-3f95-4f42-8191-67dd6424bcde,MATH_101,2.0,1.0,0.0,-0.02640575695892703,0.0,0.6316318285385556,1,,
bcc53aaf-4a71-4ddd-9e97-3f38b4805ca5,cec3bcd5-f8c7-46ca-b92f-42d6126d72e1,MATH_101,1.0,0.0,0.0,-1.4063174636718339,0.0,2.6387602079855372,0,,
88fcab13-d3e1-43c0-8a2a-93c1a3fa7328,3809e3f5-eb9f-4b88-9a5e-0b24f5116466,MATH_101,0.0,0.0,2.0,-0.024195606390916165,0.0,3.7733544560740695,0,,
796ec50d-38ce-46ca-a5cd-4bfb599a5a3c,3e8dbf00-fc53-4786-a9b0-536bae1d3ca2,LIT_301,1.0,0.0,0.0,-0.7280029412291344,1.0,5.03976713659422,0,,
2147b028-ecb6-43d4-9477-4460feaf0ea4,934bd8a8-d879-4851-86c7-e67c4f3c4dac,CS_202,2.0,1.0,0.0,-0.3917581490438219,0.0,0.7253823522683404,1,,
964633f3-758f-4edb-84f5-766f8b6f0869,1910a980-d2f8-4d42-8767-7b1d07871e78,LIT_301,1.0,0.0,1.0,0.5131057981760827,0.0,2.6111331547105663,0,,
7d84d3ce-2cde-4f6e-a91a-bcf3a2d7ebad,1873ab6c-1699-4fed-9d7e-23e80391a49d,LIT_301,0.0,0.0,0.0,0.3506300992735592,0.0,3.0340066119482234,0,,
662df5b8-e35a-4dab-bf95-ee44ad18c58b,81d48fc8-3880-4dbb-9411-65fc47dd8bc8,MATH_101,2.0,0.0,2.0,-1.8751724696457446,0.0,5.7808924983360646,0,,
e77186ca-c1f4-488e-a1d8-e02169984a50,2d710c50-292e-4d20-ad0a-3ba526c61bc5,CS_202,1.0,0.0,0.0,0.4477169258102776,1.0,5.070714917406533,0,,
399cb3a4-d55a-4e93-ad12-8333fd5b08e3,57ff198b-f2ef-4401-b15c-8dec2b23de8b,CS_202,1.0,0.0,0.0,-1.6834381922209503,0.0,0.4444637751787968,0,,
2f10fc8a-0f51-4620-97d6-3a16d9aa0044,2abb6025-9947-4548-a528-f41493def16c,LIT_301,1.0,0.0,1.0,0.5462842480036996,0.0,2.234805468606294,0,,
fa404264-4e1d-4b10-8102-7311fc0f1f6d,3759878a-a0ab-46a6-ac5d-8ccb6def555f,CS_202,4.0,0.0,0.0,-0.6078219870944325,0.0,0.07659015140540455,1,1.0,0.0
3131054b-df65-4a7b-8e65-4269f61a5848,bd014c23-e6ff-4e47-9b19-99ace8b59d25,CS_202,0.0,0.0,0.0,-0.07964139124571515,0.0,1.7887175271479883,0,1.0,0.0
75ddd097-0ba9-4519-89db-2e1282c4ccee,ee829dc3-6cbe-412e-a875-21a1fbc96012,MATH_101,1.0,0.0,1.0,1.100959634998571,0.0,0.11563130569590999,0,,
d5bb368a-820a-45d5-9904-b1d4d506777d,44988e6c-f5c3-48de-aeba-c212389699f0,MATH_101,3.0,0.0,0.0,1.7106133725819253,1.0,0.05103240190878215,0,,
0ed0841f-2734-4b2a-8a55-13715bc1369c,0cea09d8-3bb9-49b4-a6aa-ca6aae5cb593,LIT_301,5.0,1.0,1.0,0.020793707675407894,0.0,1.0144529685657007,1,,
d23c30a6-d5db-4df2-9c2c-4cd17933bd97,a25e81c1-a8eb-4d61-86bb-606cb7af17ff,LIT_301,2.0,0.0,1.0,-0.13263374638257355,0.0,2.8459605298196955,0,,
384b88de-7acd-45f1-b2b1-599384eedfba,b1409932-69c3-457f-95bb-123610a6c9a8,LIT_301,2.0,0.0,1.0,-0.2081168572725397,0.0,4.0212588349879805,0,1.0,1.0
492db712-9c66-4192-b466-a250e570081e,c74ddd63-ea1f-4834-a3a6-c1ff4f1b52ea,LIT_301,2.0,0.0,2.0,-0.3493167961181975,0.0,1.651405159368262,0,1.0,0.0
32bd51e0-e6fd-4900-b89f-332fbd52fddb,33ede6a8-b3fb-4e99-a853-f9861ccb37cf,CS_202,1.0,0.0,0.0,0.9648516330974576,0.0,2.6843494172906586,0,,
1634c6e5-d641-4651-9077-01e207be2cd7,12536944-291e-4588-8ac4-669210b90a78,CS_202,0.0,0.0,0.0,-0.30317978283427544,0.0,1.3713850826421117,0,,
440c01d0-507e-4dcc-b899-8709595bdee8,50ec1e98-78ba-40c9-bac2-590928dc2e81,CS_202,3.0,0.0,0.0,-1.0623935281468797,0.0,0.8056313391458367,0,1.0,0.0
22e95a0f-079f-4db6-8e23-03bd97f24b41,c3b05af1-794a-45e2-b2ac-5f6ce2231720,MATH_101,1.0,0.0,1.0,1.6153756894694418,0.0,0.5238120604507893,0,,
5fcfc9c3-fed1-491a-9d3c-e75667a484b9,4ff94165-58c2-475a-bf22-2ca2e43a5e73,MATH_101,0.0,1.0,1.0,-0.18047991359062565,0.0,2.1378996459755877,1,,
3e853e19-cdbc-4033-bdd6-b3199b400e49,2f6a19d7-4176-4acf-8a68-e90215cf01c6,LIT_301,1.0,0.0,0.0,-0.7084067669104628,0.0,0.13977771699224598,0,,
797a03bb-b294-4046-a39e-f57bd16a073b,de6488d6-0036-4c50-95c0-0ef03e558519,CS_202,1.0,0.0,0.0,-1.090399077442846,0.0,1.8278100955176482,0,1.0,0.0
c9034a7a-e47f-4556-bb49-c2572533f793,d3b6451e-9f80-4cba-bafc-2a08bdcca4b7,LIT_301,1.0,,0.0,-1.234348871879922,0.0,,0,1.0,0.0
a85a7594-de4a-4247-8004-05d36ea5d7a2,02354ef9-df96-4a86-804b-dd7f0d761a81,LIT_301,0.0,0.0,1.0,-0.8058700664961888,1.0,4.198799523561042,0,,
9b203ae1-609d-48c4-903c-400a8421aa53,690d90de-6197-4764-a1f6-786fb3126c40,MATH_101,0.0,0.0,1.0,-0.9193845915864234,0.0,0.044313983978938785,0,,
b936b3eb-ddcd-493b-b817-e5678b65b432,5b924d0a-5505-437d-a995-1c9a3944c3d1,MATH_101,3.0,1.0,1.0,0.6347214685617699,0.0,6.082371022221028,1,,
62ac22a8-2800-4143-89aa-0cf586daa872,5146cd59-84a5-4690-bbd2-fe4f451fc0c5,CS_202,1.0,0.0,2.0,1.2657078408647007,0.0,0.45287954109998413,0,,
ffa54811-8218-461e-8ed3-1558b7a3287e,76807d35-ee13-4ee1-be25-811a3ac2124b,CS_202,2.0,0.0,0.0,1.3175975356079597,0.0,2.126397744694441,0,,
4175fc06-5965-499d-a338-258b8d7e68cb,838c192d-adb2-4d73-ac98-193aa3585f8b,LIT_301,1.0,0.0,1.0,1.598647170504717,0.0,1.5716391357000705,0,,
3c85222f-9413-4959-ace6-dde28a7ba217,fbee69b7-139b-4289-801e-6bf2da383090,CS_202,1.0,0.0,0.0,-0.3700110298821277,0.0,3.4630281073094618,0,,
784948d7-1b57-414b-beea-94609af3f7c9,f0a9881b-90fc-4dd4-9874-849f2faf542f,CS_202,0.0,0.0,2.0,0.6713400764504657,0.0,2.000878713472277,0,1.0,1.0
5936deb5-47ac-4352-98bc-3110d68bb903,d5f73271-ae30-4b21-a124-85dba818b000,CS_202,1.0,0.0,0.0,-2.151815401329305,0.0,0.6254084119078702,0,1.0,0.0
58f5c448-248d-4bdd-ab1a-a27100a1e6b2,2479b5c6-ec5f-4b52-b33c-106dd4530f85,LIT_301,3.0,2.0,0.0,-0.692420979873856,0.0,0.813081269565668,1,1.0,1.0
0810890d-b5c4-43fc-ab7d-d2e5810c96da,5ec9b3fc-e50c-4a6a-a649-51a92302173f,MATH_101,0.0,0.0,1.0,0.23321613126350166,1.0,6.705692882415926,0,1.0,1.0
486fc519-ee76-4add-8047-adae60f204f4,f90804cb-d572-458a-8982-cf8c5518de71,MATH_101,0.0,1.0,0.0,1.3736585451629577,0.0,3.218910642808085,1,,
631a3fe9-8dd0-4d6f-8b99-b54cf55d31a3,e16b1fc4-a903-4e20-8190-aa76b1f6ffd6,CS_202,4.0,1.0,1.0,1.639964529371393,1.0,0.342224927752622,1,,
540e77ae-4dda-49c9-ab94-4500f67cb76d,2cdb135d-9630-4245-a68d-1a9923fd11ae,LIT_301,1.0,1.0,1.0,-0.9354387020445953,0.0,0.4344238637980665,1,,
ecb125b4-1ac3-4f3f-a472-5fe921c8450a,6cf6dc70-1b53-4825-ac73-d705d5034a38,LIT_301,3.0,0.0,0.0,0.4365598041576678,0.0,1.1196887015603572,0,1.0,0.0
76985c27-ae43-4775-af6c-6943317939b8,e7a05685-0cd7-4220-a99d-a84c4035bdf3,CS_202,2.0,0.0,2.0,1.6122206282554243,0.0,1.0137083028682519,0,1.0,1.0
52c5f863-2143-4d15-86ae-c404634e56b1,51aae228-90e4-4346-8a94-1589c4652fec,LIT_301,1.0,1.0,2.0,1.695051040430753,0.0,0.024462538817942497,1,,
93b3ed01-1e18-4f76-b4ba-d4d24d9ca8fc,35075089-479e-40c4-84dd-76a8701ba2e1,CS_202,0.0,0.0,1.0,0.7421274910718922,0.0,0.7415125564448649,0,,
e0e0c63b-3e98-4561-bc01-18881344115c,7619137a-634f-485a-b4f0-1b442264a5cd,MATH_101,3.0,0.0,1.0,-0.646227309843803,1.0,1.0490098230078868,0,1.0,0.0
e5c83cd8-fb27-4c5d-9789-f8eb9cb4b386,aa1889fe-f962-4147-96f2-f05e70901ffb,MATH_101,1.0,0.0,0.0,0.5514853760404675,0.0,3.577492548385835,0,,
9d8f5af8-7dad-4962-92ea-9f9415cc63f6,a1a96ec8-8537-484e-8ec0-912a4de75035,MATH_101,2.0,0.0,1.0,-2.9213504834946074,0.0,0.20052324607333796,0,1.0,1.0
f9156e73-bbf4-48a5-9e8f-b0773f8e61c7,5f8f4f6f-9f28-4d52-82dc-f242be2d128d,CS_202,2.0,0.0,1.0,-0.4827435221820324,0.0,0.9966685537683462,0,,
73b35a1b-3a09-4140-8365-ee59273addb4,560197a4-1952-4260-bd5a-05a857027f5f,MATH_101,0.0,0.0,1.0,1.732514999485092,0.0,4.5141929201180115,0,,
39be8d9a-213e-4dee-94a2-35961eaf9134,7a89e93e-af5c-4966-9e1b-362091121ee8,CS_202,1.0,0.0,1.0,0.8108082731597821,0.0,0.21493235284125525,0,,
5098e62b-42c0-45b7-9264-f4c849e50312,4b557e30-bfd3-4a04-a229-ad30dd99a5f3,CS_202,1.0,0.0,1.0,0.4240610444640897,0.0,1.228452110684271,0,,
38792087-9dcf-41e3-94dc-479e95318818,281a82b9-1cef-4a6f-9226-72875f1a7409,CS_202,2.0,0.0,1.0,-0.022868062298882122,0.0,2.9009981470242807,0,,
db5bc281-dc74-40fc-bf22-cdd6cf8e22b9,acad20ee-89cc-4e1d-9a26-c8d6b91a9acb,MATH_101,1.0,0.0,0.0,0.9503075919735757,0.0,0.9701696856981685,0,,
63c31547-7f6c-415a-98fe-4d63e47f20d7,d96a40ed-c8cd-4d3b-b3f0-f894caebde62,CS_202,2.0,0.0,2.0,0.4676931717654332,0.0,0.34980854025643787,0,,
1e6b11f4-5447-4d58-9f61-4a55716f1c86,cf0e6685-bb9c-40fb-abf3-5b5d27552bb7,CS_202,1.0,0.0,1.0,-0.13744851462769186,0.0,1.6090831747996597,0,,
909eb4f4-f991-4980-8cf8-8efae0b42089,f72ba474-0aa9-4cc0-9cb4-180f4d988e36,MATH_101,0.0,0.0,0.0,,0.0,0.0,0,,
962a14f6-d6ec-4edd-8f97-1e89b19a9766,be1eda0d-d386-48ce-bd62-af3e9f6c5144,LIT_301,1.0,0.0,1.0,0.324359281721603,1.0,0.7217414841186984,0,,
b763f0ce-cb06-4b1e-b537-1ed79413c9aa,0032060b-1f5c-4318-87e3-73aa3e353741,MATH_101,2.0,0.0,0.0,0.6969544045107356,1.0,2.716436372469671,0,,
33e8923c-e520-4226-bc52-bb0cab33469c,c8061a1d-067c-4839-86a4-2ff39f6fbe8d,CS_202,2.0,0.0,1.0,-0.8911922254152874,1.0,1.3195783837367603,0,,
569a0101-c675-4faa-85d1-02a8926ed9d3,6efc0989-4044-4c88-bf3b-1663279f738c,CS_202,1.0,0.0,0.0,1.1,0.0,0.0733670112226542,0,,
cc2502d4-7a84-407e-8673-72153e1cf652,e2ab62d2-5592-4795-b67e-41a367fa6f98,CS_202,1.0,0.0,1.0,1.3149144535840473,0.0,4.00934742120851,0,,
1f40c280-4a14-4fb9-bec0-72e78c43aa7a,d015e589-2391-49da-8173-a8496310e99a,MATH_101,4.0,,2.0,-1.9792998103757877,0.0,,1,,
5a1dbac9-8aea-4adf-9cbd-1aadb3f311fd,b63cbbe5-37ef-4c51-9539-b832e5a2c23b,LIT_301,1.0,0.0,0.0,1.1,0.0,1.0837172910217845,0,,
015bed9f-362e-4cb9-8048-4e78f646efd6,e3ca09fe-046d-4b70-973f-cea42625036b,MATH_101,4.0,1.0,3.0,-1.1790397911598025,0.0,0.7869598386292708,1,,
1af95871-c7b8-4fb9-ab7f-118573382d4a,eae4453e-db04-4029-956c-9479f629be05,LIT_301,0.0,1.0,1.0,-0.12853751143893075,0.0,5.864903921885126,1,,
b510bbae-dade-4c09-8b57-3f12c2176450,45504a19-9456-4b57-b9c8-10f9bf1aeda0,LIT_301,2.0,0.0,2.0,0.5866938014752747,1.0,3.2869567374587416,0,,
829a64c8-afee-4f00-b7e7-198b89e50765,de6b40ca-f63e-402d-a0ae-ebab43464cb1,CS_202,2.0,0.0,1.0,0.3230792731160291,0.0,1.7213458868909275,0,,
c6811722-6ff4-4410-8fd0-c21e28040e26,0af8c4b9-0638-407b-9592-d028a1377879,CS_202,3.0,0.0,0.0,-0.3223204692113399,0.0,0.002949818460770116,0,,
b2218712-f437-41af-8aab-d734160a6e87,0c5ef405-8939-4536-8388-4d45d84a80bd,MATH_101,1.0,0.0,0.0,-0.16882172319001063,0.0,0.02296733820852711,0,1.0,1.0
213b7bf5-31f8-4365-bd89-d9f5f1b6f52f,911cd543-ed87-46f9-ae61-e133147015ac,MATH_101,2.0,0.0,0.0,1.3404504460231446,0.0,0.9365575857042947,0,,
a84bc66e-3802-4e68-aff0-447dfe24fe2a,6d029b97-6c27-4a93-a2ef-619d83ed21d1,MATH_101,4.0,0.0,0.0,1.0299608175811612,0.0,0.8709737450452532,1,,
305f8caf-80a8-49d4-913c-d59e0f357113,4f976e80-b64e-4d1b-b064-7c69ebbc0df1,MATH_101,1.0,0.0,1.0,1.1398785611290454,0.0,4.173062565483896,0,,
663327ab-5288-4a68-9341-a3b13b697421,2d022f8f-f5d7-47c6-bab7-1fcf3fd8e7fb,CS_202,0.0,0.0,0.0,0.6153674840130534,0.0,3.290865070249198,0,,
021e1fd8-b48e-46b6-948b-6de1c8bd465f,ed5e2444-7d6e-4097-a13d-ab37dfcccece,CS_202,2.0,0.0,0.0,-1.5841359430054898,0.0,7.0587351704515475,0,,
55daabaa-de9e-4386-8904-094e473a90ab,8052c76f-5467-4fba-8b43-1b1504739e4f,MATH_101,3.0,0.0,2.0,-0.4363858905265686,0.0,6.051999913268028,0,,
2b30c9f8-ef34-426a-bb23-a25aa30adcbd,8a07c951-7d04-4173-b657-974bc0b3daaf,MATH_101,0.0,0.0,0.0,-0.2685306479058323,0.0,0.459664085742675,0,,
b2ace495-213e-47a1-9b92-143bde233857,c655fb9e-42e4-46f6-a881-24bb3451d720,MATH_101,1.0,0.0,0.0,-1.3200225112207058,0.0,0.678323341139772,0,,
4c364cd1-99a5-49a0-baf7-015dadae438a,d07e4a96-7b11-45f0-ab34-1e36812df4ae,LIT_301,0.0,0.0,0.0,0.33198033056901455,0.0,2.5058124076510992,0,,
5d958a56-914d-416e-a6e5-424d768fd72d,180f2767-9684-45b6-9bfd-12db7559295a,LIT_301,0.0,1.0,0.0,0.9191541736100015,0.0,0.583652064757029,1,,
bb0ed554-49d2-4a90-a1a8-56e70e95ed4f,48bb926f-3654-49e0-8c79-a236df085ac8,CS_202,1.0,0.0,1.0,0.31917451041918043,0.0,0.11649940764779618,0,,
a8f4bd8a-7ba5-472a-9083-66e6b7764dd7,34062841-a579-4601-a26d-3ec7a3f30b54,LIT_301,3.0,0.0,0.0,-0.30803428418574125,0.0,1.780534544578956,0,,
a90b7080-53da-4879-ac35-326aab67b54c,c0373072-10ec-4e6b-8fb1-de838e495256,MATH_101,3.0,0.0,0.0,-0.4316203127180484,0.0,2.1756247869211744,0,,
62caf2d2-ae2f-446f-addf-97aabae8b1ab,a1119f29-d2f7-42eb-9bae-26acf445c341,CS_202,0.0,0.0,0.0,1.6246784584695606,0.0,6.028957573174412,0,,
d5960bf6-7c1b-43ba-a6a6-f521ec2b6355,a4434cde-b7c4-4be0-b628-e0b85f6faaed,CS_202,1.0,1.0,0.0,1.0800480657146485,0.0,0.6639054133360989,1,,
124d84d4-2b37-4516-88b0-aa52b1d68779,9efc7a69-9e74-4253-90aa-4909e9f2c3a5,LIT_301,4.0,1.0,0.0,0.14679301198554937,0.0,0.8508994578636409,1,,
2f0b9833-231e-4687-b176-5376129da8bb,fe256ab3-828c-4237-b7b0-40ae9c35ac8d,LIT_301,2.0,0.0,1.0,1.3748764191481848,0.0,0.09190212436336548,0,,
42dedf9d-b049-4cb0-8890-d912f555f460,a4a09efe-a660-4ae8-abb2-d4b331426bf4,LIT_301,0.0,0.0,0.0,-0.6777449705248515,0.0,1.572705772704821,0,,
7ed0c785-0dfd-4699-88a0-76670445c6dc,798c0bba-7c2e-41dd-8de6-37f45702efa6,CS_202,1.0,0.0,1.0,-0.29540141013902943,0.0,2.3658455543326977,0,,
01a386d5-ef37-4478-acb9-a567607f8913,b6f8c4af-411d-4a64-815a-cbc6756e0a78,MATH_101,4.0,1.0,0.0,-0.1601327955666404,0.0,2.226309937390083,1,,
60f4161c-a28e-4211-a28d-ffec129631a5,d90d43ed-d633-4c5e-8654-fc605b8a3fe3,MATH_101,1.0,0.0,1.0,-1.563190808696657,0.0,0.5780362845575456,0,,
eae7e38e-6a1e-47f3-a33f-0e3cf8629ec0,30d2a165-13df-4d6e-918e-f2bf775855ac,MATH_101,3.0,0.0,0.0,0.5010941699398452,0.0,3.3979392020186507,0,,
ceb9feca-0ed4-4d7e-b4dd-fad1231126d8,266de703-2d8e-48d7-b05f-705d5fb01908,LIT_301,1.0,0.0,0.0,1.1484457091967548,0.0,1.4102691168196353,0,,
04f938f3-a540-4c19-bbcc-f3e6a04b4ba4,1ef6b59e-57b2-4982-80df-8bf540544aaf,MATH_101,0.0,0.0,0.0,-0.7877837519082389,1.0,2.4446865612079685,0,,
9c5dfd51-dd13-4f7b-9a5b-71e6f5ca4622,14f7d2c2-d42e-4ace-aefd-d494e8ff00bf,LIT_301,1.0,1.0,0.0,-0.22485598180807856,0.0,0.15718534897710215,1,,
cf9ac94f-01ce-450f-a85d-18ec7327e745,8ec2cdae-f40d-41ec-8904-a4e7542524b3,MATH_101,1.0,0.0,1.0,2.6443433470170348,1.0,2.129429018240246,0,,
f1e53c6c-6270-46f2-aca1-138b886eb3ec,e6c6820f-0329-4572-bf2c-89190293bbe0,MATH_101,1.0,0.0,1.0,-0.8432465953161917,0.0,3.1859621166212815,0,,
37e9ce9a-d93c-47e8-ac92-5e1401cdcdd8,d53dc61e-9f14-49d0-9d2b-ff1565545a98,CS_202,0.0,0.0,0.0,-0.6706202090766449,0.0,6.320318519001087,0,,
6c11dec9-99b2-4907-85a6-7ddd3ea448b5,79bf4e13-7862-445c-ba8c-7e3292de211f,CS_202,1.0,0.0,0.0,1.1,0.0,4.10231520740062,0,1.0,1.0
82962c80-af3e-432e-b38f-d069ddde6aba,52ae0f45-39ee-406a-9317-a7bd5bbb484e,MATH_101,0.0,1.0,0.0,0.42359906559346105,0.0,1.087551786994988,1,,
71ca8c63-6866-4018-97df-11be527a24a7,903effd6-4d24-4fc5-b503-1330361c9055,MATH_101,2.0,0.0,0.0,-0.10594835430413566,0.0,1.0541507215946502,0,1.0,0.0
59933a33-077c-4b57-a5c6-b3f66a517e61,f0088c77-b88c-473a-bb74-f834826f68f4,CS_202,1.0,0.0,2.0,0.12267031599479553,0.0,5.012499985674345,0,,
1fb7d097-b0aa-4aff-b5b8-0037933632b0,35ec2837-1724-4b1e-9688-9bac79b1b9b8,CS_202,1.0,0.0,3.0,0.5112025995249807,0.0,0.3950871203199098,0,,
70d9a77a-3926-4e03-a046-fabb282c8cbe,af28378b-3453-4fb6-af58-9ca790e37282,LIT_301,2.0,1.0,0.0,-0.46531045678005334,0.0,2.8915854234776024,1,1.0,0.0
0409e1fd-e1d8-4cd1-b82e-f9013bd1ce7f,daf3c851-95bb-4503-bb24-603c14a0e75d,CS_202,0.0,0.0,1.0,0.11327041053776446,0.0,0.49911053778105025,0,,
6f6718f0-4f37-43a5-87a1-94a5f3d892dc,548d6040-0dc3-4ad5-b090-e93e5d01d9e3,LIT_301,3.0,0.0,0.0,-0.6117690909052854,0.0,0.7328059290589237,0,,
84f448b8-baf8-4355-8733-38ae0a6de23f,7a40eeb2-a65e-42f5-aea0-0a4232eca060,CS_202,0.0,1.0,0.0,0.7796605322693398,0.0,1.9001691557042915,1,,
f9cbf992-d675-43d2-b8c0-5f84e759da28,25abdc67-0338-4e1b-b3ca-a0e2914d41a6,MATH_101,0.0,1.0,0.0,0.28328787154614216,0.0,0.9270604799335608,1,,
2cffaf87-63ac-4c2c-a28d-b20e998e40fe,408658ed-c24e-41c9-98b8-977314a6a33f,MATH_101,2.0,0.0,0.0,-0.9533286082587124,0.0,2.8070029019906837,0,,
8f2bd541-1bee-4ffa-b138-b248a4d2529b,84d80592-a423-421e-b836-86254502a441,LIT_301,0.0,0.0,1.0,0.9751976297824297,0.0,2.4406855282395963,0,,
89ffbb46-df8b-47c7-be8b-c161efb7c0e8,73ef2b0a-febf-4258-a6dc-f936c58da5e8,LIT_301,4.0,0.0,0.0,0.23836898273478513,0.0,0.5356893620974138,1,,
bb06f3cd-1ca4-47fd-84bb-9cf445407e18,338d1581-0d23-4fec-98d5-23de04673d64,LIT_301,1.0,0.0,0.0,-1.616310608436588,0.0,0.35594685588030345,0,,
db042844-e479-41c2-ba8f-d3c41c46ebb6,9e9d6dc4-952a-4b64-96a8-3840b03b4908,MATH_101,2.0,0.0,0.0,1.1070806692869728,0.0,1.4424944870901517,0,,
14265722-071a-4fac-a0a8-e48a57068ce6,8bec8335-6040-4799-a428-9b5fd76ece3e,LIT_301,1.0,0.0,1.0,-0.5047749212282174,1.0,1.077647300426542,0,,
51b3636f-007d-4f23-84ae-4f388f52aebd,19e20e6f-ddef-4807-970c-7d98e8c06511,LIT_301,0.0,1.0,0.0,-1.4382779783173667,0.0,0.0794159874277333,1,,
6ff79903-5d62-4b22-96b2-b4ac111afc81,af2c9f88-d227-45ae-a2a3-412bc7e78039,MATH_101,2.0,0.0,0.0,0.29875290836568624,0.0,0.4253791345688852,0,,
7a571900-4484-4546-a6fe-b6547510b5a1,54610ceb-2f6b-4a02-a667-f3d3f6960ef7,LIT_301,2.0,,1.0,-0.643549832317462,0.0,,0,,
e9a67e68-41a8-4410-aca3-77706654d7ca,9453cd08-99b1-4511-9385-87fccc2df498,CS_202,1.0,0.0,1.0,-2.172669546014036,0.0,0.9217889523745135,0,,
f69a73ce-9d2c-49b9-91a2-1d56c833db80,41a64e7d-b364-46c0-9122-f4478887be13,MATH_101,1.0,1.0,0.0,-0.4108142879545848,0.0,1.139748065066691,1,,
1880f153-882a-4712-9ac4-b63e5b5607fc,0e8854b1-66be-4c9a-a660-62d71ad8a068,LIT_301,0.0,0.0,0.0,-0.5487249077409615,0.0,0.336431693726194,0,,
393fd18d-2e49-4145-a4c1-a9e72c771c7c,c47e8068-4744-4b7d-87d4-ade00ffa86b9,CS_202,5.0,0.0,0.0,2.0574954697116987,0.0,0.6818420646540689,1,,
495e25e4-2f18-45d2-872a-7a6c6f775394,edc179b4-4016-43fc-85ea-a5094fe0a884,CS_202,0.0,0.0,1.0,-0.42930222451725997,0.0,1.9419820102765224,0,,
23c4a26d-ae1c-47c4-9484-d1020104a669,d0ccce07-b417-4d34-b788-fd074f0b9764,CS_202,0.0,0.0,0.0,-0.1758858124323366,0.0,1.9609871499531324,0,,
72f9166c-3e10-45be-9e40-f0b331f75c01,13655377-ccad-4842-8572-b4d75b7776a7,LIT_301,2.0,0.0,1.0,1.3171150673398653,0.0,1.5491247211418475,0,,
d4c116cc-ca0c-4c37-90d1-817bc8e9c7b6,80b6b4da-dcee-4bd7-b87f-19ed949f5dc1,MATH_101,2.0,0.0,0.0,-0.1343087414705478,0.0,7.545126951371329,0,,
7d1f8f12-ff68-463f-b941-ea1f12c3966c,7facaebe-7df5-47f0-8472-c5bb5d109d78,MATH_101,4.0,0.0,1.0,-0.29548031802916036,0.0,1.9183109135951566,1,,
74a644b4-76fd-4759-8959-13b92c88a370,48952434-7139-4b2b-ba6e-d40fec5930b1,LIT_301,0.0,,1.0,0.5087250232299338,0.0,,0,,
5de52f10-6d28-4072-a01a-0d6b165d3af3,6f0afee8-311f-41fe-94ad-977e221c380d,MATH_101,0.0,0.0,0.0,-0.2595466775839172,0.0,3.9565285417431437,0,1.0,0.0
25bb9075-f129-45da-8e0d-d4be14eabc10,a020ae1f-944d-4c8b-9f6a-78164727dfd0,LIT_301,0.0,0.0,0.0,0.9039348410861953,0.0,0.059207319604504274,0,,
08e59ce2-cee9-413f-b24b-b3d5af7df05d,cdcd9750-2225-4cc8-939f-0216d24948d9,LIT_301,2.0,0.0,0.0,-0.03703679704841202,0.0,0.8706896993582343,0,,
fa66aa05-206a-42e3-b02b-24774d3def5b,d82b38f0-535b-482b-8b6d-a1cad9e7b2b5,CS_202,1.0,0.0,0.0,1.1,0.0,0.19316935264161353,0,1.0,0.0
fa14ba1e-3ea1-45c4-967e-e7139236a0ab,6e8bf67b-f7ee-4cf0-9d4e-0241212ceacc,LIT_301,3.0,0.0,0.0,-1.072139011985607,0.0,2.6102506112527943,0,1.0,0.0
254b8546-8d5a-45e1-b80a-99c56490745a,247da554-1d75-4502-a225-733d66eed7cf,LIT_301,2.0,0.0,1.0,-2.703232292999237,1.0,0.10610277608512328,0,1.0,0.0
58d4e775-e66b-4fe3-a56a-b8f3dee9a15c,525d77e4-998d-42bf-a6fc-6d86cadb4a77,LIT_301,1.0,0.0,0.0,0.23924686411114954,0.0,0.6917048962922712,0,,
8058ce2e-85ec-409f-ad63-78914ea1ad4a,58633775-004a-4742-872d-c3da57864536,LIT_301,1.0,0.0,1.0,0.8080577982811451,0.0,7.681775244505231,0,,
14a0708f-7926-44bc-ade0-c909855715a3,05cc948f-2e8d-44e6-b170-09b475fea357,MATH_101,1.0,0.0,1.0,1.6122782579886454,0.0,0.28247062022898545,0,,
1bd8f0fb-0d8c-4bee-af1c-e433b95e54d1,f7bc90c7-fef1-473d-be91-900d7e7a7df4,MATH_101,2.0,,0.0,0.02131164867194222,0.0,,0,,
59f8989f-72b0-4168-86b4-5406b3a0335e,cd7cf084-8c84-4ff5-9beb-b3afbceefb2b,MATH_101,0.0,0.0,0.0,-0.25879606266710237,1.0,5.397502386392768,0,,
8f7d2f9d-b655-4e41-b2be-d4ba9cef4e77,3a792c28-9ca3-41a5-9b5e-2c6eca9536f7,MATH_101,0.0,1.0,0.0,-2.5302875227463297,0.0,0.7163409171392776,1,,
23034352-f861-4cbd-a916-f8dea3560604,f74636f7-2dfb-40aa-af93-3e20de7853ff,LIT_301,3.0,0.0,0.0,1.2171585208254965,0.0,2.613819142149375,0,,
92c77f31-c9b1-4362-bd0e-76436039f587,0e7e0647-e6d5-42b7-867c-5ae788846c7f,CS_202,2.0,0.0,1.0,0.2871241652018242,0.0,2.254185804892322,0,1.0,1.0
ed3bf9d4-ed82-444b-ba23-e7c8a58c4fa1,34ab6d54-48a9-4bfc-ab28-364774b6df9d,LIT_301,1.0,0.0,0.0,0.36150352520610163,0.0,1.8832551163836395,0,,
49a5d1fd-0ed8-4c41-b427-14b45256fe74,fb76d522-608e-4076-8c0e-3a60a1c98d18,CS_202,1.0,0.0,0.0,-0.35316629281068834,0.0,3.6136559977619394,0,,
0cdc5640-aa9d-44e4-a251-ca70a1852005,e80ccfcf-2e11-4a31-8688-05c9c668a235,MATH_101,2.0,1.0,0.0,0.043602446372453724,0.0,4.7307742024201485,1,,
addcdf42-2eeb-42c2-be06-2b5cdac1696b,53648b29-1888-4c43-ab4f-af9a83964e13,CS_202,0.0,0.0,1.0,-0.955122579349353,0.0,4.461612458394614,0,,
f441973c-6860-4598-a1aa-f4903869033b,b0752adf-ad64-490c-a1db-ec46ad20edfd,LIT_301,2.0,1.0,0.0,1.9389289990582848,0.0,2.1635944408258485,1,,
d21fe481-8624-4b77-b97e-d0e6daabebcd,4120f4a2-2895-49e0-a04c-74846fd06e65,CS_202,2.0,,2.0,0.2671266510114834,0.0,,0,,
1e8a4fa5-85d0-4571-90a2-e4f2e28d35ba,c42bd98e-2457-45db-9e0c-706fa13d0104,CS_202,4.0,0.0,0.0,0.17958178193959795,0.0,0.36621486062588937,1,,
5ce604e4-8196-46b3-84a1-2c4d9e132020,ef2adc70-3542-4621-87e8-7702b76ea1e3,LIT_301,1.0,0.0,2.0,0.840620026504553,0.0,1.4784248818677461,0,,
3848e920-9ff6-4fa9-93e7-3ef60f78382f,be357e43-2fd8-40ec-9f4e-e8422084c169,LIT_301,3.0,0.0,1.0,0.0754336389015928,0.0,0.6851088810554417,0,,
52cc44dc-b47a-48a9-adc8-8a59b49a6c1d,9cb38b8f-2de4-40de-94e2-577021f83eb3,MATH_101,1.0,1.0,1.0,-0.9037018607301281,0.0,1.0985411587744511,1,1.0,1.0
f48383ad-f0ad-4ca7-b202-dded0c602dd5,b5c3c2f2-0c73-498e-98e8-9d934e8a259a,CS_202,1.0,0.0,0.0,1.41093237974627,0.0,1.9544649426011678,0,,
f4d8d608-41ca-4865-9f95-d45d43103f33,a0d3ce02-014b-4ff5-a485-cd24b0805010,CS_202,1.0,0.0,0.0,1.1,1.0,0.5710584063926764,0,,
f3e4884e-7ca0-4d75-a82e-c9a1be1d9259,c72498a6-c4bb-4b2c-a477-9ddd0617ba8a,MATH_101,2.0,,0.0,0.793488720552213,0.0,,0,,
a6ee578d-4bb7-4693-b489-f307b86d4e60,7d08e1b1-31c4-479a-afe1-c601b924d56c,LIT_301,4.0,1.0,0.0,1.395683810789956,0.0,0.5542020460528032,1,,
5456f3e3-04fa-4303-8488-dac7bec4eb4f,f8263dc0-d4b2-461f-ab28-7ae385b83194,LIT_301,2.0,0.0,0.0,1.8732977762175456,0.0,4.031361963741445,0,1.0,0.0
de3cd19f-5bd0-46d6-b085-826f5ae5dd35,aa2c8771-0a05-4df1-8c02-b0ad558b5b90,MATH_101,2.0,0.0,1.0,0.2603218387712207,0.0,2.232293228925945,0,,
680b53ad-19cc-4703-9f18-8d56a9885fde,9d9a97d3-e851-49c6-8f7c-13087802b8cf,CS_202,0.0,0.0,0.0,-1.830632896856457,0.0,3.970306984861358,0,,
935792c5-d084-4088-9f64-4a993c5757cb,c40aecaa-9b7a-4e45-b7ce-413ee78e4fb9,LIT_301,1.0,0.0,0.0,-0.4263575962055433,0.0,0.21473323740758357,0,,
25598f83-a4c1-4379-a3f0-fdb5741c90ac,46dd79fb-31c1-4b94-a404-c018ce23f35e,LIT_301,2.0,0.0,1.0,1.1731246375866413,1.0,1.4739850823934304,0,,
e40ed37b-3e12-43a7-9abb-0e91d9f90d5e,ed8c1eac-f87a-4a2d-ad8c-0f508479ccd2,MATH_101,2.0,0.0,0.0,-2.3629324355418384,0.0,1.3112795092716114,0,1.0,0.0
72d2f1d4-9238-4e4e-a618-453f154add44,90c265be-6c98-492a-8f12-efa1aca19297,MATH_101,1.0,0.0,1.0,0.16865467196672768,0.0,0.7056242294367189,0,,
2d8446df-24c3-4908-bd6b-787da9d4eb52,e8583165-5c69-4667-b65d-fffc1b4c4250,LIT_301,4.0,1.0,2.0,-0.7517910500951843,1.0,5.007911963579374,1,,
79e81a43-5c63-439b-8f60-793ef7c5d0ab,cb4a7272-a0ed-4a63-b3f4-ab533542bedc,MATH_101,3.0,0.0,0.0,-1.0909664302151982,1.0,0.5987311649906385,0,,
491d5b73-2ec9-42a0-99bb-cc1cc0fefdbf,6579b78f-9c75-4f92-92dc-a8cc0d2d9d93,CS_202,2.0,0.0,1.0,-1.803139676255945,0.0,0.3953529213510226,0,1.0,1.0
3b0e704c-ca5c-4b94-8853-b57d975da939,dfee5714-8f1e-4117-a5f3-7b22119f01d8,CS_202,2.0,0.0,0.0,-0.2860042218801108,0.0,1.3968471229352586,0,,
2cf5daeb-52d2-4a50-803a-2d24659cfb6c,bd68dc21-045d-45e6-af60-c4091a69d243,LIT_301,2.0,0.0,0.0,-0.12038116395359824,0.0,1.422176549979631,0,,
e55eadee-ecb2-4dcd-8735-7d03ca3de6dc,7fcf746f-3461-4f8e-a618-12a37bbf539d,LIT_301,1.0,0.0,1.0,0.6191542610051978,1.0,0.25226650687391683,0,1.0,1.0
6c501227-1158-456e-abd0-fab383943d3c,4950303f-1501-48e0-9cea-d8bbf18b2bd4,MATH_101,2.0,0.0,0.0,-0.08836295920533532,0.0,3.270437998976395,0,1.0,0.0
e11514ae-a3d9-45f0-a0f5-b82a04f5c528,a868a610-921d-4644-9813-1124917a2153,CS_202,0.0,0.0,2.0,1.2969945465611092,0.0,0.273626231693328,0,,
e5ec1b0e-a2e5-42c5-b1c3-c71ef2549b0f,8f5e6350-56ca-4033-b12f-9806be6c927b,MATH_101,1.0,0.0,1.0,0.42719436187168486,0.0,2.2795679726983553,0,,
55814edf-29a8-428d-ac61-faa67c7ef435,01699265-ac76-47bc-98d0-62cfc6bf1bf0,CS_202,2.0,0.0,1.0,0.3696421921980939,1.0,0.14182954717407414,0,,
e0f61f4c-f402-43cc-a129-5230c70a78c6,82d0c6b0-f686-43ce-bb22-0e90eb272ca2,CS_202,1.0,0.0,0.0,-0.24125765461854246,0.0,1.8403659903244876,0,,
428a4d37-5ab1-4e5e-bed7-d5009004a8dd,fdf1ef5f-a56a-4e1b-afd2-0e88ce27dee9,MATH_101,4.0,0.0,1.0,0.4523717962497339,1.0,0.41192375494866157,1,,
a9704480-7c6a-4db9-bd4a-a5a73eb4ce76,6d9746cf-1e8f-410b-b2d1-101fc7196016,LIT_301,2.0,0.0,0.0,1.8998819348952156,0.0,2.506495320377518,0,,
eca75119-322d-4a9e-905f-91dc2ea10589,a70a4a0d-d8ae-447d-b5bd-d6f8d410909c,CS_202,2.0,,0.0,0.9983108981479604,0.0,,0,,
72b66656-b788-4cf7-a265-96bb108620e3,89ff9eba-48e0-4cbc-883c-f23957f9509e,CS_202,2.0,0.0,0.0,0.28869362927985703,0.0,0.4178418623425931,0,,
d514a2cb-314a-4077-b675-d60f2fa39e60,d71b9429-0631-44fa-84f0-055275c62710,LIT_301,1.0,0.0,0.0,-0.796025856803489,0.0,0.21377424410872728,0,,
aaf3eb76-2cef-4d82-9f34-a8a3097586ea,2dde7c21-e33b-4a03-b64a-7b46408aec5c,MATH_101,2.0,0.0,0.0,1.5213160519224513,0.0,6.813153637805498,0,,
a0d0c915-7b78-4f50-acab-4c95bf144360,41ebbeb5-c345-4a15-a54e-241133fb5bad,LIT_301,1.0,0.0,0.0,1.1,0.0,0.4469922715986941,0,,
f56915ea-2fc2-40ce-a37c-dee5f380a018,bab4b298-73b3-46bd-a2b6-7ff72b235d64,LIT_301,0.0,0.0,0.0,-0.4036484632419967,0.0,5.854522233888301,0,,
8eb9f8f9-d44d-48f2-b598-9d7b4c9a7031,1e071b93-7eb0-44fe-ba7f-65d9abb84f9e,MATH_101,1.0,0.0,0.0,0.6725737012027313,0.0,0.7035451382092704,0,,
b19289a2-6021-4040-a03f-98e72e1dac65,ffc15ca5-2e08-4e6e-a658-ea2d2a0caa15,CS_202,2.0,,0.0,0.02421945667275807,0.0,,0,1.0,0.0
1f9dc0a9-0bd9-434c-8db2-ce71d57ad88e,b5572f6a-fa7b-4662-8c7c-0f1ee6434641,MATH_101,1.0,1.0,0.0,1.8381836767951225,0.0,2.415759931969776,1,,
977d175f-ebee-4eb0-9245-aa790c8c1f57,e2f95eb3-e082-4290-bc9d-648693192723,CS_202,2.0,0.0,0.0,1.9583474542205939,0.0,1.3509907071279492,0,1.0,0.0
6066aafe-4743-4960-988a-8d484fca22de,873fe6b7-cb69-492f-b541-e90c08f09be0,LIT_301,1.0,0.0,0.0,0.5008444749444569,0.0,1.211538292842597,0,,
fbff1c09-e288-4ba9-83ac-6337211fbbe0,2c09e1f1-5f45-4202-925b-e2cd9229fa80,CS_202,6.0,0.0,0.0,-1.5708761520684993,0.0,1.7562994227461635,1,1.0,1.0
3d1abcd7-714c-4ad1-a30d-2590b5a083eb,37f943f9-a11f-4410-850b-ac9a3395c9cb,MATH_101,3.0,1.0,0.0,-1.2295495944524168,0.0,5.2376249022491566,1,,
9a036f64-acb8-4b2e-916a-551b600aaad5,79ecc874-e2dd-429b-9c6d-068123b035b5,LIT_301,2.0,2.0,0.0,-1.19363683175648,1.0,1.7489835021813425,1,,
98f5b699-780d-45e4-b216-1de7cb213307,e8c89083-20bb-4776-8357-506287bebd9e,MATH_101,5.0,1.0,0.0,1.4122205554154292,1.0,0.4580217334320902,1,1.0,0.0
a59099ed-415f-4942-ba37-90611b61c8ee,8814cdf0-0449-4537-98d2-18d25680d3d0,CS_202,1.0,0.0,0.0,-0.620847598251116,1.0,1.1158391226447246,0,,
d239173e-f40b-42c3-8e5e-f5ebb7f1e15e,4077e5ec-3dad-4a1d-a865-e4fa498ebbd8,MATH_101,0.0,0.0,0.0,0.07685188295876821,0.0,0.16020759771989018,0,,
b4eba32d-638c-4b6b-8cfe-fd92586946d6,29034675-f871-47d4-8474-c824dcdc2a6f,CS_202,2.0,0.0,1.0,0.33848384346169114,0.0,0.8075062481257752,0,,
0495b75f-2280-4b2d-bd88-abf57457e368,6f7c3a1c-6c5d-4043-8fa3-7d0d65c2dbb6,MATH_101,0.0,1.0,2.0,0.8950383140761154,0.0,2.438541297406312,1,,
c8b03996-e3b4-42c7-84d8-2979d0fb90ad,4c2c4225-d03f-4aff-ac7e-daffd313165b,LIT_301,1.0,0.0,0.0,-0.987179527151184,0.0,6.917907138612631,0,,
c5eb3d5d-fefd-4a41-b3c1-18623ad6c688,cdf46417-5332-4f23-b59e-c0a7866f8bd3,MATH_101,0.0,1.0,0.0,1.3043402428781525,0.0,0.19439999147721998,1,,
bea1453f-a400-4cbc-9380-7974e7a749c3,c972ed90-70e0-4272-920b-08b0d06db8a4,LIT_301,2.0,0.0,0.0,0.2011596558728393,0.0,0.40084226328327965,0,,
166bfbc6-2629-4977-9cf0-36bd661d5fbd,3f726010-04d0-4d48-9d5e-4544fda8c627,MATH_101,2.0,,0.0,-0.5924642591528942,0.0,,0,,
c0563b16-992e-4381-b405-9481f7c043bc,90c4be01-0637-411c-af4a-2050748ff01f,LIT_301,1.0,2.0,0.0,-0.18289644110484016,0.0,9.997912151804702,1,,
bdd12de9-f554-4671-b0eb-3f0211d406e2,25c2e20b-aefd-45f6-a4a3-e9229a5fd2ef,LIT_301,3.0,0.0,0.0,-0.8463566549908735,0.0,2.8440607370986966,0,,
ebae3212-90e7-4efe-b46e-c5096596014f,fb4c2e90-cae6-41a5-80cf-57275ede82d6,LIT_301,1.0,0.0,0.0,1.1618783026081905,0.0,7.030330315879624,0,,
f19463ce-8e2d-4883-8204-726c7b9afc5e,149a2ec6-35c8-4a55-8f5c-1ba4c5a79dae,LIT_301,0.0,,0.0,1.3924653000643288,0.0,,0,,
5870cbe1-858b-48c5-9d4c-3ae9ce7c9452,66dff0a9-ef67-4161-a756-7a242b63b04b,CS_202,3.0,1.0,1.0,-0.31905393566661816,0.0,2.780121276197348,1,,
ce370190-1cbe-4686-b859-4ef356950510,7caace55-297d-4000-bcf2-bbedce952672,LIT_301,2.0,0.0,0.0,-0.2500465145989528,0.0,3.6626845470288836,0,,
6c637802-437d-42d2-bbf3-0963c1990654,32a178b8-3001-48f7-a2b5-6580a4fe8484,MATH_101,2.0,0.0,0.0,0.0678555105274033,0.0,1.1475812196301753,0,,
ebae3212-90e7-4efe-b46e-c5096596014f,fb4c2e90-cae6-41a5-80cf-57275ede82d6,LIT_301,1.0,0.0,0.0,1.1618783026081905,0.0,7.030330315879624,0,1.0,0.0
efd8b10a-9835-4504-a7a7-10b81e0a94df,03bdd2b0-d271-4296-9afb-99c52140fcba,MATH_101,1.0,1.0,1.0,1.9011906857530074,0.0,1.1313343680919619,1,1.0,1.0
eb679d8a-8603-484c-a799-cc0a3671d23c,870f57e9-cc08-44d9-8260-63030f0259c9,CS_202,3.0,0.0,2.0,-0.2523535021262876,0.0,0.883598001298828,0,,
49147e7b-ae51-477c-8776-87da322df7db,e943cd99-6f09-4676-b21a-d7f088cc425f,CS_202,0.0,0.0,0.0,-0.535963445114048,0.0,0.8177732725404557,0,,
2ff7e801-6ae0-47b4-a978-cd0ba7b1ba4d,99c6b107-d0ff-4479-ad3e-3b6a555b0b0f,CS_202,1.0,0.0,1.0,-0.9993022322949108,0.0,2.3269646100864647e-05,0,,
1c33288b-dc30-464e-8b5a-8673b3332a2b,d831221a-58b5-4b54-a42a-e219183f9420,CS_202,0.0,1.0,0.0,-0.47383934707091613,0.0,2.639017793398541,1,,
81b05ab6-3020-49e6-8625-09ec382f4bd4,9c4018b8-8a41-4f6f-87b3-4171a9b7fc2f,MATH_101,1.0,0.0,0.0,3.193107567844861,0.0,0.5499237377770193,0,1.0,1.0
6aa3ce40-146a-4fb6-9957-3119360c2329,e290c99e-a748-4665-b49a-0b4f6c76cc44,MATH_101,0.0,0.0,0.0,0.40981865692851255,0.0,0.616657205618876,0,1.0,0.0
50b8c514-cc77-474d-90e6-2b63372073b5,303c17e5-9e86-4b24-bdf1-dbc8801e4ba4,LIT_301,1.0,0.0,2.0,0.018849622944847662,0.0,0.6223163933391319,0,,
